cname,scanNum,TIC,startTime,RT,endTime,precursor,precursorsection,area,height,width,dheight_left,dheight_left(%),dheight_right,dheight_right(%),delta,keyion,keyion_observe,rel_abundance,x,y,fitting,R2,formula,max_y
0,1034,24887592.0,2.1327947,2.4860455,3.4949374,498.26315,498.25817-498.26814,707642566.5768528,59083541.868774414,151,59002228.68914349,99.9,59024930.190207034,99.9,[0.86],"[301.2173, 327.233]",[301.21756],[40.95832],"[2.0285861 2.0375721 2.046609  2.0555465 2.0644512 2.0734384 2.0825037
 2.0915996 2.1004795 2.109382  2.1183486 2.1273878 2.1364674 2.1453253
 2.1542871 2.1632242 2.1722513 2.1813261 2.1901971 2.1991596 2.2081195
 2.2172242 2.226318  2.2352196 2.2441878 2.2531759 2.2620554 2.271003
 2.2799457 2.2889132 2.2979299 2.3068342 2.3157816 2.3247267 2.3336882
 2.3426992 2.3515267 2.3604466 2.3695621 2.3784873 2.3874555 2.3962665
 2.4051379 2.4142992 2.4231784 2.4321347 2.4412301 2.450133  2.4592663
 2.468133  2.4769742 2.4860455 2.4951168 2.503958  2.5128247 2.521958
 2.5308609 2.5399563 2.5489126 2.5577918 2.5669531 2.5758245 2.5846355
 2.5936037 2.6025289 2.6116444 2.6205643 2.6293918 2.6384028 2.6473643
 2.6563094 2.6652568 2.6741611 2.6831778 2.6921453 2.701088  2.7100356
 2.7189151 2.7279032 2.7368714 2.745773  2.7548668 2.7639715 2.7729314
 2.7818939 2.7907649 2.7998397 2.8088668 2.8178039 2.8267657 2.8356236
 2.8447032 2.8537424 2.862709  2.8716115 2.8804914 2.8895873 2.8986526
 2.9076398 2.9165445 2.925482  2.9345189 2.9435049 2.9525248 2.9615256
 2.970531  2.9795623 2.988606  2.997682  3.0067185 3.0157352 3.0248415
 3.0339007 3.043007  3.0520845 3.0611216 3.0701695 3.0792653 3.0883877
 3.0974402 3.1064683 3.1154564 3.1245081 3.1335616 3.1425758 3.1515651
 3.1606439 3.1696769 3.1786678 3.1876623 3.1966392 3.2057269 3.2147678
 3.2237928 3.2327894 3.2418103 3.2510934 3.2601981 3.2693023 3.2784154
 3.2874394 3.2965929 3.3057987 3.3149919 3.3241311 3.3331862 3.3423923
 3.3514696 3.3605603 3.36958   3.378505  3.3877881 3.3967467 3.4056711
 3.414545  3.423369  3.4324832 3.4413648 3.4504008 3.4592408 3.4680446
 3.4770923 3.4859613 3.4949374]","[1.42705451e+02 2.29177057e+02 3.65781327e+02 5.75765339e+02
 8.97005627e+02 1.39101616e+03 2.14615477e+03 3.28643676e+03
 4.93885157e+03 7.36612562e+03 1.09224302e+04 1.61042972e+04
 2.35740214e+04 3.38948102e+04 4.85190103e+04 6.87835250e+04
 9.69961465e+04 1.35810928e+05 1.87099787e+05 2.56373562e+05
 3.48210615e+05 4.71060117e+05 6.31315016e+05 8.33577475e+05
 1.09336460e+06 1.42244298e+06 1.82884988e+06 2.33556607e+06
 2.95645080e+06 3.71228189e+06 4.62620640e+06 5.69967204e+06
 6.96854517e+06 8.44564885e+06 1.01505172e+07 1.21048841e+07
 1.42612580e+07 1.66863971e+07 1.94169621e+07 2.23266822e+07
 2.54665668e+07 2.87353324e+07 3.21749441e+07 3.58363150e+07
 3.94371504e+07 4.30603131e+07 4.66621867e+07 5.00416105e+07
 5.32836437e+07 5.61425923e+07 5.86447641e+07 5.90470803e+07
 5.82863546e+07 5.66427067e+07 5.42297808e+07 5.11951497e+07
 4.76541436e+07 4.38163307e+07 3.98106790e+07 3.57787653e+07
 3.18436174e+07 2.80896633e+07 2.45832124e+07 2.13587655e+07
 1.84329773e+07 1.58182859e+07 1.35238563e+07 1.15366411e+07
 9.85109288e+06 8.42839236e+06 7.23099301e+06 6.22344512e+06
 5.36732493e+06 4.64003643e+06 4.01789452e+06 3.49165340e+06
 3.04637687e+06 2.67334688e+06 2.36319249e+06 2.10279234e+06
 1.88394596e+06 1.69375317e+06 1.52834782e+06 1.38179447e+06
 1.25318501e+06 1.14031001e+06 1.04392357e+06 9.62270609e+05
 8.91228769e+05 8.30507758e+05 7.77693946e+05 7.32289761e+05
 6.95034832e+05 6.64695896e+05 6.41038007e+05 6.21345341e+05
 6.04581124e+05 5.88801775e+05 5.74249227e+05 5.60425286e+05
 5.46483051e+05 5.32425956e+05 5.17828370e+05 5.02863965e+05
 4.87316103e+05 4.71191854e+05 4.55057100e+05 4.38712467e+05
 4.22979093e+05 4.07610521e+05 3.92590551e+05 3.78272476e+05
 3.64654010e+05 3.51498938e+05 3.39226203e+05 3.28437785e+05
 3.18927641e+05 3.10512839e+05 3.03354661e+05 2.97615079e+05
 2.92882440e+05 2.89068975e+05 2.85406042e+05 2.81480261e+05
 2.77122185e+05 2.72096858e+05 2.66033816e+05 2.59178898e+05
 2.52022763e+05 2.44219642e+05 2.36737458e+05 2.30291871e+05
 2.25886994e+05 2.22940883e+05 2.20743204e+05 2.18363224e+05
 2.14729046e+05 2.09938617e+05 2.04040468e+05 1.97632135e+05
 1.91824677e+05 1.87007237e+05 1.82517936e+05 1.78186026e+05
 1.73366351e+05 1.67693078e+05 1.61074625e+05 1.53336495e+05
 1.45457541e+05 1.36779205e+05 1.27859686e+05 1.19293359e+05
 1.09997946e+05 9.98295902e+04 8.91242344e+04 7.73160287e+04
 6.53377989e+04 5.43843316e+04 4.49588243e+04 3.72804573e+04
 3.07297678e+04 2.47508443e+04 1.91706013e+04 1.37581065e+04]",1,0.9980937685912303,,59047080.32273286
1,1306,11264506.0,2.6741611,3.0611216,3.5839923,498.32114,498.31615-498.32612,208567665.8055869,20788858.63127899,99,20789814.682344113,100.0,20789814.682344113,100.0,[5.12],"[301.2173, 327.233]",[301.21884],[2.61467],"[2.6808784 2.68976   2.6988742 2.7076982 2.7165721 2.7254965 2.7344551
 2.7437382 2.7526632 2.7616829 2.7707736 2.7798509 2.789057  2.7981121
 2.8072513 2.8164445 2.8256503 2.8348038 2.8438278 2.8529409 2.8620451
 2.8711498 2.8804329 2.8894538 2.8984504 2.9074754 2.9165163 2.925604
 2.9345809 2.9435754 2.9525663 2.9615993 2.9706781 2.9796674 2.9886816
 2.9977351 3.0067868 3.0157749 3.024803  3.0338555 3.0429779 3.0520737
 3.0611216 3.0701695 3.0792653 3.0883877 3.0974402 3.1064683 3.1154564
 3.1245081 3.1335616 3.1425758 3.1515651 3.1606439 3.1696769 3.1786678
 3.1876623 3.1966392 3.2057269 3.2147678 3.2237928 3.2327894 3.2418103
 3.2510934 3.2601981 3.2693023 3.2784154 3.2874394 3.2965929 3.3057987
 3.3149919 3.3241311 3.3331862 3.3423923 3.3514696 3.3605603 3.36958
 3.378505  3.3877881 3.3967467 3.4056711 3.414545  3.423369  3.4324832
 3.4413648 3.4504008 3.4592408 3.4680446 3.4770923 3.4859613 3.4949374
 3.5037747 3.5125665 3.52148   3.5303529 3.5393311 3.5483103 3.557144
 3.5661228 3.5749929]","[1.67107302e+02 2.80017669e+02 4.69926625e+02 7.66798205e+02
 1.24033670e+03 1.98854158e+03 3.15660211e+03 5.03255217e+03
 7.78706650e+03 1.19625332e+04 1.82181263e+04 2.73948982e+04
 4.09256902e+04 6.00072460e+04 8.72300934e+04 1.25524521e+05
 1.78492617e+05 2.50206343e+05 3.44892705e+05 4.71182254e+05
 6.35750033e+05 8.47457701e+05 1.12193202e+06 1.45586710e+06
 1.86559133e+06 2.36416733e+06 2.96159881e+06 3.66978679e+06
 4.48190246e+06 5.41144171e+06 6.45635878e+06 7.61803671e+06
 8.88858974e+06 1.02328448e+07 1.16457553e+07 1.31033147e+07
 1.45670656e+07 1.59912619e+07 1.73540324e+07 1.86126523e+07
 1.97322934e+07 2.06634286e+07 2.07898147e+07 2.05854444e+07
 1.99761891e+07 1.90092591e+07 1.77565889e+07 1.62968865e+07
 1.47074188e+07 1.30803056e+07 1.14802590e+07 9.95606801e+06
 8.54885506e+06 7.27376437e+06 6.13954258e+06 5.15539444e+06
 4.31350644e+06 3.60370218e+06 3.00917250e+06 2.51855456e+06
 2.11236941e+06 1.77542248e+06 1.49574840e+06 1.26432314e+06
 1.07056232e+06 9.09430151e+05 7.74852353e+05 6.64073698e+05
 5.71776920e+05 4.95371936e+05 4.30799875e+05 3.75577853e+05
 3.27705069e+05 2.85917181e+05 2.48622952e+05 2.16094694e+05
 1.87164686e+05 1.61657696e+05 1.39690787e+05 1.20016519e+05
 1.02279217e+05 8.63598624e+04 7.13842875e+04 5.81728965e+04
 4.69933890e+04 3.88201045e+04 3.26469138e+04 2.84098956e+04
 2.54342820e+04 2.30622851e+04 2.08415526e+04 1.88869108e+04
 1.63989144e+04 1.32163636e+04 1.01379439e+04 7.07767519e+03
 4.21039760e+03 2.42861357e+03 1.23962538e+03 5.59911303e+02]",1,0.9984445775714894,,20789814.682344113
2,1008,1730233.6,2.3963559,2.5577918,3.423369,512.29962,512.2945-512.30474,708195020.920552,69475202.37089539,114,62594743.69513484,90.1,69477411.11137185,100.0,[1.87],"[301.2173, 327.233]",[301.21674],[3.37098],"[2.1810647 2.1901016 2.1990391 2.2079438 2.216931  2.2259963 2.2350922
 2.2439721 2.2528746 2.2618412 2.2708804 2.27996   2.2888179 2.2977797
 2.3067168 2.3157439 2.3248187 2.3336897 2.3426522 2.3516121 2.3607168
 2.3698106 2.3787122 2.3876804 2.3966685 2.405548  2.4144956 2.4234383
 2.4324058 2.4414225 2.4503268 2.4592742 2.4682193 2.4771808 2.4861918
 2.4950193 2.5039392 2.5130547 2.5219799 2.5309481 2.5397591 2.5486305
 2.5577918 2.5669531 2.5758245 2.5846355 2.5936037 2.6025289 2.6116444
 2.6205643 2.6293918 2.6384028 2.6473643 2.6563094 2.6652568 2.6741611
 2.6831778 2.6921453 2.701088  2.7100356 2.7189151 2.7279032 2.7368714
 2.745773  2.7548668 2.7639715 2.7729314 2.7818939 2.7907649 2.7998397
 2.8088668 2.8178039 2.8267657 2.8356236 2.8447032 2.8537424 2.862709
 2.8716115 2.8804914 2.8895873 2.8986526 2.9076398 2.9165445 2.925482
 2.9345189 2.9435049 2.9525248 2.9615256 2.970531  2.9795623 2.988606
 2.997682  3.0067185 3.0157352 3.0248415 3.0339007 3.043007  3.0520845
 3.0611216 3.0701695 3.0792653 3.0883877 3.0974402 3.1064683 3.1154564
 3.1245081 3.1335616 3.1425758 3.1515651 3.1606439 3.1696769 3.1786678
 3.1876623 3.1966392 3.2057269 3.2147678 3.2237928 3.2327894 3.2418103
 3.2510934 3.2601981 3.2693023 3.2784154 3.2874394 3.2965929 3.3057987
 3.3149919 3.3241311 3.3331862 3.3423923 3.3514696 3.3605603 3.36958
 3.378505  3.3877881 3.3967467 3.4056711 3.414545 ]","[1.58260527e+02 2.87497437e+02 5.11755698e+02 8.96720635e+02
 1.55783651e+03 2.68150254e+03 4.55911417e+03 7.55033330e+03
 1.23513797e+04 2.00003958e+04 3.20624687e+04 5.07862927e+04
 7.84699160e+04 1.20207249e+05 1.81422877e+05 2.71154085e+05
 4.00448380e+05 5.78291936e+05 8.26881479e+05 1.16604616e+06
 1.63033623e+06 2.24648193e+06 3.03264946e+06 4.04715602e+06
 5.33024311e+06 6.90227417e+06 8.83404481e+06 1.11509500e+07
 1.38920091e+07 1.70885300e+07 2.06815057e+07 2.47123503e+07
 2.91250920e+07 3.38670201e+07 3.88704003e+07 4.38914308e+07
 4.89552120e+07 5.39681076e+07 5.85594265e+07 6.26978754e+07
 6.61540958e+07 6.88937975e+07 6.94774111e+07 6.87228380e+07
 6.67348110e+07 6.36157447e+07 5.95218981e+07 5.46702477e+07
 4.93284364e+07 4.37757267e+07 3.82734002e+07 3.30410011e+07
 2.82162430e+07 2.38611486e+07 2.00138801e+07 1.66651740e+07
 1.37767060e+07 1.13039812e+07 9.21841471e+06 7.46974481e+06
 6.03055611e+06 4.86113770e+06 3.92188010e+06 3.17354811e+06
 2.58294489e+06 2.11557669e+06 1.74758073e+06 1.45851954e+06
 1.22824462e+06 1.04681644e+06 9.07027095e+05 7.97845736e+05
 7.13555842e+05 6.48693329e+05 5.97703761e+05 5.57090712e+05
 5.24228816e+05 4.95882679e+05 4.72806827e+05 4.54319714e+05
 4.39910998e+05 4.29779538e+05 4.21602059e+05 4.14236881e+05
 4.04955976e+05 3.93051707e+05 3.79308644e+05 3.63968116e+05
 3.48307532e+05 3.33416474e+05 3.20041936e+05 3.08246100e+05
 2.97220499e+05 2.86680820e+05 2.75737546e+05 2.65125986e+05
 2.54732053e+05 2.44682089e+05 2.35540585e+05 2.27038360e+05
 2.18851304e+05 2.09960495e+05 2.00381027e+05 1.90272196e+05
 1.79512195e+05 1.68874070e+05 1.58999337e+05 1.50221256e+05
 1.42631100e+05 1.36455366e+05 1.31678777e+05 1.28093352e+05
 1.26010690e+05 1.24853411e+05 1.24346752e+05 1.23940138e+05
 1.23398894e+05 1.21956891e+05 1.19503070e+05 1.16483560e+05
 1.12768393e+05 1.08747041e+05 1.04983312e+05 1.02044667e+05
 9.90145212e+04 9.61500214e+04 9.29215059e+04 8.84625124e+04
 8.20597059e+04 7.30433724e+04 6.14453771e+04 4.79961141e+04
 3.45886016e+04 2.26309931e+04 1.32709213e+04 6.98768435e+03
 3.20116430e+03 1.13448278e+03]",1,0.9992321573227015,,69477411.11137185
3,1203,24365682.0,2.4591861,2.8447032,3.6467253,524.27899,524.27375-524.28423,803205945.06643,65540809.76798248,132,65501917.98016355,99.9,65392708.63822943,99.8,[0.94],"[301.2173, 327.233]",[327.23331],[40.00053],"[2.3652753 2.3744145 2.3836077 2.3928135 2.401967  2.410991  2.4201041
 2.4292083 2.438313  2.4475961 2.456617  2.4656136 2.4746386 2.4836795
 2.4927672 2.5017441 2.5107386 2.5197295 2.5287625 2.5378413 2.5468306
 2.5558448 2.5648983 2.57395   2.5829381 2.5919662 2.6010187 2.6101411
 2.6192369 2.6282848 2.6373219 2.6463994 2.6555057 2.6645649 2.6736712
 2.6826879 2.6917244 2.7008004 2.7098441 2.7188754 2.7278808 2.7368816
 2.7459015 2.7548875 2.7639244 2.7728619 2.7817666 2.7907538 2.7998191
 2.808915  2.8177949 2.8266974 2.835664  2.8447032 2.8537424 2.862709
 2.8716115 2.8804914 2.8895873 2.8986526 2.9076398 2.9165445 2.925482
 2.9345189 2.9435049 2.9525248 2.9615256 2.970531  2.9795623 2.988606
 2.997682  3.0067185 3.0157352 3.0248415 3.0339007 3.043007  3.0520845
 3.0611216 3.0701695 3.0792653 3.0883877 3.0974402 3.1064683 3.1154564
 3.1245081 3.1335616 3.1425758 3.1515651 3.1606439 3.1696769 3.1786678
 3.1876623 3.1966392 3.2057269 3.2147678 3.2237928 3.2327894 3.2418103
 3.2510934 3.2601981 3.2693023 3.2784154 3.2874394 3.2965929 3.3057987
 3.3149919 3.3241311 3.3331862 3.3423923 3.3514696 3.3605603 3.36958
 3.378505  3.3877881 3.3967467 3.4056711 3.414545  3.423369  3.4324832
 3.4413648 3.4504008 3.4592408 3.4680446 3.4770923 3.4859613 3.4949374
 3.5037747 3.5125665 3.52148   3.5303529 3.5393311 3.5483103 3.557144
 3.5661228 3.5749929 3.5839923 3.5930628 3.6018991 3.6108899 3.6197601
 3.6287295 3.637753  3.6467253]","[1.24306890e+02 1.99011326e+02 3.16768124e+02 5.00191868e+02
 7.81067876e+02 1.20192008e+03 1.84185706e+03 2.79761484e+03
 4.21370473e+03 6.34236582e+03 9.35775188e+03 1.36789430e+04
 1.98544434e+04 2.85980510e+04 4.09253785e+04 5.78316348e+04
 8.11070249e+04 1.12802088e+05 1.55828410e+05 2.13821702e+05
 2.90075482e+05 3.90614853e+05 5.22315628e+05 6.92577695e+05
 9.08987203e+05 1.18461189e+06 1.53209668e+06 1.96875998e+06
 2.50678874e+06 3.16126035e+06 3.95247130e+06 4.90540583e+06
 6.04111906e+06 7.36975883e+06 8.92442676e+06 1.06973507e+07
 1.27214824e+07 1.50138923e+07 1.75618151e+07 2.03677314e+07
 2.34174600e+07 2.67006812e+07 3.02017216e+07 3.38658736e+07
 3.76854088e+07 4.15452671e+07 4.54152176e+07 4.92815220e+07
 5.30709173e+07 5.66872016e+07 5.99658632e+07 6.29339344e+07
 6.55350933e+07 6.55383230e+07 6.50942372e+07 6.35673533e+07
 6.11180586e+07 5.79422194e+07 5.42245469e+07 5.01643079e+07
 4.59124417e+07 4.16238150e+07 3.73725652e+07 3.32733380e+07
 2.93577845e+07 2.56892981e+07 2.23172718e+07 1.92756302e+07
 1.65878103e+07 1.42372782e+07 1.22101877e+07 1.04736193e+07
 8.98557428e+06 7.72498748e+06 6.65849208e+06 5.76225994e+06
 5.01034429e+06 4.38600418e+06 3.86696382e+06 3.43438567e+06
 3.06501153e+06 2.74971340e+06 2.47660885e+06 2.23672158e+06
 2.02747700e+06 1.84400308e+06 1.68071786e+06 1.53657271e+06
 1.40709667e+06 1.29172091e+06 1.19152202e+06 1.10476595e+06
 1.03089871e+06 9.68585624e+05 9.15319128e+05 8.68005388e+05
 8.24398220e+05 7.83441644e+05 7.45071671e+05 7.09190079e+05
 6.75145544e+05 6.43362513e+05 6.14110452e+05 5.87105241e+05
 5.61779552e+05 5.39002432e+05 5.18474663e+05 4.99173391e+05
 4.80488720e+05 4.60950435e+05 4.39184663e+05 4.14339461e+05
 3.87097613e+05 3.58111141e+05 3.29415376e+05 3.02526793e+05
 2.78820897e+05 2.59753855e+05 2.44887403e+05 2.33621474e+05
 2.24422433e+05 2.17287423e+05 2.11523290e+05 2.06446592e+05
 2.02056924e+05 1.97730599e+05 1.93891973e+05 1.89472947e+05
 1.85333116e+05 1.81617782e+05 1.78232669e+05 1.74947749e+05
 1.71912039e+05 1.69533283e+05 1.67121585e+05 1.65000597e+05
 1.62903129e+05 1.60957968e+05 1.59519885e+05 1.58169921e+05
 1.57338991e+05 1.56694019e+05 1.56835169e+05]",1,0.9978759728390234,,65538322.9996049
4,1354,3691640.0,3.0157352,3.2693023,3.4770923,524.33722,524.33198-524.34246,177461151.47125363,16368426.447088242,49,16360609.765078254,100.0,15393402.289927987,94.0,[0.27],"[301.2173, 327.233]",[327.23291],[3.22948],"[2.8815123 2.8915123 2.9015123 2.9115123 2.9215123 2.9315123 2.9415123
 2.9515123 2.9615123 2.9715123 2.9815123 2.9915123 3.0015123 3.0115123
 3.0215123 3.0315123 3.0415123 3.0515123 3.0615123 3.0615123 3.07056
 3.0793638 3.0882038 3.0972398 3.1061214 3.1152356 3.1240596 3.1329335
 3.1418579 3.1508165 3.1600996 3.1690246 3.1780443 3.187135  3.1962123
 3.2054184 3.2144735 3.2236127 3.2328059 3.2420117 3.2511652 3.2601892
 3.2693023 3.2784154 3.2874394 3.2965929 3.3057987 3.3149919 3.3241311
 3.3331862 3.3423923 3.3514696 3.3605603 3.36958   3.378505  3.3877881
 3.3967467 3.4056711 3.414545  3.423369  3.4324832 3.4413648 3.4504008
 3.4592408 3.4680446 3.4770923 3.4770923 3.4870923 3.4970923 3.5070923
 3.5170923 3.5270923 3.5370923 3.5470923 3.5570923 3.5670923 3.5770923
 3.5870923 3.5970923 3.6070923 3.6170923 3.6270923 3.6370923 3.6470923
 3.6570923 3.6670923]","[1.65509175e+02 2.94995471e+02 5.18012375e+02 8.96182449e+02
 1.52751065e+03 2.56509568e+03 4.24379508e+03 6.91730226e+03
 1.11083771e+04 1.75750264e+04 2.73950987e+04 4.20708481e+04
 6.36533369e+04 9.48839152e+04 1.39346328e+05 2.01618312e+05
 2.87406068e+05 4.03639261e+05 5.58498981e+05 5.58498981e+05
 7.39685916e+05 9.60948030e+05 1.23530809e+06 1.57777435e+06
 1.98313267e+06 2.47716349e+06 3.03642332e+06 3.68290531e+06
 4.41935202e+06 5.24382938e+06 6.18233593e+06 7.15554080e+06
 8.19541936e+06 9.28194584e+06 1.03822954e+07 1.14866732e+07
 1.25321916e+07 1.35155343e+07 1.44006624e+07 1.51527479e+07
 1.57412607e+07 1.61453795e+07 1.63606098e+07 1.61539959e+07
 1.57293277e+07 1.51230203e+07 1.43730615e+07 1.35066319e+07
 1.25490303e+07 1.15209238e+07 1.04481966e+07 9.34934064e+06
 8.24849705e+06 7.17295240e+06 6.14801340e+06 5.19133295e+06
 4.32577386e+06 3.56467205e+06 2.91426555e+06 2.37187214e+06
 1.93196641e+06 1.58355124e+06 1.31676977e+06 1.11970124e+06
 9.80652282e+05 8.89670293e+05 5.58498981e+05 4.03639261e+05
 2.87406068e+05 2.01618312e+05 1.39346328e+05 9.48839152e+04
 6.36533369e+04 4.20708481e+04 2.73950987e+04 1.75750264e+04
 1.11083771e+04 6.91730226e+03 4.24379508e+03 2.56509568e+03
 1.52751065e+03 8.96182449e+02 5.18012375e+02 2.94995471e+02
 1.65509175e+02 9.14871947e+01]",1,0.9996286116259957,,16360609.765078254
5,1031,15062204.0,2.0602843,2.4591861,2.7368714,526.29468,526.28941-526.29994,115083657.90602282,9674238.059531212,71,9675400.359446,100.0,9675400.359446,100.0,[1.47],"[301.2173, 327.233]",[301.21774],[100.0],"[2.060469  2.070469  2.080469  2.090469  2.100469  2.110469  2.120469
 2.130469  2.140469  2.150469  2.160469  2.170469  2.180469  2.190469
 2.190469  2.1994571 2.2083366 2.2172842 2.2262269 2.2351944 2.2442111
 2.2531154 2.2620628 2.2710079 2.2799694 2.2889804 2.2978079 2.3067278
 2.3158433 2.3247685 2.3337367 2.3425477 2.3514191 2.3605804 2.3694596
 2.3784159 2.3875113 2.3964142 2.4055475 2.4144142 2.4232554 2.4323267
 2.4412138 2.450331  2.4591861 2.4680412 2.4771584 2.4860455 2.4951168
 2.503958  2.5128247 2.521958  2.5308609 2.5399563 2.5489126 2.5577918
 2.5669531 2.5758245 2.5846355 2.5936037 2.6025289 2.6116444 2.6205643
 2.6293918 2.6384028 2.6473643 2.6563094 2.6652568 2.6741611 2.6831778
 2.6921453 2.701088  2.7100356 2.7189151 2.7279032 2.7279032 2.7379032
 2.7479032 2.7579032 2.7679032 2.7779032 2.7879032 2.7979032 2.8079032
 2.8179032 2.8279032 2.8379032 2.8479032 2.8579032 2.8679032]","[1.38978488e+02 2.39484635e+02 4.07096204e+02 6.82662079e+02
 1.12928571e+03 1.84285521e+03 2.96666101e+03 4.71122625e+03
 7.38056019e+03 1.14060171e+04 1.73887370e+04 2.61511858e+04
 3.87975286e+04 5.67813958e+04 5.67813958e+04 7.90364194e+04
 1.08398763e+05 1.47421070e+05 1.98286658e+05 2.64020638e+05
 3.48234787e+05 4.52784626e+05 5.83099457e+05 7.42737485e+05
 9.36220828e+05 1.16866609e+06 1.43677095e+06 1.75123760e+06
 2.11996604e+06 2.52826000e+06 2.98497443e+06 3.47668821e+06
 4.01059572e+06 4.59618152e+06 5.18834549e+06 5.79958288e+06
 6.42190001e+06 7.01871956e+06 7.60296000e+06 8.12787795e+06
 8.59530729e+06 9.00275736e+06 9.31889865e+06 9.54751988e+06
 9.67540036e+06 9.58561727e+06 9.35069105e+06 9.00212547e+06
 8.56688602e+06 8.07612020e+06 7.54803991e+06 6.98958306e+06
 6.40318540e+06 5.80380723e+06 5.20503273e+06 4.61890630e+06
 4.05539225e+06 3.52161263e+06 3.02375971e+06 2.56531652e+06
 2.14932835e+06 1.77607711e+06 1.44899159e+06 1.16572848e+06
 9.23776488e+05 7.17466824e+05 5.41136972e+05 3.92027754e+05
 2.69680745e+05 1.73512019e+05 1.02806332e+05 5.55184999e+04
 2.64127692e+04 1.08818727e+04 3.24080720e+03 5.67813958e+04
 3.87975286e+04 2.61511858e+04 1.73887370e+04 1.14060171e+04
 7.38056019e+03 4.71122625e+03 2.96666101e+03 1.84285521e+03
 1.12928571e+03 6.82662079e+02 4.07096204e+02 2.39484635e+02
 1.38978488e+02 7.95622103e+01]",1,0.999801169482795,,9675400.359446
6,1194,4518508.5,2.0420661,2.701088,3.4770923,538.31573,538.31035-538.32112,683977603.1585021,56076008.51730347,129,56068687.60362813,100.0,56068687.60362813,100.0,[1.59],"[301.2173, 327.233]",[327.23352],[4.0705],"[2.3149619 2.3238947 2.3329693 2.3422934 2.3512976 2.3602265 2.3691239
 2.3780807 2.3871281 2.3963559 2.4055953 2.4144381 2.4233038 2.4323959
 2.4412213 2.4503506 2.4591861 2.4680412 2.4771584 2.4860455 2.4951168
 2.503958  2.5128247 2.521958  2.5308609 2.5399563 2.5489126 2.5577918
 2.5669531 2.5758245 2.5846355 2.5936037 2.6025289 2.6116444 2.6205643
 2.6293918 2.6384028 2.6473643 2.6563094 2.6652568 2.6741611 2.6831778
 2.6921453 2.701088  2.7100307 2.7189982 2.7280149 2.7369192 2.7458666
 2.7548117 2.7637732 2.7727842 2.7816117 2.7905316 2.7996471 2.8085723
 2.8175405 2.8263515 2.8352229 2.8443842 2.8532634 2.8622197 2.8713151
 2.880218  2.8893513 2.898218  2.9070592 2.9161305 2.9250176 2.9341348
 2.9429899 2.9518254 2.9609547 2.9697801 2.9788722 2.9877379 2.9965807
 3.0058201 3.0150479 3.0240953 3.0330521 3.0419495]","[7.29780516e+02 3.14685196e+03 9.79318484e+03 2.37744200e+04
 5.02296053e+04 9.45308527e+04 1.63068303e+05 2.60215722e+05
 3.89242107e+05 5.51496217e+05 7.46167586e+05 9.69118244e+05
 1.22240078e+06 1.50114253e+06 1.79963744e+06 2.11305675e+06
 2.43119018e+06 2.74250737e+06 3.03286990e+06 3.29136097e+06
 3.50636232e+06 3.67404787e+06 3.79700482e+06 3.89394735e+06
 3.99755124e+06 4.16446456e+06 4.47181141e+06 5.01560909e+06
 5.89769918e+06 7.23811634e+06 9.13329597e+06 1.16462994e+07
 1.48222381e+07 1.86491859e+07 2.30664993e+07 2.79528155e+07
 3.31238261e+07 3.83406419e+07 4.33227416e+07 4.77931699e+07
 5.14695730e+07 5.41549277e+07 5.57007348e+07 5.60686876e+07
 5.60066063e+07 5.37300104e+07 5.05802204e+07 4.67827655e+07
 4.24652520e+07 3.78427617e+07 3.30986030e+07 2.83929546e+07
 2.39931564e+07 1.98736030e+07 1.60858708e+07 1.28372440e+07
 1.00460748e+07 7.75439479e+06 5.86784088e+06 4.31702995e+06
 3.14760318e+06 2.24692989e+06 1.56570138e+06 1.07926923e+06
 7.22978555e+05 4.81075452e+05 3.14756689e+05 1.99898802e+05
 1.25794636e+05 7.67523040e+04 4.66363858e+04 2.78621845e+04
 1.60568047e+04 9.25424671e+03 5.14799862e+03 2.85305847e+03
 1.55527981e+03 8.09333607e+02 4.13308888e+02 2.09823027e+02
 1.05271259e+02 5.20958667e+01]",1,0.9924999829924729,,56068687.60362813
7,1178,8504955.0,2.4591861,2.8178039,3.1245081,552.31104,552.30551-552.31656,55559223.53200992,4692527.60939455,72,4688011.626515007,99.9,4688011.626515007,99.9,[1.96],"[301.2173, 327.233]",[327.23364],[100.0],"[2.3971584 2.4071584 2.4171584 2.4271584 2.4371584 2.4471584 2.4571584
 2.4671584 2.4771584 2.4860455 2.4951168 2.503958  2.5128247 2.521958
 2.5308609 2.5399563 2.5489126 2.5577918 2.5669531 2.5758245 2.5846355
 2.5936037 2.6025289 2.6116444 2.6205643 2.6293918 2.6384028 2.6473643
 2.6563094 2.6652568 2.6741611 2.6831778 2.6921453 2.701088  2.7100356
 2.7189151 2.7279032 2.7368714 2.745773  2.7548668 2.7639715 2.7729314
 2.7818939 2.7907649 2.7998397 2.8088668 2.8178039 2.826741  2.8357681
 2.8448429 2.8537139 2.8626764 2.8716363 2.880741  2.8898348 2.8987364
 2.9077046 2.9166927 2.9255722 2.9345198 2.9434625 2.95243   2.9614467
 2.970351  2.9792984 2.9882435 2.997205  3.006216  3.0150435 3.0239634
 3.0330789 3.0420041 3.0509723 3.0597833 3.0686547 3.077816  3.0866952
 3.0956515 3.1047469 3.1136498 3.1227831 3.1316498 3.140491  3.1495623
 3.1584494 3.1684494 3.1784494 3.1884494 3.1984494 3.2084494 3.2184494
 3.2284494 3.2384494]","[8.87871483e+01 1.40791131e+02 2.21077873e+02 3.43763722e+02
 5.29321575e+02 8.07093660e+02 1.21863336e+03 1.82207805e+03
 5.06386360e+02 1.42165092e+03 3.97770844e+03 8.91541517e+03
 1.75557810e+04 3.16205627e+04 5.21391456e+04 8.06346846e+04
 1.17577429e+05 1.62490827e+05 2.14069866e+05 2.71307634e+05
 3.31626286e+05 3.91826840e+05 4.47963349e+05 4.97562198e+05
 5.38540537e+05 5.69619672e+05 5.92925403e+05 6.12248038e+05
 6.32260223e+05 6.63021346e+05 7.12355445e+05 7.95485972e+05
 9.20519460e+05 1.09574543e+06 1.32178548e+06 1.59991593e+06
 1.91923220e+06 2.27254931e+06 2.64348496e+06 3.02153962e+06
 3.38992728e+06 3.73343168e+06 4.04035836e+06 4.29787223e+06
 4.49624201e+06 4.62824090e+06 4.68801163e+06 4.70989071e+06
 4.43361082e+06 4.13876283e+06 3.83943764e+06 3.53124460e+06
 3.22241859e+06 2.91269121e+06 2.61179104e+06 2.32903023e+06
 2.05887416e+06 1.80522715e+06 1.57307071e+06 1.35866501e+06
 1.16441416e+06 9.89690967e+05 8.33785346e+05 6.98460453e+05
 5.80041081e+05 4.77959599e+05 3.90620761e+05 3.16365943e+05
 2.55351517e+05 2.04053974e+05 1.60960073e+05 1.26594926e+05
 9.86728633e+04 7.66554667e+04 5.89928417e+04 4.46502307e+04
 3.38193407e+04 2.53548020e+04 1.87723674e+04 1.38781475e+04
 1.00982034e+04 7.35854269e+03 5.32603302e+03 3.79232051e+03
 2.69777470e+03 1.82207805e+03 1.21863336e+03 8.07093660e+02
 5.29321575e+02 3.43763722e+02 2.21077873e+02 1.40791131e+02
 8.87871483e+01]",1,0.9875212609734676,,4709890.708911625
8,1288,1468497.1,2.9795623,3.1606439,3.7631341,552.33185,552.32632-552.33737,218719010.5415315,17019352.57555008,87,15556884.282878777,91.4,16969907.086331606,99.7,[3.46],"[301.2173, 327.233]",[327.23413],[15.48918],"[2.602936  2.611992  2.620939  2.6298235 2.6388066 2.6477402 2.6567837
 2.6656913 2.6745625 2.6835348 2.6925583 2.7015277 2.7103979 2.7193887
 2.728225  2.7372955 2.7462949 2.755165  2.7641438 2.7729775 2.7819567
 2.7909349 2.7998078 2.8087213 2.8175131 2.8263504 2.8353265 2.8441955
 2.8532432 2.862047  2.870887  2.879923  2.8888046 2.8979188 2.9067428
 2.9156167 2.9245411 2.9334997 2.9427828 2.9517078 2.9607275 2.9698182
 2.9788955 2.9881016 2.9971567 3.0062959 3.0154891 3.0246949 3.0338484
 3.0428724 3.0519855 3.0610897 3.0701944 3.0794775 3.0884984 3.097495
 3.10652   3.1155609 3.1246486 3.1336255 3.14262   3.1516109 3.1606439
 3.1696769 3.1786678 3.1876623 3.1966392 3.2057269 3.2147678 3.2237928
 3.2327894 3.2418103 3.2510934 3.2601981 3.2693023 3.2784154 3.2874394
 3.2965929 3.3057987 3.3149919 3.3241311 3.3331862 3.3423923 3.3514696
 3.3605603 3.36958   3.378505  3.3877881 3.3967467 3.4056711 3.414545
 3.423369  3.4324832 3.4413648 3.4504008 3.4592408 3.4680446 3.4770923
 3.4859613 3.4949374 3.5037747 3.5125665 3.52148   3.5303529 3.5393311
 3.5483103 3.557144  3.5661228 3.5749929 3.5839923 3.5930628 3.6018991
 3.6108899 3.6197601 3.6287295 3.637753  3.6467253 3.6555965 3.6645041
 3.6735476 3.6824812 3.6914643 3.7003488 3.7092958 3.7183518 3.7272888
 3.7362759 3.7451874 3.7541476 3.7631341]","[1.40195242e+02 1.99298762e+02 2.80653685e+02 3.92255696e+02
 5.47422920e+02 7.58624571e+02 1.04999327e+03 1.43871564e+03
 1.95877810e+03 2.66238028e+03 3.60604106e+03 4.84987439e+03
 6.46815435e+03 8.61531034e+03 1.13607166e+04 1.50120228e+04
 1.96895522e+04 2.55923258e+04 3.31989372e+04 4.26676033e+04
 5.47793280e+04 6.99607624e+04 8.86375434e+04 1.11845977e+05
 1.39976051e+05 1.74501533e+05 2.17169450e+05 2.68187040e+05
 3.30858540e+05 4.03809888e+05 4.90764072e+05 5.95900372e+05
 7.17455440e+05 8.63415374e+05 1.02767709e+06 1.21818016e+06
 1.43797622e+06 1.68971615e+06 1.98623623e+06 2.30809038e+06
 2.67232554e+06 3.08113203e+06 3.53280494e+06 4.03648773e+06
 4.57732259e+06 5.16876638e+06 5.80901837e+06 6.49388905e+06
 7.21551623e+06 7.96295882e+06 8.74940527e+06 9.56112479e+06
 1.03922322e+07 1.12516500e+07 1.20899809e+07 1.29202273e+07
 1.37378016e+07 1.45315885e+07 1.52938610e+07 1.60017956e+07
 1.66565252e+07 1.72471698e+07 1.70151376e+07 1.69454748e+07
 1.66885410e+07 1.62678010e+07 1.57066815e+07 1.50184983e+07
 1.42262486e+07 1.33481357e+07 1.24058842e+07 1.14169117e+07
 1.04126093e+07 9.41231450e+06 8.44203476e+06 7.52334941e+06
 6.68497486e+06 5.93366266e+06 5.27743163e+06 4.71142071e+06
 4.23146552e+06 3.82087423e+06 3.46735502e+06 3.15317688e+06
 2.86644856e+06 2.59664196e+06 2.33779839e+06 2.08691061e+06
 1.84600258e+06 1.61824733e+06 1.40670608e+06 1.21310172e+06
 1.03925788e+06 8.85384718e+05 7.52182847e+05 6.38171190e+05
 5.44941424e+05 4.69338391e+05 4.09172730e+05 3.62271321e+05
 3.24746332e+05 2.94874649e+05 2.70625762e+05 2.51347940e+05
 2.35594647e+05 2.22280190e+05 2.10013587e+05 1.98127323e+05
 1.86385757e+05 1.75277578e+05 1.64406366e+05 1.53882221e+05
 1.44140673e+05 1.34278152e+05 1.24692894e+05 1.15291625e+05
 1.05642160e+05 9.56632199e+04 8.59685826e+04 7.74407578e+04
 6.98746795e+04 6.43009149e+04 5.97270828e+04 5.60229925e+04
 5.22687763e+04 4.77808220e+04 4.20877046e+04 3.52473870e+04
 2.81854883e+04 2.07994500e+04]",1,0.9972715389040826,,17247169.835370205
9,1026,94421256.0,2.0602843,2.4591861,3.52148,586.31561,586.30975-586.32148,4231054370.8784356,331169416.0492554,158,331134695.1432491,100.0,331031008.8609632,100.0,[2.99],"[301.2173, 327.233]",[301.2182],[35.25687],"[1.9658474 1.9748673 1.9838533 1.9928902 2.0018277 2.0107324 2.0197196
 2.0287849 2.0378808 2.0467607 2.0556632 2.0646298 2.073669  2.0827486
 2.0916065 2.1005683 2.1095054 2.1185325 2.1276073 2.1364783 2.1454408
 2.1544007 2.1635054 2.1725992 2.1815008 2.190469  2.1994571 2.2083366
 2.2172842 2.2262269 2.2351944 2.2442111 2.2531154 2.2620628 2.2710079
 2.2799694 2.2889804 2.2978079 2.3067278 2.3158433 2.3247685 2.3337367
 2.3425477 2.3514191 2.3605804 2.3694596 2.3784159 2.3875113 2.3964142
 2.4055475 2.4144142 2.4232554 2.4323267 2.4412138 2.450331  2.4591861
 2.4680412 2.4771584 2.4860455 2.4951168 2.503958  2.5128247 2.521958
 2.5308609 2.5399563 2.5489126 2.5577918 2.5669531 2.5758245 2.5846355
 2.5936037 2.6025289 2.6116444 2.6205643 2.6293918 2.6384028 2.6473643
 2.6563094 2.6652568 2.6741611 2.6831778 2.6921453 2.701088  2.7100356
 2.7189151 2.7279032 2.7368714 2.745773  2.7548668 2.7639715 2.7729314
 2.7818939 2.7907649 2.7998397 2.8088668 2.8178039 2.8267657 2.8356236
 2.8447032 2.8537424 2.862709  2.8716115 2.8804914 2.8895873 2.8986526
 2.9076398 2.9165445 2.925482  2.9345189 2.9435049 2.9525248 2.9615256
 2.970531  2.9795623 2.988606  2.997682  3.0067185 3.0157352 3.0248415
 3.0339007 3.043007  3.0520845 3.0611216 3.0701695 3.0792653 3.0883877
 3.0974402 3.1064683 3.1154564 3.1245081 3.1335616 3.1425758 3.1515651
 3.1606439 3.1696769 3.1786678 3.1876623 3.1966392 3.2057269 3.2147678
 3.2237928 3.2327894 3.2418103 3.2510934 3.2601981 3.2693023 3.2784154
 3.2874394 3.2965929 3.3057987 3.3149919 3.3241311 3.3331862 3.3423923
 3.3514696 3.3605603 3.36958   3.378505  3.3877881 3.3967467 3.4056711
 3.414545  3.423369  3.4324832 3.4413648 3.4504008 3.4592408 3.4680446
 3.4770923 3.4859613 3.4949374 3.5037747 3.5125665 3.52148  ]","[1.28799436e+02 2.16623626e+02 3.60272688e+02 5.95338479e+02
 9.69411555e+02 1.56145746e+03 2.50309481e+03 3.99155191e+03
 6.31521891e+03 9.79354394e+03 1.50676428e+04 2.30419566e+04
 3.50304349e+04 5.28566663e+04 7.82431497e+04 1.15298991e+05
 1.68177730e+05 2.43969574e+05 3.51299487e+05 4.97176137e+05
 6.99729109e+05 9.75706195e+05 1.35505700e+06 1.86344198e+06
 2.52215787e+06 3.39025778e+06 4.51825376e+06 5.94650420e+06
 7.77153640e+06 1.00627267e+07 1.29195532e+07 1.64569051e+07
 2.07098161e+07 2.58536167e+07 3.19791815e+07 3.92101050e+07
 4.76865867e+07 5.72470870e+07 6.82354840e+07 8.08829617e+07
 9.46594306e+07 1.09853803e+08 1.26021072e+08 1.43411759e+08
 1.62352411e+08 1.81424608e+08 2.01087900e+08 2.21152966e+08
 2.40517376e+08 2.59688712e+08 2.77219883e+08 2.93242230e+08
 3.07771856e+08 3.19772999e+08 3.29464613e+08 3.31134695e+08
 3.28103814e+08 3.20919725e+08 3.10142775e+08 2.96303812e+08
 2.79979384e+08 2.61741762e+08 2.42195681e+08 2.21666251e+08
 2.00904256e+08 1.80299868e+08 1.60260290e+08 1.41217384e+08
 1.23394082e+08 1.06957648e+08 9.20031696e+07 7.85510022e+07
 6.66148662e+07 5.62041122e+07 4.72544756e+07 3.96886688e+07
 3.33663518e+07 2.80942219e+07 2.37328981e+07 2.01148505e+07
 1.70964210e+07 1.45655263e+07 1.24594987e+07 1.06888482e+07
 9.20791608e+06 7.96245982e+06 6.90046498e+06 5.99487344e+06
 5.22547037e+06 4.57362486e+06 4.02730905e+06 3.57106068e+06
 3.19234237e+06 2.87944205e+06 2.62860923e+06 2.42778817e+06
 2.27249552e+06 2.15176938e+06 2.05907764e+06 1.98375369e+06
 1.92144076e+06 1.86776381e+06 1.82024630e+06 1.77628651e+06
 1.73579350e+06 1.69447418e+06 1.65321905e+06 1.60920361e+06
 1.56093429e+06 1.50618265e+06 1.44809749e+06 1.38797514e+06
 1.33174182e+06 1.28204931e+06 1.24026174e+06 1.20613364e+06
 1.17700850e+06 1.15124277e+06 1.12639936e+06 1.10165570e+06
 1.07532420e+06 1.04665758e+06 1.01607003e+06 9.83916517e+05
 9.51811753e+05 9.19284978e+05 8.88268732e+05 8.57732636e+05
 8.28658086e+05 8.00989611e+05 7.75093887e+05 7.49988078e+05
 7.25196910e+05 7.00713322e+05 6.76561068e+05 6.54584509e+05
 6.35505469e+05 6.20306139e+05 6.08599597e+05 5.99610158e+05
 5.93461677e+05 5.87394448e+05 5.80891703e+05 5.73184554e+05
 5.64279296e+05 5.53838655e+05 5.42457255e+05 5.30259982e+05
 5.18020602e+05 5.05528624e+05 4.93714252e+05 4.82507923e+05
 4.70832788e+05 4.57946834e+05 4.43033272e+05 4.24182376e+05
 4.02110042e+05 3.77464735e+05 3.51049555e+05 3.24406997e+05
 2.97955993e+05 2.73157281e+05 2.50296752e+05 2.29523643e+05
 2.12100709e+05 1.96468783e+05 1.82274250e+05 1.67852616e+05
 1.51427310e+05 1.31782906e+05 1.09835893e+05 8.63275610e+04
 6.29535136e+04 4.23883863e+04]",1,0.9994331958076023,,331134695.1432491
10,1202,66505456.0,2.0602843,2.8178039,3.5125665,612.3313,612.32518-612.33742,2466109165.3311872,198544809.18554688,122,198400899.19397104,99.9,198277992.61354756,99.9,[3.64],"[301.2173, 327.233]",[327.23419],[24.91856],"[2.3481684 2.3571924 2.3663055 2.3754097 2.3845144 2.3937975 2.4028184
 2.411815  2.42084   2.4298809 2.4389686 2.4479455 2.45694   2.4659309
 2.4749639 2.4840427 2.493032  2.5020462 2.5110997 2.5201514 2.5291395
 2.5381676 2.5472201 2.5563425 2.5654383 2.5744862 2.5835233 2.5926008
 2.6017071 2.6107663 2.6198726 2.6288893 2.6379258 2.6470018 2.6560455
 2.6650768 2.6740822 2.683083  2.6921029 2.7010889 2.7101258 2.7190633
 2.727968  2.7369552 2.7460205 2.7551164 2.7639963 2.7728988 2.7818654
 2.7909046 2.7999842 2.8088421 2.8178039 2.8267657 2.8356236 2.8447032
 2.8537424 2.862709  2.8716115 2.8804914 2.8895873 2.8986526 2.9076398
 2.9165445 2.925482  2.9345189 2.9435049 2.9525248 2.9615256 2.970531
 2.9795623 2.988606  2.997682  3.0067185 3.0157352 3.0248415 3.0339007
 3.043007  3.0520845 3.0611216 3.0701695 3.0792653 3.0883877 3.0974402
 3.1064683 3.1154564 3.1245081 3.1335616 3.1425758 3.1515651 3.1606439
 3.1696769 3.1786678 3.1876623 3.1966392 3.2057269 3.2147678 3.2237928
 3.2327894 3.2418103 3.2510934 3.2601981 3.2693023 3.2784154 3.2874394
 3.2965929 3.3057987 3.3149919 3.3241311 3.3331862 3.3423923 3.3514696
 3.3605603 3.36958   3.378505  3.3877881 3.3967467 3.4056711 3.414545
 3.423369  3.4324832 3.4413648 3.4504008 3.4592408 3.4680446 3.4770923
 3.4859613 3.4949374 3.5037747 3.5125665]","[1.70426989e+02 2.85799912e+02 4.76998950e+02 7.87871691e+02
 1.28856781e+03 2.10629829e+03 3.36220137e+03 5.30857399e+03
 8.31268597e+03 1.29007032e+04 1.98701946e+04 3.01508374e+04
 4.53482825e+04 6.75396683e+04 9.98035489e+04 1.46328771e+05
 2.11672404e+05 3.03553571e+05 4.31765684e+05 6.08109202e+05
 8.46186658e+05 1.16781038e+06 1.59739790e+06 2.16873140e+06
 2.91282883e+06 3.86806147e+06 5.08495862e+06 6.62749362e+06
 8.56018556e+06 1.09339137e+07 1.38462436e+07 1.73237765e+07
 2.14752030e+07 2.63862556e+07 3.20812588e+07 3.86168112e+07
 4.60107499e+07 5.42877003e+07 6.34573329e+07 7.34196845e+07
 8.41936367e+07 9.54831946e+07 1.07214834e+08 1.19365870e+08
 1.31724857e+08 1.43984877e+08 1.55564234e+08 1.66526658e+08
 1.76651222e+08 1.85668116e+08 1.93281125e+08 1.99111345e+08
 1.98400899e+08 1.97900739e+08 1.94542911e+08 1.88450095e+08
 1.79900665e+08 1.69376278e+08 1.57434805e+08 1.44660717e+08
 1.31502227e+08 1.18396956e+08 1.05598297e+08 9.33669353e+07
 8.18144928e+07 7.11165315e+07 6.13151744e+07 5.24819456e+07
 4.46628319e+07 3.78242032e+07 3.19477837e+07 2.69286799e+07
 2.27071950e+07 1.91627353e+07 1.61843842e+07 1.37078021e+07
 1.16494999e+07 9.94521881e+06 8.52715416e+06 7.35550160e+06
 6.38037863e+06 5.56656120e+06 4.87636507e+06 4.29016329e+06
 3.78841897e+06 3.35496772e+06 2.98680639e+06 2.67164678e+06
 2.40374493e+06 2.17769579e+06 1.98493793e+06 1.81837755e+06
 1.67636534e+06 1.55499894e+06 1.45216246e+06 1.36646200e+06
 1.29465638e+06 1.23367306e+06 1.17975095e+06 1.12903031e+06
 1.08044775e+06 1.03150040e+06 9.85459733e+05 9.41697623e+05
 9.02851172e+05 8.68487174e+05 8.37325295e+05 8.05669912e+05
 7.71237279e+05 7.32065286e+05 6.88266906e+05 6.39835936e+05
 5.87836451e+05 5.33620202e+05 4.79258185e+05 4.25851066e+05
 3.76357901e+05 3.31993247e+05 2.93414095e+05 2.60456647e+05
 2.33049845e+05 2.09348034e+05 1.89205399e+05 1.71685075e+05
 1.56371674e+05 1.43450236e+05 1.33291100e+05 1.26161093e+05
 1.21958235e+05 1.19849729e+05]",1,0.9989794884837031,,199111345.41761872
11,952,286028.94,2.1054566,2.3871281,2.7639715,670.27716,670.27046-670.28386,25304319.190898288,1631052.0971964598,71,1629913.4199365654,99.9,1629913.4199365654,99.9,[4.51],"[301.2173, 327.233]",[301.21866],[37.88403],"[1.973701  1.983701  1.993701  2.003701  2.013701  2.023701  2.033701
 2.043701  2.053701  2.063701  2.073701  2.083701  2.093701  2.103701
 2.113701  2.123701  2.1327947 2.1420392 2.1511364 2.1604434 2.1696872
 2.1790693 2.1881858 2.1972089 2.2063038 2.2154423 2.2247205 2.2339896
 2.2428932 2.2519959 2.2609521 2.2700548 2.2790089 2.2879063 2.297038
 2.3059989 2.3149619 2.3238947 2.3329693 2.3422934 2.3512976 2.3602265
 2.3691239 2.3780807 2.3871281 2.3961755 2.4051323 2.4140297 2.4229586
 2.4319628 2.4412869 2.4503615 2.4592943 2.4682573 2.4772182 2.4863499
 2.4952473 2.5042014 2.5133041 2.5222603 2.531363  2.5402666 2.5495357
 2.5588139 2.5679524 2.5770473 2.5860704 2.5951869 2.604569  2.6138128
 2.6231198 2.632217  2.6414615 2.6505552 2.6605552 2.6705552 2.6805552
 2.6905552 2.7005552 2.7105552 2.7205552 2.7305552 2.7405552 2.7505552
 2.7605552 2.7705552 2.7805552 2.7905552 2.8005552]","[7.78494459e+01 1.30060789e+02 2.14349022e+02 3.48482436e+02
 5.58887693e+02 8.84203977e+02 1.37995412e+03 2.12452132e+03
 3.22657531e+03 4.83400152e+03 7.14423983e+03 1.04157256e+04
 1.49798445e+04 2.12524665e+04 2.97437445e+04 2.29112409e+02
 1.17470840e+03 3.88453934e+03 9.76695346e+03 2.15778301e+04
 4.22581168e+04 7.50788435e+04 1.23673593e+05 1.90456601e+05
 2.75523993e+05 3.78338894e+05 4.96018400e+05 6.22710419e+05
 7.53740072e+05 8.82121376e+05 9.99683362e+05 1.10104873e+06
 1.18360623e+06 1.24602051e+06 1.29006874e+06 1.32215116e+06
 1.34873480e+06 1.37711030e+06 1.41376210e+06 1.45885921e+06
 1.50894082e+06 1.55854644e+06 1.60121062e+06 1.62584955e+06
 1.62991342e+06 1.53931492e+06 1.57373360e+06 1.59137496e+06
 1.59192626e+06 1.57506499e+06 1.53976650e+06 1.48914221e+06
 1.42523484e+06 1.34904943e+06 1.26306042e+06 1.16785335e+06
 1.07023957e+06 9.69625770e+05 8.67269361e+05 7.68598606e+05
 6.72240820e+05 5.83284617e+05 4.97420004e+05 4.19187200e+05
 3.50133453e+05 2.89419050e+05 2.36939797e+05 1.91407119e+05
 1.51860379e+05 1.19486776e+05 9.27633617e+04 7.16076164e+04
 5.44134627e+04 4.10644687e+04 2.97437445e+04 2.12524665e+04
 1.49798445e+04 1.04157256e+04 7.14423983e+03 4.83400152e+03
 3.22657531e+03 2.12452132e+03 1.37995412e+03 8.84203977e+02
 5.58887693e+02 3.48482436e+02 2.14349022e+02 1.30060789e+02
 7.78494459e+01]",1,0.9784089622832908,,1629913.4199365654
12,6616,273925.47,15.594467,16.064179,16.91839,694.48285,694.4759-694.48979,15561048.566896925,951035.5966281891,117,951035.9133802062,100.0,940683.8017325943,98.9,[0.76],"[301.2173, 327.233]",[301.21753],[100.0],"[15.009968 15.019968 15.029968 15.039968 15.049968 15.059968 15.069968
 15.079968 15.089968 15.099968 15.109968 15.119968 15.129968 15.139968
 15.149968 15.159968 15.169968 15.179968 15.189968 15.199968 15.209968
 15.209968 15.21957  15.230153 15.239973 15.250155 15.260138 15.269847
 15.280137 15.289834 15.299671 15.309797 15.31964  15.329859 15.339192
 15.348803 15.358793 15.368676 15.378602 15.387968 15.397821 15.407976
 15.417776 15.427933 15.437799 15.447807 15.457974 15.467876 15.477782
 15.487765 15.497789 15.507878 15.517718 15.527777 15.537349 15.547311
 15.556736 15.566579 15.576905 15.586528 15.596371 15.605986 15.61573
 15.626005 15.635863 15.646434 15.656476 15.666318 15.676123 15.68576
 15.696166 15.70593  15.716173 15.726678 15.736338 15.746475 15.756148
 15.765752 15.776228 15.786013 15.79625  15.80595  15.815435 15.825539
 15.835274 15.845216 15.854905 15.864327 15.874146 15.88368  15.89368
 15.903152 15.912534 15.922111 15.931553 15.941404 15.950826 15.960086
 15.969579 15.978965 15.98877  15.998488 16.007692 16.01712  16.026431
 16.036018 16.045607 16.054761 16.064179 16.073597 16.082751 16.09234
 16.101927 16.111238 16.120666 16.12987  16.139588 16.149393 16.158779
 16.168272 16.177532 16.186954 16.196805 16.206247 16.215824 16.225206
 16.234678 16.244678 16.254212 16.264031 16.273453 16.283142 16.293084
 16.302819 16.312923 16.322408 16.332108 16.342345 16.35213  16.362606
 16.37221  16.381883 16.39202  16.40168  16.412185 16.422428 16.432192
 16.442598 16.452235 16.46204  16.471882 16.481924 16.492495 16.502353
 16.512628 16.522372 16.531987 16.54183  16.551453 16.561779 16.571622
 16.581047 16.591009 16.600581 16.61064  16.62048  16.630569 16.640593
 16.650576 16.660482 16.670384 16.680551 16.690559 16.700425 16.710582
 16.720382 16.730537 16.74039  16.749756 16.759682 16.769565 16.779555
 16.789166 16.798499 16.808718 16.818561 16.828687 16.838524 16.848221
 16.858511 16.86822  16.878203 16.888385 16.898205 16.908788 16.91839
 16.91839  16.92839  16.93839  16.94839  16.95839  16.96839  16.97839
 16.98839  16.99839  17.00839  17.01839  17.02839  17.03839  17.04839
 17.05839  17.06839  17.07839  17.08839  17.09839  17.10839  17.11839
 17.12839 ]","[1.11002586e+02 1.24335731e+02 1.39199662e+02 1.55761376e+02
 1.74205050e+02 1.94733681e+02 2.17570883e+02 2.42962834e+02
 2.71180393e+02 3.02521395e+02 3.37313150e+02 3.75915142e+02
 4.18721957e+02 4.66166456e+02 5.18723201e+02 5.76912164e+02
 6.41302728e+02 7.12518013e+02 7.91239533e+02 8.78212221e+02
 9.74249841e+02 9.74249841e+02 1.07582035e+03 1.19942682e+03
 1.32611537e+03 1.47086131e+03 1.62727428e+03 1.79446204e+03
 1.98940153e+03 2.19137007e+03 2.41603545e+03 2.67001180e+03
 2.94098639e+03 3.24975265e+03 3.55833772e+03 3.90496077e+03
 4.29894713e+03 4.72545622e+03 5.19382389e+03 5.67565250e+03
 6.22785985e+03 6.84973307e+03 7.50494897e+03 8.24600317e+03
 9.03128723e+03 9.89931178e+03 1.08609363e+04 1.18812157e+04
 1.29913352e+04 1.42078775e+04 1.55361370e+04 1.69896610e+04
 1.85289764e+04 2.02365114e+04 2.19967777e+04 2.39796972e+04
 2.60079517e+04 2.82958850e+04 3.08963717e+04 3.35181706e+04
 3.64124963e+04 3.94621744e+04 4.27929400e+04 4.65858545e+04
 5.05149873e+04 5.50670314e+04 5.97392226e+04 6.46706436e+04
 6.99540378e+04 7.55313648e+04 8.20106364e+04 8.85504180e+04
 9.59223045e+04 1.04063029e+05 1.12101854e+05 1.21144441e+05
 1.30388916e+05 1.40199287e+05 1.51662918e+05 1.63133382e+05
 1.75971687e+05 1.88974668e+05 2.02524422e+05 2.17919207e+05
 2.33742972e+05 2.50964983e+05 2.68838948e+05 2.87309000e+05
 3.07761124e+05 3.28857625e+05 3.52365982e+05 3.76004726e+05
 4.00801702e+05 4.27604231e+05 4.55575172e+05 4.86474907e+05
 5.17749106e+05 5.50202025e+05 5.85319473e+05 6.21964234e+05
 6.62380536e+05 7.04689515e+05 7.46919276e+05 7.92448206e+05
 8.39762990e+05 8.91023745e+05 9.44983763e+05 9.99106439e+05
 9.51035913e+05 9.46814795e+05 9.33105041e+05 9.11073341e+05
 8.81894319e+05 8.47071517e+05 8.08211427e+05 7.65800960e+05
 7.21322187e+05 6.74559435e+05 6.26876890e+05 5.78233867e+05
 5.29137977e+05 4.82115698e+05 4.38139901e+05 3.98528350e+05
 3.64137480e+05 3.34547551e+05 3.09472066e+05 2.87959564e+05
 2.68828925e+05 2.51706183e+05 2.36433265e+05 2.22371935e+05
 2.09406000e+05 1.97112493e+05 1.85546334e+05 1.74425118e+05
 1.63665616e+05 1.53447023e+05 1.43976943e+05 1.35159511e+05
 1.27274401e+05 1.19976326e+05 1.13205266e+05 1.06742406e+05
 1.00453058e+05 9.44848431e+04 8.89736436e+04 8.40306424e+04
 7.96812529e+04 7.57645875e+04 7.22093550e+04 6.88485481e+04
 6.54855180e+04 6.20521655e+04 5.85561543e+04 5.50715469e+04
 5.18174181e+04 4.88967210e+04 4.63428955e+04 4.40967027e+04
 4.20077737e+04 4.01157527e+04 3.83945221e+04 3.69851972e+04
 3.57758541e+04 3.47146306e+04 3.38750279e+04 3.31469475e+04
 3.23906618e+04 3.16615460e+04 3.08484158e+04 2.99774046e+04
 2.90586685e+04 2.81679954e+04 2.73812667e+04 2.67309917e+04
 2.60435545e+04 2.52277091e+04 2.41901790e+04 2.29546810e+04
 2.15697089e+04 2.00545421e+04 1.87203726e+04 1.76267249e+04
 1.67793248e+04 1.61599222e+04 1.56682149e+04 1.50927085e+04
 1.43616180e+04 1.35421707e+04 1.26351038e+04 1.17450156e+04
 1.09386388e+04 1.01813286e+04 9.48930973e+03 8.88746325e+03
 9.74249841e+02 8.78212221e+02 7.91239533e+02 7.12518013e+02
 6.41302728e+02 5.76912164e+02 5.18723201e+02 4.66166456e+02
 4.18721957e+02 3.75915142e+02 3.37313150e+02 3.02521395e+02
 2.71180393e+02 2.42962834e+02 2.17570883e+02 1.94733681e+02
 1.74205050e+02 1.55761376e+02 1.39199662e+02 1.24335731e+02
 1.11002586e+02 9.90488889e+01]",1,0.9902149137494525,,999106.4386946282
13,5515,442894.16,13.193739,13.481989,14.232737,708.46191,708.45483-708.469,23523306.730843026,1704273.2114753723,109,1698270.5469975502,99.6,1689215.5183229672,99.1,[1.57],"[301.2173, 327.233]",[301.21777],[100.0],"[12.847388 12.856909 12.866279 12.87574  12.885134 12.894687 12.904038
 12.913399 12.922842 12.932236 12.941707 12.951044 12.960403 12.969767
 12.979318 12.988678 12.998023 13.007332 13.01716  13.026482 13.035531
 13.044965 13.054402 13.064392 13.07411  13.083246 13.092937 13.102666
 13.112476 13.122019 13.131196 13.140708 13.150326 13.159879 13.169234
 13.178462 13.18795  13.197294 13.206747 13.216638 13.225899 13.235183
 13.244366 13.254032 13.263499 13.272928 13.282121 13.291507 13.301184
 13.310945 13.320324 13.329539 13.338913 13.348631 13.357946 13.367857
 13.376976 13.386741 13.396527 13.406547 13.416096 13.425214 13.434812
 13.444114 13.453827 13.463232 13.472227 13.481989 13.491751 13.500746
 13.510151 13.519864 13.529166 13.538764 13.547882 13.557431 13.567451
 13.577237 13.587002 13.596121 13.606032 13.615347 13.625065 13.634439
 13.643654 13.653033 13.662794 13.672471 13.681857 13.69105  13.700479
 13.709946 13.719612 13.728795 13.738079 13.74734  13.757231 13.766684
 13.776028 13.785516 13.794744 13.804099 13.813652 13.82327  13.832782
 13.841959 13.851502 13.861312 13.871041 13.880732 13.889868 13.899586
 13.909576 13.919013 13.928447 13.937496 13.946818 13.956646 13.965955
 13.9753   13.98466  13.994211 14.003575 14.012934 14.022271 14.031742
 14.041136 14.050579 14.05994  14.069291 14.078844 14.088238 14.097699
 14.107069 14.11659  14.126359 14.135847 14.145236 14.154899 14.164363
 14.17433  14.18413  14.193576 14.203391 14.213052 14.223109 14.232737]","[1.23217430e+02 1.55866843e+02 1.95904105e+02 2.46103153e+02
 3.07833323e+02 3.85442830e+02 4.79036233e+02 5.93905204e+02
 7.35710750e+02 9.07908514e+02 1.11928813e+03 1.37211992e+03
 1.67838388e+03 2.04774389e+03 2.50142850e+03 3.03521653e+03
 3.67196453e+03 4.42729126e+03 5.37849616e+03 6.45132806e+03
 7.67755113e+03 9.18028895e+03 1.09479983e+04 1.31525137e+04
 1.56763346e+04 1.84405269e+04 2.18462941e+04 2.58237313e+04
 3.04785981e+04 3.57098744e+04 4.14767755e+04 4.83077913e+04
 5.62015311e+04 6.51360548e+04 7.50576132e+04 8.60985712e+04
 9.88780352e+04 1.13012271e+05 1.29018191e+05 1.47765820e+05
 1.67328063e+05 1.89041393e+05 2.12737950e+05 2.40227912e+05
 2.69845540e+05 3.02150864e+05 3.36487561e+05 3.74576178e+05
 4.17189048e+05 4.63740143e+05 5.11951857e+05 5.62726256e+05
 6.17901552e+05 6.78895293e+05 7.40996574e+05 8.10959711e+05
 8.78822960e+05 9.55111805e+05 1.03518293e+06 1.12073025e+06
 1.20538565e+06 1.28883046e+06 1.37913146e+06 1.46873582e+06
 1.56410494e+06 1.65779323e+06 1.74822306e+06 1.70208953e+06
 1.69922187e+06 1.67064628e+06 1.61929083e+06 1.55010342e+06
 1.46597562e+06 1.37130168e+06 1.27096813e+06 1.16690904e+06
 1.06283792e+06 9.60286503e+05 8.62589954e+05 7.70843924e+05
 6.87293323e+05 6.12761904e+05 5.48377477e+05 4.93694047e+05
 4.47116881e+05 4.07108898e+05 3.72585752e+05 3.42506349e+05
 3.15455112e+05 2.90547060e+05 2.67009478e+05 2.44775766e+05
 2.24049540e+05 2.04926771e+05 1.87691621e+05 1.72061152e+05
 1.57931351e+05 1.44827911e+05 1.32774278e+05 1.21719145e+05
 1.12109189e+05 1.03714747e+05 9.65500984e+04 9.05295845e+04
 8.52918491e+04 8.08924338e+04 7.70769016e+04 7.36672577e+04
 7.07695951e+04 6.85143861e+04 6.68676975e+04 6.57657923e+04
 6.52300720e+04 6.50233107e+04 6.49485132e+04 6.49014761e+04
 6.48656525e+04 6.46934735e+04 6.42000617e+04 6.35729193e+04
 6.27255282e+04 6.16422411e+04 6.03035581e+04 5.84791612e+04
 5.62336195e+04 5.36747359e+04 5.08846674e+04 4.81503845e+04
 4.54682848e+04 4.28640928e+04 4.02240614e+04 3.74922686e+04
 3.47170837e+04 3.17918035e+04 2.86563750e+04 2.55710543e+04
 2.26907520e+04 2.02898790e+04 1.83581413e+04 1.69019059e+04
 1.57598074e+04 1.48617155e+04 1.40807504e+04 1.34827706e+04
 1.29784755e+04 1.26188490e+04 1.23805169e+04]",1,0.9901462423467914,,1748223.057166663
14,2243,640451.75,5.0356085,5.2638078,6.0490601,708.46198,708.45489-708.46906,26451363.668849643,1239244.883263588,101,1037337.4395736677,83.7,1179438.6936332288,95.2,[0.56],"[301.2173, 327.233]",[301.21713],[26.36515],"[4.7956085 4.8056085 4.8156085 4.8256085 4.8356085 4.8456085 4.8556085
 4.8656085 4.8756085 4.8856085 4.8956085 4.9056085 4.9156085 4.9256085
 4.9356085 4.9456085 4.9556085 4.9656085 4.9756085 4.9856085 4.9956085
 5.0056085 5.0156085 5.0256085 5.0356085 5.0449614 5.0542985 5.0634991
 5.0731491 5.0829786 5.0928252 5.1022627 5.111844  5.1212398 5.1310773
 5.1410745 5.1505745 5.1600063 5.1694074 5.1786948 5.1887523 5.1981745
 5.2074402 5.2168662 5.2263896 5.2357361 5.2451953 5.2544586 5.2638078
 5.273157  5.2824203 5.2918795 5.301226  5.3107494 5.3201754 5.3294411
 5.3388633 5.3489208 5.3582082 5.3676093 5.3770411 5.3865411 5.3965383
 5.4063758 5.4157716 5.4253529 5.4347904 5.444637  5.4544665 5.4641165
 5.4733171 5.4826542 5.4920071 5.5020071 5.5120071 5.5220071 5.5320071
 5.5420071 5.5520071 5.5620071 5.5720071 5.5820071 5.5920071 5.6020071
 5.6120071 5.6220071 5.6320071 5.6420071 5.6520071 5.6620071 5.6720071
 5.6820071 5.6920071 5.7020071 5.7120071 5.7220071 5.7320071]","[7.19490699e+01 1.06942283e+02 1.57660174e+02 2.30538163e+02
 3.34358167e+02 4.80982552e+02 6.86269958e+02 9.71200578e+02
 1.36323635e+03 1.89793642e+03 2.62083961e+03 3.58961198e+03
 4.87643957e+03 6.57062177e+03 8.78129098e+03 1.16401492e+04
 1.53040722e+04 1.99573900e+04 2.58136111e+04 3.31163192e+04
 4.21389428e+04 5.31830808e+04 6.65750692e+04 8.26605025e+04
 1.86691404e+05 1.91827455e+05 1.99171917e+05 2.09630048e+05
 2.24531898e+05 2.44645777e+05 2.71162736e+05 3.04851720e+05
 3.46281013e+05 3.95698046e+05 4.53588234e+05 5.18899581e+05
 5.90864554e+05 6.67570677e+05 7.46502631e+05 8.26222294e+05
 9.04415217e+05 9.79099973e+05 1.04712403e+06 1.10599933e+06
 1.15444128e+06 1.19132808e+06 1.21712459e+06 1.23296087e+06
 1.23922335e+06 1.25163408e+06 1.21851061e+06 1.17703633e+06
 1.12929713e+06 1.07471898e+06 1.01585016e+06 9.54343692e+05
 8.89190592e+05 8.17965623e+05 7.51728593e+05 6.85201110e+05
 6.19853705e+05 5.56226495e+05 4.92369209e+05 4.33222489e+05
 3.80554988e+05 3.30966080e+05 2.86333446e+05 2.44265154e+05
 2.06793162e+05 1.74258262e+05 1.46971365e+05 1.22772469e+05
 1.01796474e+05 8.26605025e+04 6.65750692e+04 5.31830808e+04
 4.21389428e+04 3.31163192e+04 2.58136111e+04 1.99573900e+04
 1.53040722e+04 1.16401492e+04 8.78129098e+03 6.57062177e+03
 4.87643957e+03 3.58961198e+03 2.62083961e+03 1.89793642e+03
 1.36323635e+03 9.71200578e+02 6.86269958e+02 4.80982552e+02
 3.34358167e+02 2.30538163e+02 1.57660174e+02 1.06942283e+02
 7.19490699e+01]",1,0.9922455896123936,,1251634.0793568164
15,6747,351863.75,15.961074,16.35213,16.898205,720.4986,720.49139-720.5058,27962812.267118797,1300492.7578516006,96,1299807.8950819764,99.9,1168589.9414486354,89.9,[3.19],"[301.2173, 327.233]",[301.21826],[100.0],"[15.921074 15.931074 15.941074 15.951074 15.961074 15.97032  15.979962
 15.989065 15.998757 16.008127 16.017401 16.026796 16.035917 16.045511
 16.054918 16.064179 16.073597 16.082751 16.09234  16.101927 16.111238
 16.120666 16.12987  16.139588 16.149393 16.158779 16.168272 16.177532
 16.186954 16.196805 16.206247 16.215824 16.225206 16.234678 16.244678
 16.254212 16.264031 16.273453 16.283142 16.293084 16.302819 16.312923
 16.322408 16.332108 16.342345 16.35213  16.361915 16.372152 16.381852
 16.391337 16.401441 16.411176 16.421118 16.430807 16.440229 16.450048
 16.459582 16.469582 16.479054 16.488436 16.498013 16.507455 16.517306
 16.526728 16.535988 16.545481 16.554867 16.564672 16.57439  16.583594
 16.593022 16.602333 16.61192  16.621509 16.630663 16.640081 16.649342
 16.658749 16.668343 16.677464 16.686859 16.696133 16.705503 16.715195
 16.724298 16.73394  16.743186 16.753186 16.763186 16.773186 16.783186]","[9.70388829e+01 1.53453363e+02 2.39931230e+02 3.70917138e+02
 1.99612244e+02 4.53932443e+02 8.17158735e+02 1.37582626e+03
 2.02430838e+03 2.79587537e+03 3.74705777e+03 4.83605582e+03
 6.29278038e+03 8.44060332e+03 1.16646982e+04 1.63648575e+04
 2.28790876e+04 3.15527106e+04 4.25081366e+04 5.66260651e+04
 7.43968684e+04 9.63157415e+04 1.22757951e+05 1.54282723e+05
 1.91391971e+05 2.34728389e+05 2.84142869e+05 3.40146700e+05
 4.02488849e+05 4.71252295e+05 5.45514652e+05 6.24104053e+05
 7.05917228e+05 7.88141117e+05 8.68602207e+05 9.45084567e+05
 1.01610629e+06 1.08006491e+06 1.13559611e+06 1.18224481e+06
 1.21983952e+06 1.24939709e+06 1.27108231e+06 1.28663294e+06
 1.29614376e+06 1.30030137e+06 1.28588061e+06 1.29582029e+06
 1.29108809e+06 1.27328466e+06 1.24060159e+06 1.19674131e+06
 1.14083577e+06 1.07719773e+06 1.00838149e+06 9.31318878e+05
 8.53168624e+05 7.69671274e+05 6.90875796e+05 6.14594524e+05
 5.39826810e+05 4.70215009e+05 4.02777981e+05 3.43791735e+05
 2.91374583e+05 2.43456063e+05 2.01794697e+05 1.64108479e+05
 1.32276118e+05 1.06782632e+05 8.49054153e+04 6.70368115e+04
 5.20226193e+04 3.99507062e+04 3.07494696e+04 2.32578227e+04
 1.75011414e+04 1.29806502e+04 9.47244620e+03 6.95303766e+03
 5.00695124e+03 3.58549698e+03 2.53353228e+03 1.75055371e+03
 1.22510231e+03 8.30892684e+02 5.66952624e+02 3.70917138e+02
 2.39931230e+02 1.53453363e+02 9.70388829e+01]",1,0.9994479920491359,,1300301.3714083245
16,7311,500047.25,17.458334,17.796754,18.385368,720.49884,720.49164-720.50605,40289182.715959296,2143854.7229919434,98,2141421.938958369,99.9,2063138.0654635278,96.2,[2.52],"[301.2173, 327.233]",[327.23383],[100.0],"[17.368334 17.378334 17.388334 17.398334 17.408334 17.418334 17.428334
 17.438334 17.448334 17.458334 17.468353 17.477994 17.487184 17.496691
 17.505975 17.51608  17.525637 17.534702 17.544368 17.553615 17.563269
 17.572729 17.581803 17.591499 17.600755 17.610389 17.619899 17.628978
 17.638274 17.647511 17.656853 17.666171 17.675257 17.68482  17.694299
 17.703732 17.712972 17.722029 17.731276 17.740542 17.750109 17.759377
 17.768454 17.777656 17.78693  17.796754 17.806578 17.815852 17.825054
 17.834131 17.843399 17.852966 17.862232 17.871479 17.880536 17.889776
 17.899209 17.908688 17.918251 17.927337 17.936655 17.945997 17.955234
 17.96453  17.973609 17.983119 17.992753 18.002009 18.011705 18.020779
 18.030239 18.039893 18.04914  18.058806 18.067871 18.077428 18.087533
 18.096817 18.106324 18.115514 18.125155 18.135174 18.145174 18.155174
 18.165174 18.175174 18.185174 18.195174 18.205174 18.215174 18.225174]","[7.47981791e+01 1.20289323e+02 1.91280462e+02 3.00761070e+02
 4.67606035e+02 7.18862902e+02 1.09274673e+03 1.64248130e+03
 2.44111833e+03 1.18456268e+03 2.24416325e+03 3.80735175e+03
 6.15559659e+03 9.46670225e+03 1.38799970e+04 1.96934744e+04
 2.73175221e+04 3.74758875e+04 5.07555298e+04 6.78801977e+04
 9.01020854e+04 1.17737223e+05 1.52455332e+05 1.94289687e+05
 2.43493218e+05 3.01401281e+05 3.68297008e+05 4.45985931e+05
 5.34171665e+05 6.32952567e+05 7.40874862e+05 8.54869992e+05
 9.73392002e+05 1.09360204e+06 1.21439974e+06 1.33479950e+06
 1.45331907e+06 1.56892103e+06 1.68095112e+06 1.78781960e+06
 1.88682988e+06 1.97435211e+06 2.04627550e+06 2.09986210e+06
 2.13154799e+06 2.14330768e+06 2.12340332e+06 2.09524318e+06
 2.04796417e+06 1.98374625e+06 1.90195208e+06 1.80266506e+06
 1.69470540e+06 1.57812221e+06 1.45803405e+06 1.33218465e+06
 1.20291081e+06 1.07473382e+06 9.49467642e+05 8.35985845e+05
 7.26626252e+05 6.25175649e+05 5.33616114e+05 4.50611274e+05
 3.78449719e+05 3.12098502e+05 2.54080825e+05 2.06480701e+05
 1.64440628e+05 1.31617880e+05 1.03328064e+05 7.98826454e+04
 6.18191416e+04 4.68033412e+04 3.57100855e+04 2.65812125e+04
 1.92374016e+04 1.41489415e+04 1.02264891e+04 7.39992411e+03
 5.21665095e+03 3.58744050e+03 2.44111833e+03 1.64248130e+03
 1.09274673e+03 7.18862902e+02 4.67606035e+02 3.00761070e+02
 1.91280462e+02 1.20289323e+02 7.47981791e+01]",1,0.9998034184463455,,2143307.676527852
17,6378,752377.25,15.209985,15.537098,15.83946,722.49921,722.49198-722.50643,19330017.700891078,1512086.0458068848,66,1510911.136657719,99.9,1465076.1216462145,96.9,[0.25],"[301.2173, 327.233]",[301.21738],[23.37571],"[15.149985 15.159985 15.169985 15.179985 15.189985 15.199985 15.209985
 15.219699 15.229151 15.238589 15.248032 15.257455 15.267439 15.277123
 15.286599 15.296003 15.305394 15.31533  15.325196 15.334864 15.344285
 15.353645 15.363406 15.373287 15.383112 15.39246  15.401817 15.411474
 15.421398 15.430945 15.440434 15.450103 15.459823 15.469338 15.478859
 15.488399 15.498119 15.507892 15.517405 15.526939 15.537098 15.547257
 15.556791 15.566304 15.576077 15.585797 15.595337 15.604858 15.614373
 15.624093 15.633762 15.643251 15.652798 15.662722 15.672379 15.681736
 15.691084 15.700909 15.71079  15.720551 15.729911 15.739332 15.749
 15.758866 15.768802 15.778193 15.787597 15.797073 15.806757 15.816741
 15.826164 15.835607 15.845045 15.854497 15.864211 15.874211 15.884211
 15.894211 15.904211 15.914211 15.924211]","[8.56500773e+01 1.40737335e+02 2.28280679e+02 3.65516730e+02
 5.77728287e+02 9.01401499e+02 3.21237320e+02 7.98684195e+02
 1.70951251e+03 3.30779213e+03 5.82281332e+03 9.36984059e+03
 1.41824221e+04 2.04217457e+04 2.81541531e+04 3.77647182e+04
 4.93613317e+04 6.36526354e+04 8.13905469e+04 1.03425632e+05
 1.30515406e+05 1.63536863e+05 2.03796243e+05 2.51583447e+05
 3.08051041e+05 3.73291193e+05 4.47187351e+05 5.29980199e+05
 6.20320720e+05 7.16454645e+05 8.15200392e+05 9.15288063e+05
 1.01285281e+06 1.10655222e+06 1.19505723e+06 1.27721491e+06
 1.35146328e+06 1.41455427e+06 1.46509198e+06 1.49836493e+06
 1.51209866e+06 1.49557346e+06 1.46548127e+06 1.41931606e+06
 1.35675070e+06 1.28144912e+06 1.19728411e+06 1.10573405e+06
 1.00933345e+06 9.08468375e+05 8.08267811e+05 7.12255368e+05
 6.19829323e+05 5.29777337e+05 4.49193825e+05 3.78442064e+05
 3.15298352e+05 2.57100985e+05 2.06779512e+05 1.64691411e+05
 1.30877233e+05 1.02667594e+05 7.90771406e+04 5.98314183e+04
 4.46085205e+04 3.34040222e+04 2.47193849e+04 1.80404172e+04
 1.29192550e+04 9.04100217e+03 6.37919674e+03 4.44617311e+03
 3.06394400e+03 2.08601131e+03 1.38832514e+03 9.01401499e+02
 5.77728287e+02 3.65516730e+02 2.28280679e+02 1.40737335e+02
 8.56500773e+01]",1,0.9999575095771596,,1512098.662303848
18,8726,872223.31,20.750129,21.162617,22.665252,722.51385,722.50663-722.52108,76831881.48244582,3995016.0769195557,197,3993706.9245806946,100.0,3972873.3620959194,99.4,[1.07],"[301.2173, 327.233]",[301.21762],[100.0],"[20.710129 20.720129 20.730129 20.740129 20.750129 20.759715 20.769116
 20.77897  20.788668 20.798153 20.807794 20.817245 20.827138 20.837044
 20.846494 20.856232 20.865702 20.875584 20.88551  20.89496  20.904709
 20.914221 20.923811 20.933755 20.943244 20.953132 20.962679 20.972137
 20.981667 20.991192 21.00073  21.010501 21.019929 21.029388 21.038983
 21.048403 21.057803 21.06724  21.076883 21.086653 21.096039 21.105421
 21.114888 21.124668 21.134433 21.143822 21.153204 21.162617 21.17203
 21.181412 21.190801 21.200566 21.210346 21.219813 21.229195 21.238581
 21.248351 21.257994 21.267431 21.276831 21.286251 21.295846 21.305305
 21.314733 21.324504 21.334042 21.343567 21.353097 21.362555 21.372102
 21.38199  21.391479 21.401423 21.411013 21.420525 21.430274 21.439724
 21.44965  21.459532 21.469002 21.47874  21.48819  21.498096 21.507989
 21.51744  21.527081 21.536566 21.546264 21.556118 21.565519 21.575105
 21.585105 21.595105 21.605105 21.615105]","[8.93096316e+01 1.42698264e+02 2.25623482e+02 3.53016597e+02
 6.31140457e+02 1.25434631e+03 2.23752361e+03 3.61675659e+03
 5.50190972e+03 7.77853834e+03 1.04936310e+04 1.37032213e+04
 1.75682000e+04 2.24248078e+04 2.84361298e+04 3.57833491e+04
 4.49722409e+04 5.66736078e+04 7.18576742e+04 9.15579352e+04
 1.17346629e+05 1.50855197e+05 1.93608816e+05 2.47194945e+05
 3.13422219e+05 3.92651559e+05 4.86914739e+05 5.95873197e+05
 7.20027878e+05 8.61148618e+05 1.01913543e+06 1.19506369e+06
 1.38681180e+06 1.59406577e+06 1.81319474e+06 2.03965116e+06
 2.27051825e+06 2.50110684e+06 2.72795833e+06 2.94961964e+06
 3.15991919e+06 3.35612508e+06 3.53516980e+06 3.69190058e+06
 3.81996309e+06 3.91579177e+06 3.97462738e+06 3.99512752e+06
 3.96655295e+06 3.91442743e+06 3.82741236e+06 3.70247114e+06
 3.54570609e+06 3.36794851e+06 3.17103723e+06 2.95810996e+06
 2.72477123e+06 2.48797704e+06 2.25478711e+06 2.02534853e+06
 1.80201074e+06 1.58459120e+06 1.38281475e+06 1.19605005e+06
 1.01899003e+06 8.63088758e+05 7.24276009e+05 6.01973199e+05
 4.96326150e+05 4.04609794e+05 3.24160280e+05 2.59525929e+05
 2.03502546e+05 1.59386804e+05 1.23896775e+05 9.47688587e+04
 7.23951061e+04 5.40109244e+04 3.99355951e+04 2.96163679e+04
 2.15659951e+04 1.57018922e+04 1.11459620e+04 7.83461548e+03
 5.54108089e+03 3.85438710e+03 2.67137892e+03 1.81845833e+03
 1.21785792e+03 8.22946005e+02 5.46576769e+02 3.53016597e+02
 2.25623482e+02 1.42698264e+02 8.93096316e+01]",1,0.9999685171068496,,3995127.524052495
19,6159,449080.34,14.570303,14.988555,15.574927,734.47742,734.47007-734.48476,29406322.246218488,1778762.1802330017,104,1723164.8550154332,96.9,1745700.2995247026,98.1,[1.12],"[301.2173, 327.233]",[327.23337],[100.0],"[14.152183 14.162183 14.172183 14.182183 14.192183 14.202183 14.212183
 14.222183 14.232183 14.242183 14.252183 14.262183 14.272183 14.282183
 14.292183 14.302183 14.312183 14.322183 14.332183 14.342183 14.352183
 14.362183 14.372183 14.382183 14.392183 14.402183 14.402183 14.411739
 14.420974 14.430653 14.440012 14.450171 14.459705 14.469218 14.478991
 14.488711 14.498251 14.507772 14.517287 14.527007 14.536676 14.546165
 14.555712 14.565636 14.575293 14.58465  14.593998 14.603823 14.613704
 14.623465 14.632825 14.642246 14.651914 14.66178  14.671716 14.681107
 14.690511 14.699987 14.709671 14.719655 14.729078 14.738521 14.747959
 14.757411 14.767125 14.776604 14.786519 14.795897 14.805443 14.814965
 14.824772 14.834564 14.843997 14.853674 14.863433 14.873252 14.883474
 14.892746 14.902316 14.912276 14.921783 14.931419 14.940824 14.950208
 14.959895 14.96918  14.979135 14.988555 14.997975 15.00793  15.017215
 15.026902 15.036286 15.045691 15.055327 15.064834 15.074794 15.084364
 15.093636 15.103858 15.113677 15.123436 15.133113 15.142546 15.152338
 15.162145 15.171667 15.181213 15.190591 15.200506 15.209985 15.219699
 15.229151 15.238589 15.248032 15.257455 15.267439 15.277123 15.286599
 15.296003 15.305394 15.31533  15.325196 15.334864 15.344285 15.353645
 15.363406 15.373287 15.383112 15.39246  15.401817 15.411474 15.421398
 15.430945 15.440434 15.450103 15.459823 15.469338 15.478859 15.488399
 15.498119 15.507892 15.517405 15.526939 15.537098 15.546457 15.556136
 15.565371 15.574927 15.574927 15.584927 15.594927 15.604927 15.614927
 15.624927 15.634927 15.644927 15.654927 15.664927 15.674927 15.684927
 15.694927 15.704927 15.714927 15.724927 15.734927 15.744927 15.754927
 15.764927 15.774927 15.784927 15.794927 15.804927 15.814927 15.824927
 15.834927]","[1.08474256e+02 1.28378877e+02 1.51747043e+02 1.79145819e+02
 2.11228682e+02 2.48747587e+02 2.92566527e+02 3.43676764e+02
 4.03213884e+02 4.72476878e+02 5.52949430e+02 6.46323644e+02
 7.54526411e+02 8.79748676e+02 1.02447785e+03 1.19153360e+03
 1.38410741e+03 1.60580595e+03 1.86069893e+03 2.15337132e+03
 2.48898063e+03 2.87331925e+03 3.31288242e+03 3.81494195e+03
 4.38762620e+03 5.04000632e+03 5.04000632e+03 5.74718023e+03
 6.51769901e+03 7.42790341e+03 8.41937714e+03 9.63405968e+03
 1.09202033e+04 1.23606928e+04 1.40222120e+04 1.58774740e+04
 1.79163953e+04 2.01894814e+04 2.27236321e+04 2.56113051e+04
 2.88142078e+04 3.23100727e+04 3.62144811e+04 4.07250013e+04
 4.55992417e+04 5.08216024e+04 5.65745998e+04 6.32502558e+04
 7.06729520e+04 7.87664089e+04 8.72993432e+04 9.67150583e+04
 1.07311182e+05 1.19179066e+05 1.32296008e+05 1.45853188e+05
 1.60644679e+05 1.76870214e+05 1.94921226e+05 2.15199178e+05
 2.36000539e+05 2.58576602e+05 2.82984798e+05 3.09394660e+05
 3.38714457e+05 3.69583000e+05 4.04401818e+05 4.39853211e+05
 4.78595106e+05 5.20051242e+05 5.65837640e+05 6.14841390e+05
 6.65306924e+05 7.20555838e+05 7.79999773e+05 8.43749867e+05
 9.14492102e+05 9.82671419e+05 1.05719062e+06 1.13937461e+06
 1.22236556e+06 1.31114806e+06 1.40245414e+06 1.49824924e+06
 1.60216411e+06 1.70665424e+06 1.82409175e+06 1.77768896e+06
 1.75722467e+06 1.71419419e+06 1.65292350e+06 1.57815978e+06
 1.49485076e+06 1.40486344e+06 1.31176755e+06 1.21605713e+06
 1.11789634e+06 1.01955003e+06 9.22598268e+05 8.29832059e+05
 7.43311900e+05 6.64221095e+05 5.93969598e+05 5.33093930e+05
 4.81282789e+05 4.37846848e+05 4.01575234e+05 3.71461153e+05
 3.46587300e+05 3.25152588e+05 3.05770091e+05 2.88219754e+05
 2.71536744e+05 2.55635507e+05 2.40457975e+05 2.25869058e+05
 2.12299860e+05 1.99299829e+05 1.87037364e+05 1.75500513e+05
 1.64587341e+05 1.54309443e+05 1.44575837e+05 1.35233248e+05
 1.26444958e+05 1.18525243e+05 1.11334429e+05 1.05056786e+05
 9.91211771e+04 9.34035594e+04 8.76294818e+04 8.14956421e+04
 7.54238101e+04 6.96863353e+04 6.44482848e+04 5.97194885e+04
 5.54053964e+04 5.14565895e+04 4.76697101e+04 4.42188496e+04
 4.13614582e+04 3.91139721e+04 3.73867814e+04 3.60240524e+04
 3.47718105e+04 3.34686559e+04 3.22424858e+04 3.10397795e+04
 2.99838522e+04 5.04000632e+03 4.38762620e+03 3.81494195e+03
 3.31288242e+03 2.87331925e+03 2.48898063e+03 2.15337132e+03
 1.86069893e+03 1.60580595e+03 1.38410741e+03 1.19153360e+03
 1.02447785e+03 8.79748676e+02 7.54526411e+02 6.46323644e+02
 5.52949430e+02 4.72476878e+02 4.03213884e+02 3.43676764e+02
 2.92566527e+02 2.48747587e+02 2.11228682e+02 1.79145819e+02
 1.51747043e+02 1.28378877e+02 1.08474256e+02 9.15418238e+01]",1,0.9905587727015596,,1824091.7535861006
20,5683,482187.59,13.404089,13.813652,14.483293,734.47754,734.47019-734.48488,34708423.9731439,1860746.5511016846,113,1853071.4972195185,99.6,1803384.53504361,96.9,[2.89],"[301.2173, 327.233]",[301.21817],[100.0],"[13.404089 13.41424  13.423921 13.433827 13.443736 13.452982 13.462821
 13.472487 13.481989 13.491751 13.500746 13.510151 13.519864 13.529166
 13.538764 13.547882 13.557431 13.567451 13.577237 13.587002 13.596121
 13.606032 13.615347 13.625065 13.634439 13.643654 13.653033 13.662794
 13.672471 13.681857 13.69105  13.700479 13.709946 13.719612 13.728795
 13.738079 13.74734  13.757231 13.766684 13.776028 13.785516 13.794744
 13.804099 13.813652 13.823205 13.83256  13.841788 13.851276 13.86062
 13.870073 13.879964 13.889225 13.898509 13.907692 13.917358 13.926825
 13.936254 13.945447 13.954833 13.96451  13.974271 13.98365  13.992865
 14.002239 14.011957 14.021272 14.031183 14.040302 14.050067 14.059853
 14.069873 14.079422 14.08854  14.098138 14.10744  14.117153 14.126558
 14.135553 14.145315 14.154817 14.164483 14.174322 14.183568 14.193477
 14.203383]","[3.89025033e+03 5.31070999e+03 6.90919656e+03 8.62330612e+03
 1.02076402e+04 1.17714984e+04 1.31568701e+04 1.44240762e+04
 1.57514742e+04 1.73882637e+04 1.96960968e+04 2.30109407e+04
 2.74762692e+04 3.33562037e+04 4.07530260e+04 4.97973337e+04
 6.06134419e+04 7.33811363e+04 8.78885832e+04 1.04407684e+05
 1.22978902e+05 1.45063982e+05 1.71935260e+05 2.04749195e+05
 2.45655246e+05 2.96019493e+05 3.57119616e+05 4.30988139e+05
 5.18279241e+05 6.20038019e+05 7.34591297e+05 8.60466632e+05
 9.92720822e+05 1.12702632e+06 1.25756536e+06 1.38051147e+06
 1.49212375e+06 1.58965908e+06 1.67226919e+06 1.73915739e+06
 1.79083502e+06 1.82761673e+06 1.85067721e+06 1.86019839e+06
 1.85649307e+06 1.84149200e+06 1.80546797e+06 1.74776177e+06
 1.67244171e+06 1.58018349e+06 1.46969440e+06 1.35666367e+06
 1.23738879e+06 1.11667595e+06 9.89874701e+05 8.68799204e+05
 7.53672423e+05 6.48478167e+05 5.49600064e+05 4.57593259e+05
 3.75469068e+05 3.06681261e+05 2.48448790e+05 1.98162644e+05
 1.54767514e+05 1.20645730e+05 9.13590032e+04 6.98997224e+04
 5.18171504e+04 3.78875936e+04 2.71245068e+04 1.94754142e+04
 1.40294004e+04 9.81173006e+03 6.85501166e+03 4.65470476e+03
 3.16049417e+03 2.15784917e+03 1.40833117e+03 9.18069660e+02
 5.86575855e+02 3.66925852e+02 2.33270477e+02 1.41705082e+02
 8.49442390e+01]",1,0.9991230568824305,,1860198.389142682
21,2571,432275.19,5.9478737,6.152746,7.2767808,734.47778,734.47044-734.48513,35166929.274443425,1250246.4785904884,131,610865.7702367109,48.9,1214714.8739841152,97.2,"[0.05, 2.43]","[301.2173, 327.233]","[301.21729, 327.2338]","[5.26044, 27.48151]","[5.9478737 5.9578566 5.9673909 5.97773   5.9878231 5.9978587 6.0081106
 6.0183076 6.0286837 6.0390483 6.0490601 6.0596862 6.0699455 6.0801675
 6.0907213 6.1010767 6.1115372 6.1216637 6.1319241 6.1425377 6.152746
 6.1629205 6.17293   6.1832181 6.1934612 6.2030467 6.2131122 6.2231825
 6.2330493 6.2433567 6.2531377 6.2630044 6.2729754 6.2828044 6.2931976
 6.3033342 6.3129526 6.3230794 6.3330747 6.3437817 6.354078  6.3638609
 6.3741067 6.3847255 6.3953768 6.4057598 6.4156024 6.4258672 6.4365435
 6.4471196 6.4574973 6.4672763 6.4775035 6.4883702 6.4990943 6.5093827
 6.519231  6.5295534 6.5403492 6.5510065 6.5608201 6.5709873 6.5819623
 6.5927255 6.6034269 6.6138797 6.6247089 6.6350863 6.645761  6.6566473
 6.6663655 6.6768047 6.6875962 6.6981852 6.7085369 6.7180181 6.7281051
 6.7387805 6.7491352 6.7590989 6.768578  6.7785703 6.789043  6.7994706
 6.8094051 6.8188926 6.8288485 6.8389686 6.8493301 6.8593131 6.8687936
 6.8789739 6.8897597 6.899876  6.9098623 6.9195652 6.9297207 6.9402051
 6.9502464 6.9604173 6.9707036 6.9807068 6.9911514 7.0012177 7.0117402
 7.0213305 7.0313349 7.0416678 7.0518358 7.0622866 7.0721469 7.0821906
 7.0920736 7.1017007 7.1121507 7.1218516 7.1319631 7.1410165 7.1502224
 7.1600056 7.1696978 7.1797423 7.1889328 7.1981306 7.2082569 7.2179673
 7.2282129 7.2375603 7.2470798 7.2569662 7.2665444 7.2767808]","[ 615568.07931526  627867.22428376  644663.51214198  666290.32342076
  693159.63347264  725094.03967245  761995.63860549  803120.74481023
  848236.49114926  896611.90242325  946897.80624869  997218.34953875
 1045288.20424299 1090373.36142201 1130518.78641685 1165840.8280779
 1195607.58689668 1219315.65456002 1236278.4600014  1246650.24082065
 1250208.15432227 1246913.3137236  1236280.31052352 1218115.24913495
 1192067.90536356 1159647.90212489 1121967.63642855 1081244.93821946
 1038247.63053269  996266.12386259  955257.18506339  916062.47772443
  877255.60622411  838989.3588997   800541.10191313  763035.93078793
  727404.41183984  695048.29681785  666250.07029876  641637.42735475
  620179.49029045  601670.79206216  585208.56078262  570318.87195205
  556156.36809978  542729.11735502  530262.24556876  518792.02185
  507661.38119737  496860.71183446  485952.4484814   474460.1054228
  462253.91093642  449350.81298319  435949.49116951  422806.65276397
  410078.82015722  397540.9507288   385223.81354078  372973.55063653
  360667.26451042  348375.4587987   336558.99131192  325113.82748639
  314166.60673907  303706.83207237  293946.79522274  284621.57165278
  275443.47861089  266347.68682598  257110.00883628  248313.68917783
  240425.19140445  233465.87544318  227558.56365063  222482.51094403
  217708.72069968  213162.48442384  208368.17603479  203147.88987806
  197675.36570654  191746.14374024  185653.45271841  179566.87213731
  173505.9072489   167488.32912302  161241.55600935  154721.30845653
  147975.07554554  140936.51780739  133820.33547812  126644.08525995
  119447.06913983  112596.04705971  106171.54606378  100359.5451331
   95401.54137954   91088.74803001   87300.28435124   83941.35475377
   80880.14430652   78096.04802865   75531.30101676   73084.70928885
   70781.41942129   68733.59075766   66913.35989181   65425.19987611
   64344.71734406   63244.92915857   62168.76228613   61125.27862447
   60171.31824055   59470.23555707   58812.26951878   58032.08098452
   56938.83355705   55386.5582436    53550.95801078   51475.20647883
   49348.57233527   47357.82681564   45453.5263489    43599.78001364
   42001.74975551   40447.22142129   38924.83441701   37532.63127258
   36260.50592298   35336.11903726   34745.7529054    34429.64535497]",,,,1250208.154322272
22,2451,285078.44,5.4348158,5.7869674,5.9478737,734.47797,734.47062-734.48531,18812166.735249776,900675.3829780817,50,773188.2825733883,85.8,261157.27836701332,29.0,"[1.88, 1.11]","[301.2173, 327.233]","[301.21786, 327.23264]","[21.00238, 17.47774]","[5.1348158 5.1448158 5.1548158 5.1648158 5.1748158 5.1848158 5.1948158
 5.2048158 5.2148158 5.2248158 5.2348158 5.2448158 5.2548158 5.2648158
 5.2748158 5.2848158 5.2948158 5.3048158 5.3148158 5.3248158 5.3348158
 5.3448158 5.3548158 5.3648158 5.3748158 5.3848158 5.3948158 5.4048158
 5.4148158 5.4248158 5.4348158 5.4452632 5.4559407 5.4664177 5.477344
 5.4877253 5.4978537 5.5085829 5.5193846 5.5294679 5.539685  5.5495736
 5.5600267 5.5705445 5.5803251 5.5902361 5.6000564 5.6103982 5.6206716
 5.6304857 5.6406216 5.6510426 5.6613971 5.6721929 5.6828475 5.6927066
 5.7033538 5.7134195 5.7245504 5.7352466 5.7456704 5.7563903 5.7667178
 5.7768462 5.7869674 5.7970886 5.807217  5.8175445 5.8282644 5.8386882
 5.8493844 5.8605153 5.870581  5.8812282 5.8910873 5.9017419 5.9125377
 5.9228922 5.9333132 5.9434491 5.9532632 5.9635366 5.9738784 5.9836987
 5.9936097 6.0033903 6.0139081 6.0243612 6.0342498 6.0444669 6.0545502
 6.0653519 6.0760811 6.0862095 6.0965908 6.1075171 6.1179941 6.1286716
 6.139119  6.149119  6.159119  6.169119  6.179119  6.189119  6.199119
 6.209119  6.219119  6.229119  6.239119  6.249119  6.259119  6.269119
 6.279119  6.289119  6.299119  6.309119  6.319119  6.329119  6.339119
 6.349119  6.359119  6.369119  6.379119  6.389119  6.399119  6.409119
 6.419119  6.429119  6.439119 ]","[7.59227394e+01 1.02515925e+02 1.37749508e+02 1.84190842e+02
 2.45089816e+02 3.24535160e+02 4.27639190e+02 5.60754151e+02
 7.31723077e+02 9.50167698e+02 1.22781526e+03 1.57886519e+03
 2.02039519e+03 2.57280492e+03 3.26029310e+03 4.11136172e+03
 5.15933808e+03 6.44290223e+03 8.00660403e+03 9.90135009e+03
 1.21848374e+04 1.49219065e+04 1.81847839e+04 2.20531805e+04
 2.66142098e+04 3.19620903e+04 3.81975957e+04 4.54272176e+04
 5.37620106e+04 6.33160951e+04 1.26673340e+05 1.28490516e+05
 1.31717125e+05 1.36911343e+05 1.44846766e+05 1.56223354e+05
 1.71478325e+05 1.90804711e+05 2.14251231e+05 2.41503096e+05
 2.72033056e+05 3.05764590e+05 3.41873659e+05 3.79839656e+05
 4.19387410e+05 4.60429083e+05 5.02192679e+05 5.44883221e+05
 5.88293462e+05 6.31733982e+05 6.74100687e+05 7.14063007e+05
 7.50231601e+05 7.81083996e+05 8.06648841e+05 8.27026765e+05
 8.43371584e+05 8.56988138e+05 8.68849975e+05 8.78808447e+05
 8.87062827e+05 8.93458479e+05 8.97568803e+05 8.99959687e+05
 9.00499662e+05 8.93080546e+05 9.00619461e+05 9.03698714e+05
 9.01923802e+05 8.95370084e+05 8.83806359e+05 8.66774247e+05
 8.47229820e+05 8.22594456e+05 7.96480456e+05 7.65096803e+05
 7.30416760e+05 6.94906452e+05 6.57426534e+05 6.19751312e+05
 5.82539358e+05 5.43233167e+05 5.03714662e+05 4.66592189e+05
 4.29842778e+05 3.94555710e+05 3.57963871e+05 3.23225506e+05
 2.92033891e+05 2.61648688e+05 2.33592124e+05 2.05729262e+05
 1.80324454e+05 1.58408484e+05 1.37987374e+05 1.18654681e+05
 1.02105295e+05 8.71300715e+04 7.42048000e+04 6.33160951e+04
 5.37620106e+04 4.54272176e+04 3.81975957e+04 3.19620903e+04
 2.66142098e+04 2.20531805e+04 1.81847839e+04 1.49219065e+04
 1.21848374e+04 9.90135009e+03 8.00660403e+03 6.44290223e+03
 5.15933808e+03 4.11136172e+03 3.26029310e+03 2.57280492e+03
 2.02039519e+03 1.57886519e+03 1.22781526e+03 9.50167698e+02
 7.31723077e+02 5.60754151e+02 4.27639190e+02 3.24535160e+02
 2.45089816e+02 1.84190842e+02 1.37749508e+02 1.02515925e+02
 7.59227394e+01]",1,0.9963007921225876,,903698.7138791768
23,5419,1155623.8,12.813305,13.183936,13.374347,736.49261,736.48525-736.49998,10106362.285727466,779059.9562282562,59,773329.4364971059,99.3,626415.7291368225,80.4,[1.67],"[301.2173, 327.233]",[301.2178],[100.0],"[12.783525 12.793525 12.803525 12.813525 12.823525 12.833525 12.843525
 12.853525 12.863525 12.873525 12.883525 12.893525 12.903525 12.913525
 12.923525 12.933525 12.943525 12.953525 12.963525 12.973525 12.983525
 12.993525 12.993525 13.002872 13.012708 13.022156 13.031608 13.041917
 13.051217 13.060857 13.070153 13.079276 13.089378 13.098781 13.108132
 13.117731 13.126732 13.136818 13.146361 13.155606 13.165155 13.174133
 13.183936 13.193739 13.202717 13.212266 13.221511 13.231054 13.24114
 13.250141 13.25974  13.269091 13.278494 13.288596 13.297719 13.307015
 13.316655 13.325955 13.336264 13.345716 13.355164 13.365    13.374347
 13.374347 13.384347 13.394347 13.404347 13.414347 13.424347 13.434347
 13.444347 13.454347 13.464347 13.474347 13.484347 13.494347 13.504347
 13.514347 13.524347 13.534347 13.544347 13.554347 13.564347 13.574347
 13.584347 13.594347]","[1.50543702e+02 2.27107087e+02 3.39167593e+02 5.01433772e+02
 7.33885626e+02 1.06330719e+03 1.52512237e+03 2.16553994e+03
 3.04399037e+03 4.23580463e+03 5.83504400e+03 7.95734007e+03
 1.07425472e+04 1.43569502e+04 1.89947107e+04 2.48781879e+04
 3.22567325e+04 4.14035491e+04 5.26102466e+04 6.61787673e+04
 8.24105055e+04 1.01592595e+05 1.01592595e+05 1.22417293e+05
 1.47544743e+05 1.74909018e+05 2.05501838e+05 2.42493691e+05
 2.78966214e+05 3.19613309e+05 3.61186210e+05 4.03799172e+05
 4.52417822e+05 4.98283982e+05 5.43673006e+05 5.89135329e+05
 6.29867784e+05 6.72300322e+05 7.08347650e+05 7.38607133e+05
 7.64264492e+05 7.82601433e+05 7.78630661e+05 7.77323968e+05
 7.66782950e+05 7.47189780e+05 7.19367117e+05 6.83815478e+05
 6.42089995e+05 5.95686672e+05 5.45951083e+05 4.95204254e+05
 4.45506778e+05 3.96235923e+05 3.48330557e+05 3.02784085e+05
 2.60508430e+05 2.24092177e+05 1.94687602e+05 1.73288021e+05
 1.60020048e+05 1.54078053e+05 1.53172663e+05 1.01592595e+05
 8.24105055e+04 6.61787673e+04 5.26102466e+04 4.14035491e+04
 3.22567325e+04 2.48781879e+04 1.89947107e+04 1.43569502e+04
 1.07425472e+04 7.95734007e+03 5.83504400e+03 4.23580463e+03
 3.04399037e+03 2.16553994e+03 1.52512237e+03 1.06330719e+03
 7.33885626e+02 5.01433772e+02 3.39167593e+02 2.27107087e+02
 1.50543702e+02 9.87893363e+01]",1,0.9946303643216556,,782601.4327560771
24,3070,1805419.6,7.1600056,7.4188012,7.4755609,736.49304,736.48568-736.50041,96704613.25577036,7342782.360566139,33,5325836.11711715,72.5,134613.4798303228,1.8,[1.77],"[301.2173, 327.233]",[301.21783],[51.38838],"[6.7100056 6.7200056 6.7300056 6.7400056 6.7500056 6.7600056 6.7700056
 6.7800056 6.7900056 6.8000056 6.8100056 6.8200056 6.8300056 6.8400056
 6.8500056 6.8600056 6.8700056 6.8800056 6.8900056 6.9000056 6.9100056
 6.9200056 6.9300056 6.9400056 6.9500056 6.9600056 6.9700056 6.9800056
 6.9900056 7.0000056 7.0100056 7.0200056 7.0300056 7.0400056 7.0500056
 7.0600056 7.0700056 7.0800056 7.0900056 7.1000056 7.1100056 7.1200056
 7.1300056 7.1400056 7.1500056 7.1600056 7.1696978 7.1797423 7.1889328
 7.1981306 7.2082569 7.2179673 7.2282129 7.2375603 7.2470798 7.2569662
 7.2665444 7.2767808 7.2867215 7.296512  7.3057957 7.3151353 7.3246882
 7.334465  7.3441615 7.3535457 7.362741  7.3725145 7.3815986 7.3905973
 7.4001861 7.409309  7.4188012 7.4282934 7.4374163 7.4470051 7.4560038
 7.4650879 7.4748614 7.4840567 7.4934409 7.5031374 7.5129142 7.5224671
 7.5318067 7.5410904 7.5508809 7.5608216 7.571058  7.5806362 7.5905226
 7.6000421 7.6093895 7.6196351 7.6293455 7.6394718 7.6486696 7.6578601
 7.6679046 7.6775968 7.6875968 7.6975968 7.7075968 7.7175968 7.7275968
 7.7375968 7.7475968 7.7575968 7.7675968 7.7775968 7.7875968 7.7975968
 7.8075968 7.8175968 7.8275968 7.8375968 7.8475968 7.8575968 7.8675968
 7.8775968 7.8875968 7.8975968 7.9075968 7.9175968 7.9275968 7.9375968
 7.9475968 7.9575968 7.9675968 7.9775968 7.9875968 7.9975968 8.0075968
 8.0175968 8.0275968 8.0375968 8.0475968 8.0575968 8.0675968 8.0775968
 8.0875968 8.0975968 8.1075968 8.1175968 8.1275968]","[9.11702253e+01 1.23936820e+02 1.67771475e+02 2.26155084e+02
 3.03574327e+02 4.05783313e+02 5.40124382e+02 7.15918913e+02
 9.44940243e+02 1.24198202e+03 1.62553652e+03 2.11859824e+03
 2.74960899e+03 3.55356061e+03 4.57327135e+03 5.86085084e+03
 7.47936665e+03 9.50472232e+03 1.20277530e+04 1.51565383e+04
 1.90189264e+04 2.37652524e+04 2.95712252e+04 3.66409447e+04
 4.52099954e+04 5.55485488e+04 6.79643908e+04 8.28057691e+04
 1.00463943e+05 1.21375294e+05 1.46022853e+05 1.74937058e+05
 2.08695585e+05 2.47922055e+05 2.93283425e+05 3.45485902e+05
 4.05269199e+05 4.73398983e+05 5.50657425e+05 6.37831750e+05
 7.35700792e+05 8.45019574e+05 9.66502029e+05 1.10080204e+06
 1.24849308e+06 1.98599001e+06 2.01330687e+06 2.05919464e+06
 2.12777022e+06 2.22107967e+06 2.34152372e+06 2.48865224e+06
 2.66496991e+06 2.87197931e+06 3.11240370e+06 3.38754352e+06
 3.69758253e+06 4.03778154e+06 4.40248738e+06 4.78036062e+06
 5.16083486e+06 5.53016878e+06 5.87868566e+06 6.19565396e+06
 6.47132359e+06 6.70449713e+06 6.89712218e+06 7.05165964e+06
 7.17263672e+06 7.26096108e+06 7.31540418e+06 7.34117130e+06
 7.34495804e+06 7.50550431e+06 7.39352522e+06 7.25017572e+06
 7.09314288e+06 6.91410506e+06 6.70046088e+06 6.48162983e+06
 6.24270184e+06 5.98171401e+06 5.70667975e+06 5.42900618e+06
 5.15141777e+06 4.87178434e+06 4.57528170e+06 4.27498906e+06
 3.96904287e+06 3.68785694e+06 3.40467114e+06 3.14032145e+06
 2.88997685e+06 2.62731021e+06 2.39065781e+06 2.15739751e+06
 1.95796673e+06 1.77079356e+06 1.58018630e+06 1.41004673e+06
 1.24849308e+06 1.10080204e+06 9.66502029e+05 8.45019574e+05
 7.35700792e+05 6.37831750e+05 5.50657425e+05 4.73398983e+05
 4.05269199e+05 3.45485902e+05 2.93283425e+05 2.47922055e+05
 2.08695585e+05 1.74937058e+05 1.46022853e+05 1.21375294e+05
 1.00463943e+05 8.28057691e+04 6.79643908e+04 5.55485488e+04
 4.52099954e+04 3.66409447e+04 2.95712252e+04 2.37652524e+04
 1.90189264e+04 1.51565383e+04 1.20277530e+04 9.50472232e+03
 7.47936665e+03 5.86085084e+03 4.57327135e+03 3.55356061e+03
 2.74960899e+03 2.11859824e+03 1.62553652e+03 1.24198202e+03
 9.44940243e+02 7.15918913e+02 5.40124382e+02 4.05783313e+02
 3.03574327e+02 2.26155084e+02 1.67771475e+02 1.23936820e+02
 9.11702253e+01]",1,0.9870423353324049,,7505504.311798646
25,7302,5228339.0,17.200236,17.712972,18.470531,736.49335,736.48598-736.50071,370999183.8135213,20910261.90270996,134,20872815.340698685,99.8,20425250.106238205,97.7,[0.25],"[301.2173, 327.233]",[301.21738],[100.0],"[17.200236 17.209355 17.219209 17.229301 17.238734 17.247871 17.257138
 17.266919 17.276999 17.286476 17.295698 17.304856 17.314578 17.324807
 17.334286 17.343387 17.352535 17.362434 17.372662 17.382003 17.39106
 17.400384 17.410476 17.420573 17.429942 17.439138 17.448507 17.458334
 17.468353 17.477994 17.487184 17.496691 17.505975 17.51608  17.525637
 17.534702 17.544368 17.553615 17.563269 17.572729 17.581803 17.591499
 17.600755 17.610389 17.619899 17.628978 17.638274 17.647511 17.656853
 17.666171 17.675257 17.68482  17.694299 17.703732 17.712972 17.722212
 17.731645 17.741124 17.750687 17.759773 17.769091 17.778433 17.78767
 17.796966 17.806045 17.815555 17.825189 17.834445 17.844141 17.853215
 17.862675 17.872329 17.881576 17.891242 17.900307 17.909864 17.919969
 17.929253 17.93876  17.94795  17.957591 17.96761  17.977437 17.986806
 17.996002 18.005371 18.015468 18.02556  18.034884 18.043941 18.053282
 18.06351  18.073409 18.082557 18.091658 18.101137 18.111366 18.121088
 18.130246]","[8.09569476e+03 1.08105862e+04 1.34586494e+04 1.57031708e+04
 1.74319957e+04 1.86734952e+04 1.95542936e+04 2.02351613e+04
 2.10593113e+04 2.20705408e+04 2.36429690e+04 2.54845674e+04
 2.74797395e+04 2.93641887e+04 3.10696024e+04 3.26426513e+04
 3.41961170e+04 3.59486146e+04 3.82946409e+04 4.14103881e+04
 4.59213205e+04 5.21085548e+04 6.09199094e+04 7.28746359e+04
 8.94822539e+04 1.13024251e+05 1.46302482e+05 1.93678939e+05
 2.61803658e+05 3.58099629e+05 4.91391367e+05 6.73043087e+05
 9.15542856e+05 1.22929319e+06 1.63062594e+06 2.12928088e+06
 2.73627913e+06 3.46130745e+06 4.31165960e+06 5.28671642e+06
 6.38523941e+06 7.59650335e+06 8.90158493e+06 1.02760636e+07
 1.16821000e+07 1.30943372e+07 1.44709942e+07 1.57817777e+07
 1.70025914e+07 1.80925392e+07 1.90336066e+07 1.97911607e+07
 2.03527317e+07 2.07145372e+07 2.08886689e+07 2.06981846e+07
 2.04365993e+07 1.99095653e+07 1.91305089e+07 1.81876771e+07
 1.70499343e+07 1.57746426e+07 1.44220492e+07 1.30099394e+07
 1.16191450e+07 1.01865285e+07 8.79366170e+06 7.53642590e+06
 6.32461980e+06 5.30005351e+06 4.35102901e+06 3.50897364e+06
 2.81874131e+06 2.21161275e+06 1.73949403e+06 1.33266910e+06
 9.90748209e+05 7.44466739e+05 5.48238832e+05 4.02688461e+05
 2.87423574e+05 1.99510133e+05 1.37448564e+05 9.50697703e+04
 6.53703561e+04 4.40590645e+04 2.83805340e+04 1.80099546e+04
 1.16729748e+04 7.56590260e+03 4.77615169e+03 2.84349852e+03
 1.69601868e+03 1.03848570e+03 6.29643690e+02 3.69036312e+02
 2.04252213e+02 1.14743029e+02 6.57997223e+01]",1,0.9999260628901483,,20888668.872693535
26,3182,4109714.0,7.4755609,7.6435329,9.6076636,736.49347,736.4861-736.50083,239733647.75095528,9467577.351909637,213,2258957.716795291,23.9,9397504.997855594,99.3,[3.6],"[301.2173, 327.233]",[301.21838],[12.43438],"[7.4755609 7.4851745 7.4954049 7.5048157 7.514374  7.5236437 7.5335824
 7.5439636 7.5534479 7.5632229 7.5731803 7.5835924 7.5938558 7.6033375
 7.6130958 7.6230062 7.6332799 7.6435329 7.6529933 7.6627609 7.6725507
 7.6829068 7.6926153 7.7020038 7.7111966 7.7209053 7.7313329 7.7417303
 7.7511116 7.7610017 7.7708484 7.781425  7.7919053 7.8013636 7.811363
 7.8212282 7.8312225 7.8417714 7.8513053 7.8613104 7.8713084 7.8812709
 7.8917695 7.9012987 7.9111938 7.9216309 7.9322821 7.9422268 7.9516053
 7.9616425 7.972005  7.9821751 7.9926402 8.0021226 8.0125433 8.0229168
 8.0330256 8.043586  8.0529684 8.0633862 8.073658  8.0842279 8.0944035
 8.1039362 8.1144292 8.1248529 8.135272  8.1453626 8.1547512 8.1647346
 8.1749768 8.1855143 8.1954768 8.2052467 8.2150647 8.2254456 8.2360008
 8.2457842 8.2557105 8.2658179 8.2762808 8.2867986 8.2966533 8.3066721
 8.3172414 8.3274564 8.3374613 8.3473126 8.3573439 8.367645  8.3778759
 8.3876905 8.397678  8.4075238 8.4177912 8.4279418 8.4376738 8.4473314
 8.4571664 8.4675185 8.4777206 8.4873696 8.4969272 8.5065471 8.5167037
 8.5269473 8.536506  8.5461034 8.5559153 8.5662685 8.5764069 8.5861439
 8.5957539 8.6057856 8.615956  8.626153  8.6358903 8.6454826 8.654818
 8.664839  8.6750055 8.6847185 8.6941343 8.7035007 8.712854  8.7231072
 8.7326612 8.7421368 8.7513778 8.7608081 8.7706856 8.7803977 8.7900517
 8.7993489 8.8087143 8.8187447 8.828641  8.8384481 8.8477794 8.8573403
 8.8675222 8.8776364 8.8875781 8.8969686 8.906729  8.9169336 8.9272029
 8.9371914 8.946654  8.9563281 8.9664947 8.9767593 8.9867857 8.9962627
 9.0057827 9.0159853 9.0262795 9.0363135 9.0456041 9.0555097 9.065851
 9.0758823 9.0853211 9.0947008 9.1048844 9.1152711 9.1253222 9.134841
 9.1442419 9.1548675 9.1651862 9.1755196 9.1850823 9.1945885 9.2050219
 9.2155456 9.2254166 9.2352291 9.2446899 9.255349  9.2658357 9.276281
 9.2860577 9.2956753 9.3063904 9.3169914 9.327452  9.3374306 9.3473785
 9.358252  9.3688749 9.3792628 9.3892848 9.3992578 9.409872  9.4206041
 9.4308675 9.4411327 9.4509428 9.4618032 9.4724009 9.4829321 9.4931375
 9.5033384 9.5137828 9.5243907 9.5345557 9.5451812 9.5553307 9.565931
 9.5764538 9.5866907 9.5973066 9.6076636]","[7195479.31550454 7213313.03563058 7258466.32537249 7333665.47692969
 7429962.69656527 7545646.08076106 7671133.71636735 7805147.54017911
 7949273.5820969  8112534.59946299 8297668.88734836 8504354.17653387
 8726065.56202462 8947646.68220721 9151232.28545162 9313935.95924612
 9422993.92395784 9466660.08674438 9446257.11336997 9369103.02659957
 9241077.98227079 9074498.6900576  8877357.16345276 8656053.59847831
 8411540.03120909 8144572.66892337 7853045.21846694 7538558.74484001
 7206353.79881407 6865394.02882117 6524497.60406244 6189141.12706782
 5866083.26937967 5554637.06265407 5257224.85215196 4972621.46881562
 4706424.95899075 4457590.43324136 4225350.61974944 4007303.47598467
 3802076.31112728 3608215.72529983 3425131.74185634 3254543.36109288
 3097184.12502547 2953288.53239953 2819603.60227421 2692736.99644126
 2571841.49598063 2456068.7816208  2345989.69714511 2240665.6159961
 2141898.15476822 2050729.87462192 1967485.55381613 1891604.29220169
 1822285.61625139 1757543.90483403 1695634.97315689 1635039.16370937
 1574986.57991304 1515907.42609778 1459207.01664244 1406204.88194934
 1357058.50887061 1312576.36589279 1271056.96143465 1232056.35538852
 1193958.16595194 1156683.06415958 1119913.45686244 1083919.44806809
 1048429.23460918 1013606.62242834  979725.6903129   947410.06906641
  915955.77605932  885237.60125489  854721.37625109  824228.55519036
  793320.49290958  763459.06662811  734577.12076901  708522.51222951
  685187.72096812  664749.25601983  646601.3693511   629904.15159192
  614039.83308214  598286.31224468  582131.93006031  566159.4649816
  550577.27122246  535696.16899406  522141.61703863  509751.92458713
  498571.26124839  487894.4615307   476952.35427616  465304.005817
  452613.07861159  438971.20757741  424925.66687976  410716.76152908
  396685.7486232   383390.0743046   370902.8971151   359922.80908495
  351018.66831479  343986.00727222  338566.90350246  334085.60616906
  330037.04850867  326109.65122895  321744.23140528  316985.53905415
  311334.35714012  305118.54892995  298520.79500404  291756.02087281
  284773.7078012   278203.62570678  271782.54897893  265378.47771749
  259265.94953941  253284.09702437  247700.74252061  242263.51837789
  236866.26391677  231415.19336285  225857.48185778  220565.24114034
  215444.19491857  210746.39368962  206528.21104481  202551.9969356
  198622.6197419   194632.30745863  190960.79713333  187876.90265828
  185561.82344907  183833.95526148  182722.99711189  181618.2542008
  180224.6952647   178325.39747346  176029.65068895  173437.42405595
  170812.0998387   168201.25884596  165994.59350084  164030.8224478
  162219.72730286  160205.23908506  157878.72989565  155385.39214485
  152658.28345479  149835.03030981  147107.95255047  144578.36620021
  142202.42251362  140213.38164916  138626.83296218  137340.56009125
  136588.48092655  136090.89492417  135899.23451451  135724.34498325
  135360.25227299  134683.45944638  133536.5273163   132130.92917154
  130546.13384607  128805.77919652  127214.85824872  125857.64640045
  124568.64635343  123427.24462601  122261.35739826  120761.87389109
  119061.84158504  116973.51106369  114497.81205588  111624.12380963
  108544.82073316  105567.90251297  102734.42365721  100109.62952216
   97735.03984941   95331.37669039   93041.10903126   91064.14176396
   89534.28125487   88493.15618409   87744.53719775   87057.14527305
   86214.57496006   85138.5144548    83903.41976815   82624.43731322
   81293.74879964   80149.68255212   79176.65735289   78295.58280497
   77473.09030318   76480.64255344   75316.69029046   74029.46196467
   72697.4066097    71474.95750419   70468.12208158   69780.26902156
   69407.64649028   69282.74076817]",,,,9466660.086744381
27,2914,1162452.8,6.645761,7.0313349,7.1600056,736.49365,736.48629-736.50102,45339059.10382902,2478746.8833498955,51,2347055.4243110525,94.7,462139.4445758923,18.6,[2.48],"[301.2173, 327.233]",[301.21805],[26.01345],"[6.395761  6.405761  6.415761  6.425761  6.435761  6.445761  6.455761
 6.465761  6.475761  6.485761  6.495761  6.505761  6.515761  6.525761
 6.535761  6.545761  6.555761  6.565761  6.575761  6.585761  6.595761
 6.605761  6.615761  6.625761  6.635761  6.645761  6.6566473 6.6663655
 6.6768047 6.6875962 6.6981852 6.7085369 6.7180181 6.7281051 6.7387805
 6.7491352 6.7590989 6.768578  6.7785703 6.789043  6.7994706 6.8094051
 6.8188926 6.8288485 6.8389686 6.8493301 6.8593131 6.8687936 6.8789739
 6.8897597 6.899876  6.9098623 6.9195652 6.9297207 6.9402051 6.9502464
 6.9604173 6.9707036 6.9807068 6.9911514 7.0012177 7.0117402 7.0213305
 7.0313349 7.0413393 7.0509296 7.0614521 7.0715184 7.081963  7.0919662
 7.1022525 7.1124234 7.1224647 7.1329491 7.1431046 7.1528075 7.1627938
 7.1729101 7.1836959 7.1938762 7.2033567 7.2133397 7.2237012 7.2338213
 7.2437772 7.2532647 7.2631992 7.2736268 7.2840995 7.2940918 7.3035709
 7.3135346 7.3238893 7.3345647 7.3446517 7.3541329 7.3644846 7.3750736
 7.3858651 7.3963043 7.4060225 7.4169088 7.4269088 7.4369088 7.4469088
 7.4569088 7.4669088 7.4769088 7.4869088 7.4969088 7.5069088 7.5169088
 7.5269088 7.5369088 7.5469088 7.5569088 7.5669088 7.5769088 7.5869088
 7.5969088 7.6069088 7.6169088 7.6269088 7.6369088 7.6469088 7.6569088
 7.6669088]","[9.15571651e+01 1.27153725e+02 1.75643127e+02 2.41322913e+02
 3.29785290e+02 4.48259318e+02 6.06028008e+02 8.14932034e+02
 1.08997217e+03 1.45002253e+03 1.91866616e+03 2.52516294e+03
 3.30555754e+03 4.30393159e+03 5.57379924e+03 7.17963901e+03
 9.19854674e+03 1.17219848e+04 1.48575915e+04 1.87310014e+04
 2.34876141e+04 2.92942332e+04 3.63404825e+04 4.48398931e+04
 5.50305396e+04 1.24581178e+05 1.28483030e+05 1.33917465e+05
 1.41624871e+05 1.52644472e+05 1.68011436e+05 1.88738719e+05
 2.15471661e+05 2.49266762e+05 2.90437568e+05 3.39690093e+05
 3.97847816e+05 4.65057813e+05 5.41242346e+05 6.25977720e+05
 7.18287703e+05 8.16875589e+05 9.20288556e+05 1.02729442e+06
 1.13610483e+06 1.24589636e+06 1.35495211e+06 1.46201354e+06
 1.56605864e+06 1.66692929e+06 1.76466963e+06 1.85982640e+06
 1.95132881e+06 2.03816392e+06 2.11856609e+06 2.19285033e+06
 2.26028371e+06 2.31978253e+06 2.37036284e+06 2.41171672e+06
 2.44229103e+06 2.46325920e+06 2.47534142e+06 2.47861918e+06
 2.45137503e+06 2.45748122e+06 2.45022045e+06 2.42972141e+06
 2.39480368e+06 2.34888262e+06 2.28969936e+06 2.22019484e+06
 2.14192919e+06 2.05125308e+06 1.95603159e+06 1.85953014e+06
 1.75587487e+06 1.64772863e+06 1.53044949e+06 1.41925657e+06
 1.31637245e+06 1.20975159e+06 1.10195048e+06 1.00035167e+06
 9.04673181e+05 8.17958918e+05 7.32246269e+05 6.48213521e+05
 5.70157629e+05 5.01696173e+05 4.42165956e+05 3.85180280e+05
 3.31845061e+05 2.82866295e+05 2.41882754e+05 2.07752056e+05
 1.74994346e+05 1.45950614e+05 1.20555542e+05 9.96073706e+04
 8.29534315e+04 6.71750965e+04 5.50305396e+04 4.48398931e+04
 3.63404825e+04 2.92942332e+04 2.34876141e+04 1.87310014e+04
 1.48575915e+04 1.17219848e+04 9.19854674e+03 7.17963901e+03
 5.57379924e+03 4.30393159e+03 3.30555754e+03 2.52516294e+03
 1.91866616e+03 1.45002253e+03 1.08997217e+03 8.14932034e+02
 6.06028008e+02 4.48259318e+02 3.29785290e+02 2.41322913e+02
 1.75643127e+02 1.27153725e+02 9.15571651e+01]",1,0.9988721532578392,,2478619.177238155
28,5263,424742.0,12.592088,12.879884,13.221511,746.49896,746.4915-746.50643,19478517.11890978,1513093.026916504,66,1483217.5159957306,98.0,1425339.7750141532,94.2,[6.13],"[301.2173, 327.233]",[301.21915],[3.97447],"[12.288257 12.298257 12.308257 12.318257 12.328257 12.338257 12.348257
 12.358257 12.368257 12.378257 12.388257 12.398257 12.408257 12.418257
 12.428257 12.438257 12.448257 12.458257 12.468257 12.478257 12.488257
 12.498257 12.508257 12.518257 12.528257 12.538257 12.538257 12.547502
 12.557051 12.566029 12.575832 12.585338 12.5946   12.603871 12.612972
 12.622936 12.632511 12.641792 12.650807 12.659925 12.669222 12.678941
 12.688171 12.69716  12.706807 12.716551 12.726063 12.735365 12.744694
 12.754696 12.764885 12.774602 12.783937 12.793257 12.803329 12.813456
 12.823446 12.832658 12.841865 12.851542 12.861316 12.870747 12.879884
 12.889021 12.898452 12.908226 12.917903 12.92711  12.936322 12.946312
 12.956439 12.966511 12.975831 12.985166 12.994883 13.005072 13.015074
 13.024403 13.033705 13.043217 13.052961 13.062608 13.071597 13.080827
 13.090546 13.099843 13.108961 13.117976 13.127257 13.136832 13.146796
 13.155897 13.165168 13.17443  13.183936 13.193739 13.202717 13.212266
 13.221511 13.221511 13.231511 13.241511 13.251511 13.261511 13.271511
 13.281511 13.291511 13.301511 13.311511 13.321511 13.331511 13.341511
 13.351511 13.361511 13.371511 13.381511 13.391511 13.401511 13.411511
 13.421511 13.431511 13.441511 13.451511 13.461511 13.471511 13.481511]","[1.20628217e+02 1.56345911e+02 2.01954511e+02 2.59986022e+02
 3.33561449e+02 4.26511862e+02 5.43520323e+02 6.90287281e+02
 8.73722192e+02 1.10216413e+03 1.38563418e+03 1.73612230e+03
 2.16791103e+03 2.69793824e+03 3.34620053e+03 4.13619814e+03
 5.09542151e+03 6.25587854e+03 7.65466011e+03 9.33454010e+03
 1.13446043e+04 1.37409002e+04 1.65870988e+04 1.99551543e+04
 2.39259482e+04 2.85899000e+04 2.85899000e+04 3.36053518e+04
 3.95906737e+04 4.60572153e+04 5.41609667e+04 6.31819373e+04
 7.31987989e+04 8.45694870e+04 9.71726633e+04 1.12771287e+05
 1.29703948e+05 1.48100183e+05 1.67994201e+05 1.90301707e+05
 2.15474179e+05 2.44589495e+05 2.75058417e+05 3.07522277e+05
 3.45583492e+05 3.87569537e+05 4.32129443e+05 4.79234184e+05
 5.30071115e+05 5.88650589e+05 6.52708775e+05 7.17927952e+05
 7.84347519e+05 8.54271715e+05 9.33769845e+05 1.01763164e+06
 1.10397275e+06 1.18650914e+06 1.27151032e+06 1.36319801e+06
 1.45781766e+06 1.55057552e+06 1.51208570e+06 1.50704303e+06
 1.47945516e+06 1.43025502e+06 1.36140674e+06 1.27579541e+06
 1.17743995e+06 1.07090829e+06 9.61396789e+05 8.54435850e+05
 7.53604571e+05 6.62099524e+05 5.82083686e+05 5.13677822e+05
 4.56945291e+05 4.11423056e+05 3.74939675e+05 3.45429991e+05
 3.20801398e+05 2.98748312e+05 2.77443816e+05 2.56437969e+05
 2.36053385e+05 2.16437291e+05 1.97871077e+05 1.80812155e+05
 1.64664034e+05 1.49777440e+05 1.35950741e+05 1.23205115e+05
 1.12092827e+05 1.03171740e+05 9.61885746e+04 9.06904719e+04
 8.62408375e+04 8.23801577e+04 7.87284812e+04 2.85899000e+04
 2.39259482e+04 1.99551543e+04 1.65870988e+04 1.37409002e+04
 1.13446043e+04 9.33454010e+03 7.65466011e+03 6.25587854e+03
 5.09542151e+03 4.13619814e+03 3.34620053e+03 2.69793824e+03
 2.16791103e+03 1.73612230e+03 1.38563418e+03 1.10216413e+03
 8.73722192e+02 6.90287281e+02 5.43520323e+02 4.26511862e+02
 3.33561449e+02 2.59986022e+02 2.01954511e+02 1.56345911e+02
 1.20628217e+02 9.27557200e+01]",1,0.9881959872083657,,1550575.5228360435
29,8967,408637.75,21.333587,21.769851,22.796058,746.5141,746.50663-746.52156,37399773.123888016,1670858.4928283691,150,1654541.0370834956,99.0,1635661.6931127205,97.9,[1.78],"[301.2173, 327.233]",[327.23358],[100.0],"[21.263587 21.273587 21.283587 21.293587 21.303587 21.313587 21.323587
 21.333587 21.343808 21.353173 21.362611 21.37204  21.38146  21.391397
 21.400627 21.410027 21.419491 21.429045 21.438848 21.448253 21.457756
 21.467221 21.476785 21.486751 21.496137 21.505614 21.515075 21.524936
 21.534849 21.544347 21.55376  21.563609 21.573545 21.583381 21.592869
 21.6026   21.612645 21.62251  21.632399 21.642129 21.651862 21.661796
 21.671308 21.681199 21.690955 21.701307 21.71103  21.720665 21.730293
 21.740195 21.750357 21.760294 21.769851 21.779408 21.789345 21.799507
 21.809409 21.819037 21.828672 21.838395 21.848747 21.858503 21.868394
 21.877906 21.88784  21.897573 21.907303 21.917192 21.927057 21.937102
 21.946833 21.956321 21.966157 21.976093 21.985942 21.995355 22.004853
 22.014766 22.024627 22.034088 22.043565 22.052951 22.062917 22.072481
 22.081946 22.091449 22.100854 22.110657 22.120211 22.129675 22.139075
 22.148305 22.158242 22.167662 22.177091 22.186529 22.195894 22.206115
 22.216115 22.226115 22.236115 22.246115 22.256115 22.266115 22.276115]","[9.36665459e+01 1.36733138e+02 1.98120700e+02 2.84939548e+02
 4.06763904e+02 5.76366705e+02 8.10629049e+02 7.57864374e+03
 1.01206943e+04 1.26380925e+04 1.48957389e+04 1.67973057e+04
 1.84032662e+04 1.99754664e+04 2.16802058e+04 2.37787073e+04
 2.63751443e+04 2.97501662e+04 3.40048301e+04 3.92685970e+04
 4.59921786e+04 5.47845083e+04 6.60514445e+04 7.99290187e+04
 9.65103834e+04 1.15793380e+05 1.37732077e+05 1.62617576e+05
 1.91062000e+05 2.23994753e+05 2.62285384e+05 3.07182158e+05
 3.58535725e+05 4.16570297e+05 4.80413223e+05 5.49311490e+05
 6.21665944e+05 6.97269389e+05 7.75547378e+05 8.57002736e+05
 9.41043053e+05 1.02662808e+06 1.11407046e+06 1.20080278e+06
 1.28694311e+06 1.36938187e+06 1.44577567e+06 1.51419511e+06
 1.57325018e+06 1.62011360e+06 1.65217705e+06 1.66896673e+06
 1.66907451e+06 1.67419352e+06 1.64790517e+06 1.60916768e+06
 1.56071264e+06 1.50443093e+06 1.44015610e+06 1.36845639e+06
 1.28605049e+06 1.20411137e+06 1.11824804e+06 1.03432520e+06
 9.46564123e+05 8.61643531e+05 7.78854568e+05 6.97801340e+05
 6.20830053e+05 5.47084442e+05 4.80553473e+05 4.20617593e+05
 3.63779723e+05 3.11869322e+05 2.65792154e+05 2.26596987e+05
 1.91618196e+05 1.59708137e+05 1.32275706e+05 1.09647296e+05
 9.02561014e+04 7.39442900e+04 5.94107822e+04 4.78233451e+04
 3.83246623e+04 3.04801210e+04 2.41382590e+04 1.87959356e+04
 1.46282311e+04 1.13353677e+04 8.74101396e+03 6.72898452e+03
 5.04145330e+03 3.80836156e+03 2.85713705e+03 2.12875763e+03
 1.57929486e+03 1.13165030e+03 8.10629049e+02 5.76366705e+02
 4.06763904e+02 2.84939548e+02 1.98120700e+02 1.36733138e+02
 9.36665459e+01]",1,0.9998108378738414,,1674193.5203563615
30,7462,1263939.4,17.628978,18.044126,18.441934,746.51434,746.50688-746.52181,114727029.38083169,6370817.070053101,86,6370517.095788654,100.0,5785841.541582595,90.8,[1.78],"[301.2173, 327.233]",[327.23358],[100.0],"[17.396318 17.406318 17.416318 17.426318 17.436318 17.446318 17.456318
 17.466318 17.476318 17.486318 17.496318 17.506318 17.516318 17.526318
 17.536318 17.546318 17.556318 17.566318 17.576318 17.586318 17.596318
 17.606318 17.616318 17.626318 17.636318 17.646318 17.646318 17.656087
 17.66536  17.674932 17.684236 17.693652 17.702884 17.712634 17.722632
 17.731757 17.74117  17.750423 17.760129 17.769568 17.778682 17.788102
 17.797621 17.807334 17.816738 17.826162 17.835618 17.844901 17.854411
 17.863932 17.873606 17.883296 17.892655 17.902014 17.911427 17.920931
 17.93042  17.93985  17.949301 17.958735 17.968287 17.977773 17.987222
 17.99662  18.006109 18.015997 18.025411 18.034768 18.044126 18.053484
 18.062841 18.072255 18.082143 18.091632 18.10103  18.110479 18.119965
 18.129517 18.138951 18.148402 18.157832 18.167321 18.176825 18.186238
 18.195597 18.204956 18.214646 18.22432  18.233841 18.243351 18.252634
 18.26209  18.271514 18.280918 18.290631 18.30015  18.30957  18.318684
 18.328123 18.337829 18.347082 18.356495 18.36562  18.375618 18.385368
 18.3946   18.404016 18.41332  18.422892 18.432165 18.441934 18.441934
 18.451934 18.461934 18.471934 18.481934 18.491934 18.501934 18.511934
 18.521934 18.531934 18.541934 18.551934 18.561934 18.571934 18.581934
 18.591934 18.601934 18.611934 18.621934 18.631934 18.641934 18.651934
 18.661934 18.671934 18.681934 18.691934 18.701934]","[1.23416806e+02 1.70468785e+02 2.34317147e+02 3.20517628e+02
 4.36303216e+02 5.91035480e+02 7.96759654e+02 1.06888199e+03
 1.42698967e+03 1.89583504e+03 2.50650689e+03 3.29781209e+03
 4.31788978e+03 5.62607921e+03 7.29505847e+03 9.41326653e+03
 1.20876139e+04 1.54464771e+04 1.96429611e+04 2.48583965e+04
 3.13060237e+04 3.92347919e+04 4.89331800e+04 6.07329213e+04
 7.50124839e+04 9.22001369e+04 9.22001369e+04 1.12258985e+05
 1.34742943e+05 1.61973192e+05 1.92880421e+05 2.29184552e+05
 2.70272287e+05 3.20244903e+05 3.79273707e+05 4.40723143e+05
 5.12383424e+05 5.91682611e+05 6.85013980e+05 7.86416293e+05
 8.94862320e+05 1.01835804e+06 1.15539808e+06 1.30830275e+06
 1.46916254e+06 1.64310532e+06 1.83038005e+06 2.02639051e+06
 2.23922990e+06 2.46383471e+06 2.70290786e+06 2.95213755e+06
 3.20074745e+06 3.45554755e+06 3.71628389e+06 3.98206490e+06
 4.24773922e+06 4.50971981e+06 4.76777067e+06 5.01830300e+06
 5.26213616e+06 5.49184680e+06 5.70576108e+06 5.90132211e+06
 6.07903721e+06 6.24078791e+06 6.37058158e+06 6.47456233e+06
 6.37060766e+06 6.35502158e+06 6.30528096e+06 6.22404075e+06
 6.11047200e+06 5.96871662e+06 5.80167125e+06 5.60987750e+06
 5.39742623e+06 5.16421484e+06 4.91024375e+06 4.63894757e+06
 4.35103445e+06 4.05319878e+06 3.74854162e+06 3.44232019e+06
 3.13912550e+06 2.84218699e+06 2.55721275e+06 2.28846954e+06
 2.03857557e+06 1.81040030e+06 1.60692183e+06 1.42769002e+06
 1.27304878e+06 1.14039834e+06 1.02834646e+06 9.34802420e+05
 8.57283675e+05 7.94045895e+05 7.43602415e+05 7.03122510e+05
 6.72053788e+05 6.48375975e+05 6.31153195e+05 6.19481436e+05
 6.11737148e+05 6.06176034e+05 6.01990533e+05 5.99234113e+05
 5.98033843e+05 5.99132469e+05 6.02071693e+05 9.22001369e+04
 7.50124839e+04 6.07329213e+04 4.89331800e+04 3.92347919e+04
 3.13060237e+04 2.48583965e+04 1.96429611e+04 1.54464771e+04
 1.20876139e+04 9.41326653e+03 7.29505847e+03 5.62607921e+03
 4.31788978e+03 3.29781209e+03 2.50650689e+03 1.89583504e+03
 1.42698967e+03 1.06888199e+03 7.96759654e+02 5.91035480e+02
 4.36303216e+02 3.20517628e+02 2.34317147e+02 1.70468785e+02
 1.23416806e+02 8.89185528e+01]",1,0.9894936463316264,,6474562.333419099
31,8176,415352.31,19.178851,19.858639,20.740319,746.51459,746.50712-746.52205,49926885.7780744,1894810.8708763123,160,1855377.2081498043,97.9,1842904.4949712523,97.3,"[2.38, 2.99]","[301.2173, 327.233]","[301.21802, 327.23398]","[100.0, 69.71973]","[19.178851 19.18845  19.198548 19.208258 19.218    19.22758  19.237682
 19.247601 19.257203 19.2668   19.276156 19.286336 19.29619  19.305634
 19.315262 19.324667 19.334757 19.344177 19.353826 19.363669 19.373106
 19.3829   19.392158 19.401501 19.411303 19.420902 19.430333 19.439578
 19.448897 19.458455 19.468412 19.477965 19.487158 19.496328 19.506162
 19.515702 19.525438 19.534607 19.543785 19.553735 19.563256 19.572763
 19.581945 19.591135 19.601043 19.610562 19.620046 19.629254 19.638432
 19.648302 19.657986 19.667444 19.676663 19.685863 19.695739 19.705743
 19.715403 19.724624 19.733868 19.743745 19.753859 19.763417 19.77273
 19.782036 19.791672 19.801424 19.810867 19.820211 19.829542 19.839456
 19.849074 19.858639 19.868016 19.877374 19.887155 19.896834 19.906619
 19.916056 19.925459 19.935355 19.945091 19.955183 19.964661 19.974143
 19.984197 19.994152 20.004055 20.013498 20.02319  20.033428 20.043632
 20.053266 20.062756 20.072828 20.082826 20.093332 20.103085 20.112716
 20.122787 20.132757 20.143616 20.153525 20.163271 20.172827 20.183511
 20.193396 20.203454 20.213053 20.223622 20.23436  20.244209 20.254268
 20.263844 20.274802 20.285614 20.295395 20.305422 20.31532  20.325977
 20.336582 20.346396 20.356281 20.3664   20.37654  20.386903 20.39682
 20.406475 20.416882 20.427763 20.438067 20.448076 20.457723 20.467952
 20.478241 20.488567 20.498143 20.5081   20.517673 20.527443 20.537841
 20.547457 20.557253 20.566935 20.576382 20.586221 20.595919 20.60569
 20.615127 20.624671 20.634296 20.644091 20.65364  20.663204 20.672749
 20.682309 20.691951 20.701777 20.711386 20.720986 20.7305   20.740319]","[  36767.74292845   37825.67677934   38647.5329069    39386.7721224
   40308.26585048   41760.08811608   44042.82558023   47481.91446566
   52068.65444195   57520.60814051   63687.1902764    70123.24538262
   76459.53682227   82499.73808008   88003.83774488   93305.23181804
   98504.14083006  103580.74039819  108442.62258812  112852.60168525
  116429.69857323  119189.41456771  121012.60488167  122146.75135121
  122803.57837859  123274.80936076  123847.377152    124362.24634915
  124747.54659108  125145.02273762  125358.27765248  125643.57718207
  126375.73488686  127666.60412519  129868.13533078  133037.61149802
  137338.42463304  143172.51181666  151147.78996279  161941.69860598
  176223.98668708  194530.59584355  217165.04975971  244697.93870159
  276941.02032205  314458.23726317  357136.65905853  405123.24026186
  457717.49349128  514166.33338562  574906.15574418  639167.25991085
  707625.2622221   779082.18527987  853959.71390919  932239.44647763
 1013058.21660039 1097078.95722892 1183318.61727027 1270341.72636886
 1355514.83375496 1437373.38754859 1513124.44943435 1582540.57078486
 1645524.02983448 1702237.68001014 1753396.43976173 1798508.94617151
 1836800.65712389 1866754.76247818 1885976.56421204 1894557.35520575
 1891824.43098527 1879736.31175043 1861564.61211355 1838560.12327693
 1811184.66954016 1779900.32222144 1744108.42184166 1703385.26315521
 1657571.03619908 1606825.60944495 1550819.03779679 1489995.13737136
 1424837.59442031 1357833.97969981 1289294.00787719 1220785.96367611
 1152576.96847753 1084932.84163763 1019542.82313619  957375.5254252
  899172.57488785  845100.11721953  795427.93108669  749949.64965832
  708572.46720046  670886.13346728  636839.87302361  605692.04888844
  577336.14994506  551494.29728976  527478.96233148  505295.83266879
  484755.91346483  465269.71367998  446949.16436181  429822.46360809
  413744.26978258  398629.7090786   384267.94692299  370862.03316418
  358206.63716762  346207.53650891  334468.33860681  322912.16427411
  311308.25183074  299609.74562378  287943.0294261   275954.83436533
  263942.24188092  251866.85765237  239860.15996788  228186.24018981
  216884.24055883  206108.08983838  195705.63285342  185988.12284265
  176954.16975428  169142.14130394  162290.3394935   156451.79824877
  150915.75756033  145298.19140727  139359.83734927  133069.86037794
  126536.18802325  119910.90000341  113295.29342288  106911.6510623
  100827.12152508   95130.49688488   89941.70132702   85248.1721958
   81047.14532428   77475.0098738    74257.29071419   71492.66642171
   68993.69515731   66562.35813158   64122.88006267   61816.95677757
   59876.61135625   58301.62093861   57031.67386614   55892.70909137
   54901.21107517   54027.94883564   53305.17092377   52871.09143534
   52714.31873348]",,,,1894557.3552057522
32,6539,3614012.8,15.61329,15.932966,16.888385,748.51447,748.50698-748.52195,205688408.01910254,13095042.863708496,132,12964413.702050323,99.0,13010342.682604512,99.4,[0.46],"[301.2173, 327.233]",[301.21744],[7.61609],"[14.737547 14.747547 14.757547 14.767547 14.777547 14.787547 14.797547
 14.807547 14.817547 14.827547 14.837547 14.847547 14.857547 14.867547
 14.877547 14.887547 14.897547 14.907547 14.917547 14.927547 14.937547
 14.947547 14.957547 14.967547 14.977547 14.977547 14.987729 14.997712
 15.007421 15.017711 15.027408 15.037245 15.047371 15.057214 15.067433
 15.076766 15.086377 15.096367 15.10625  15.116176 15.125542 15.135395
 15.14555  15.15535  15.165507 15.175373 15.185381 15.195548 15.20545
 15.215356 15.225339 15.235363 15.245452 15.255292 15.265351 15.274923
 15.284885 15.29431  15.304153 15.314479 15.324102 15.333945 15.34356
 15.353304 15.363579 15.373437 15.384008 15.39405  15.403892 15.413697
 15.423334 15.43374  15.443504 15.453747 15.464252 15.473912 15.484049
 15.493722 15.503326 15.513802 15.523587 15.533824 15.543524 15.553009
 15.563113 15.572848 15.58279  15.592479 15.601901 15.61172  15.621254
 15.631254 15.640726 15.650108 15.659685 15.669127 15.678978 15.6884
 15.69766  15.707153 15.716539 15.726344 15.736062 15.745266 15.754694
 15.764005 15.773592 15.783181 15.792335 15.801753 15.811014 15.820421
 15.830015 15.839136 15.848531 15.857805 15.867175 15.876867 15.88597
 15.895612 15.904858 15.914203 15.923913 15.932966 15.942019 15.951729
 15.961074 15.97032  15.979962 15.989065 15.998757 16.008127 16.017401
 16.026796 16.035917 16.045511 16.054918 16.064179 16.073597 16.082751
 16.09234  16.101927 16.111238 16.120666 16.12987  16.139588 16.149393
 16.158779 16.168272 16.177532 16.186954 16.196805 16.206247 16.215824
 16.225206 16.234678 16.244678 16.254212 16.264031 16.273453 16.283142
 16.293084 16.302819 16.312923 16.322408 16.332108 16.342345 16.35213
 16.362606 16.37221  16.381883 16.39202  16.40168  16.412185 16.422428
 16.432192 16.442598 16.452235 16.46204  16.471882 16.481924 16.492495
 16.502353 16.512628 16.522372 16.531987 16.54183  16.551453 16.561779
 16.571622 16.581047 16.591009 16.600581 16.61064  16.62048  16.630569
 16.640593 16.650576 16.660482 16.670384 16.680551 16.690559 16.700425
 16.710582 16.720382 16.730537 16.74039  16.749756 16.759682 16.769565
 16.779555 16.789166 16.798499 16.808718 16.818561 16.828687 16.838524
 16.848221 16.858511 16.86822  16.878203 16.888385 16.888385 16.898385
 16.908385 16.918385 16.928385 16.938385 16.948385 16.958385 16.968385
 16.978385 16.988385 16.998385 17.008385 17.018385 17.028385 17.038385
 17.048385 17.058385 17.068385 17.078385 17.088385 17.098385 17.108385
 17.118385 17.128385 17.138385]","[1.13711461e+02 1.29252780e+02 1.46844743e+02 1.66747671e+02
 1.89253538e+02 2.14689646e+02 2.43422686e+02 2.75863259e+02
 3.12470869e+02 3.53759464e+02 4.00303566e+02 4.52745051e+02
 5.11800639e+02 5.78270179e+02 6.53045783e+02 7.37121913e+02
 8.31606499e+02 9.37733189e+02 1.05687484e+03 1.19055837e+03
 1.34048107e+03 1.50852857e+03 1.69679452e+03 1.90760225e+03
 2.14352849e+03 2.14352849e+03 2.41251079e+03 2.70761745e+03
 3.02776523e+03 3.40673271e+03 3.80532708e+03 4.25530875e+03
 4.77173939e+03 5.33112263e+03 5.97829106e+03 6.63472928e+03
 7.38277141e+03 8.24579682e+03 9.19429310e+03 1.02517102e+04
 1.13556191e+04 1.26394776e+04 1.41075841e+04 1.56781758e+04
 1.74818877e+04 1.94227937e+04 2.16011670e+04 2.40521265e+04
 2.66930000e+04 2.96105543e+04 3.28571802e+04 3.64570793e+04
 4.04581416e+04 4.47611189e+04 4.96084379e+04 5.46819802e+04
 6.04845763e+04 6.65097962e+04 7.34090706e+04 8.13750147e+04
 8.95319403e+04 9.86745963e+04 1.08455469e+05 1.19300827e+05
 1.31846251e+05 1.45048856e+05 1.60592061e+05 1.76805890e+05
 1.94189149e+05 2.13103669e+05 2.33379036e+05 2.57309582e+05
 2.81851757e+05 3.09958821e+05 3.41512479e+05 3.73173698e+05
 4.09353869e+05 4.46929698e+05 4.87423496e+05 5.35507229e+05
 5.84404980e+05 6.40019067e+05 6.97253997e+05 7.57821730e+05
 8.27730749e+05 9.00745107e+05 9.81483454e+05 1.06661782e+06
 1.15596230e+06 1.25645050e+06 1.36174567e+06 1.48095836e+06
 1.60274731e+06 1.73248346e+06 1.87490214e+06 2.02586038e+06
 2.19528478e+06 2.36949626e+06 2.55307240e+06 2.75481464e+06
 2.96863609e+06 3.20823741e+06 3.46314715e+06 3.72160327e+06
 4.00460097e+06 4.30332350e+06 4.63210300e+06 4.98378679e+06
 5.34210825e+06 5.73516117e+06 6.14719186e+06 6.59313954e+06
 7.07806380e+06 7.56888252e+06 8.10652806e+06 8.67094041e+06
 9.27706151e+06 9.94403177e+06 1.06095368e+07 1.13579501e+07
 1.21198728e+07 1.29362819e+07 1.38364855e+07 1.30782667e+07
 1.30727570e+07 1.28989167e+07 1.25640337e+07 1.20941220e+07
 1.15226697e+07 1.08776028e+07 1.01823093e+07 9.46822554e+06
 8.74614788e+06 8.03612482e+06 7.34507556e+06 6.68230684e+06
 6.05567401e+06 5.47207151e+06 4.93727015e+06 4.45641495e+06
 4.02729040e+06 3.65265978e+06 3.32801542e+06 3.05060963e+06
 2.81544604e+06 2.61429658e+06 2.43940765e+06 2.28708713e+06
 2.15114414e+06 2.03004967e+06 1.92218919e+06 1.82661667e+06
 1.74079902e+06 1.66319669e+06 1.59185790e+06 1.52672047e+06
 1.46560677e+06 1.40827232e+06 1.35228325e+06 1.29625152e+06
 1.23858261e+06 1.17979063e+06 1.11937662e+06 1.05861796e+06
 9.98138132e+05 9.37820512e+05 8.79000452e+05 8.23305142e+05
 7.70305689e+05 7.20564622e+05 6.74189098e+05 6.31517963e+05
 5.92939537e+05 5.59403274e+05 5.30882322e+05 5.06805594e+05
 4.86309164e+05 4.68787369e+05 4.53334019e+05 4.39958645e+05
 4.28866171e+05 4.19905777e+05 4.12369590e+05 4.06133674e+05
 4.00528288e+05 3.94937812e+05 3.89068979e+05 3.82676981e+05
 3.76142815e+05 3.69263496e+05 3.61895159e+05 3.53615795e+05
 3.43758353e+05 3.31783748e+05 3.17538932e+05 3.01458286e+05
 2.84145601e+05 2.66649582e+05 2.49633547e+05 2.33673633e+05
 2.19412414e+05 2.06635229e+05 1.95098667e+05 1.84464837e+05
 1.74386715e+05 1.64591343e+05 1.55187858e+05 1.46248325e+05
 1.38161061e+05 1.30813232e+05 1.24090813e+05 1.17754656e+05
 1.11305279e+05 1.04675059e+05 9.79008427e+04 9.10567817e+04
 8.46099087e+04 7.88218836e+04 7.39643771e+04 7.03970177e+04
 6.80094512e+04 6.65722010e+04 2.14352849e+03 1.90760225e+03
 1.69679452e+03 1.50852857e+03 1.34048107e+03 1.19055837e+03
 1.05687484e+03 9.37733189e+02 8.31606499e+02 7.37121913e+02
 6.53045783e+02 5.78270179e+02 5.11800639e+02 4.52745051e+02
 4.00303566e+02 3.53759464e+02 3.12470869e+02 2.75863259e+02
 2.43422686e+02 2.14689646e+02 1.89253538e+02 1.66747671e+02
 1.46844743e+02 1.29252780e+02 1.13711461e+02 9.99888215e+01]",1,0.9873911620651551,,13836485.545943592
33,9602,7816581.0,22.730465,23.287816,25.391028,748.52905,748.52157-748.53654,816876168.2107975,31565785.420654297,274,31532946.834000316,99.9,31394490.232229926,99.5,[1.4],"[301.2173, 327.233]",[327.23346],[100.0],"[22.730465 22.73965  22.749062 22.758414 22.767992 22.777393 22.786591
 22.796058 22.805508 22.815291 22.824659 22.83389  22.843373 22.852991
 22.862821 22.872231 22.881474 22.891036 22.900903 22.910798 22.920188
 22.929475 22.939064 22.948682 22.958543 22.967956 22.977252 22.986963
 22.996492 23.006079 23.015517 23.024811 23.034554 23.043999 23.053436
 23.062798 23.072138 23.081564 23.091135 23.100525 23.109844 23.119016
 23.128561 23.138163 23.147538 23.156682 23.165936 23.175449 23.185216
 23.194436 23.203613 23.212821 23.222363 23.231896 23.241197 23.250361
 23.259551 23.268955 23.278535 23.287816 23.297097 23.306677 23.316081
 23.325271 23.334435 23.343736 23.353269 23.362811 23.372019 23.381196
 23.390416 23.400183 23.409696 23.41895  23.428094 23.437469 23.447071
 23.456616 23.465788 23.475107 23.484497 23.494068 23.503494 23.512834
 23.522196 23.531633 23.541078 23.550821 23.560115 23.569553 23.57914
 23.588669 23.59838  23.607676 23.617089 23.62695  23.636568 23.646157
 23.655444 23.664834 23.674729 23.684596 23.694158 23.703401 23.712811
 23.722641 23.732259 23.741742 23.750973 23.760341 23.770124 23.779574
 23.789041 23.798239 23.80764  23.817218 23.82657 ]","[3.21664129e+04 3.23571873e+04 3.29052701e+04 3.36995590e+04
 3.47082787e+04 3.58191230e+04 3.69775687e+04 3.80918161e+04
 3.93165906e+04 4.07256991e+04 4.24196402e+04 4.46401187e+04
 4.74337262e+04 5.07397856e+04 5.48388473e+04 5.97054951e+04
 6.60660572e+04 7.44959098e+04 8.62826448e+04 1.02339364e+05
 1.24352332e+05 1.54020135e+05 1.93146814e+05 2.44820963e+05
 3.10898776e+05 3.96121365e+05 5.04098017e+05 6.39867407e+05
 8.09704649e+05 1.02014252e+06 1.28113107e+06 1.59701116e+06
 1.98364423e+06 2.44915249e+06 3.00524215e+06 3.66401797e+06
 4.43375526e+06 5.31886956e+06 6.32240126e+06 7.43795703e+06
 8.67462177e+06 1.00198741e+07 1.14698183e+07 1.30066068e+07
 1.46210617e+07 1.62874606e+07 1.79865068e+07 1.96685012e+07
 2.13070568e+07 2.28794183e+07 2.43689414e+07 2.57668385e+07
 2.70745462e+07 2.82509923e+07 2.92789818e+07 3.01266512e+07
 3.07813744e+07 3.12351172e+07 3.14896539e+07 3.15642365e+07
 3.13703167e+07 3.12522993e+07 3.08856892e+07 3.02957769e+07
 2.94928203e+07 2.84768497e+07 2.72489600e+07 2.58584979e+07
 2.43921912e+07 2.28380543e+07 2.12124617e+07 1.94520929e+07
 1.77298877e+07 1.60738392e+07 1.44785307e+07 1.29051036e+07
 1.13762249e+07 9.95310776e+06 8.68569417e+06 7.50424144e+06
 6.42485874e+06 5.43931725e+06 4.57922899e+06 3.83061575e+06
 3.17769438e+06 2.61101727e+06 2.12775135e+06 1.70821947e+06
 1.37428080e+06 1.09310011e+06 8.59173504e+05 6.70725993e+05
 5.16742117e+05 3.99357276e+05 3.05190232e+05 2.28284282e+05
 1.70528510e+05 1.26436009e+05 9.38819767e+04 6.89293176e+04
 4.93457055e+04 3.50479973e+04 2.49464783e+04 1.78178872e+04
 1.25488470e+04 8.62639097e+03 5.92760346e+03 4.06113201e+03
 2.78853024e+03 1.88906612e+03 1.24719636e+03 8.28282912e+02
 5.45222670e+02 3.60368128e+02 2.34155663e+02 1.49677198e+02
 9.59188608e+01]",1,0.9999005914493764,,31564236.519471772
34,7360,284924.0,17.343387,17.871926,18.441934,750.50891,750.50141-750.51642,15228865.5087695,1014669.9905929565,99,1014578.478620216,100.0,989007.5305286123,97.5,[1.07],"[301.2173, 327.233]",[301.21762],[100.0],"[17.131918 17.141918 17.151918 17.161918 17.171918 17.181918 17.191918
 17.201918 17.211918 17.221918 17.231918 17.241918 17.251918 17.261918
 17.271918 17.281918 17.291918 17.301918 17.301918 17.311687 17.32096
 17.330532 17.339836 17.349252 17.358484 17.368234 17.378232 17.387357
 17.39677  17.406023 17.415729 17.425168 17.434282 17.443702 17.453221
 17.462934 17.472338 17.481762 17.491218 17.500501 17.510011 17.519532
 17.529206 17.538896 17.548255 17.557614 17.567027 17.576531 17.58602
 17.59545  17.604901 17.614335 17.623887 17.633373 17.642822 17.65222
 17.661709 17.671597 17.681011 17.690368 17.699726 17.709561 17.719307
 17.728652 17.738351 17.747688 17.756892 17.766909 17.77622  17.785686
 17.794982 17.804732 17.81463  17.823964 17.833418 17.842667 17.852419
 17.862342 17.871926 17.88151  17.891433 17.901185 17.910434 17.919888
 17.929222 17.93912  17.94887  17.958166 17.967632 17.976943 17.98696
 17.996164 18.005501 18.0152   18.024545 18.034291 18.044126 18.053484
 18.062841 18.072255 18.082143 18.091632 18.10103  18.110479 18.119965
 18.129517 18.138951 18.148402 18.157832 18.167321 18.176825 18.186238
 18.195597 18.204956 18.214646 18.22432  18.233841 18.243351 18.252634
 18.26209  18.271514 18.280918 18.290631 18.30015  18.30957  18.318684
 18.328123 18.337829 18.347082 18.356495 18.36562  18.375618 18.385368
 18.3946   18.404016 18.41332  18.422892 18.432165 18.441934 18.441934
 18.451934 18.461934 18.471934 18.481934 18.491934 18.501934 18.511934
 18.521934 18.531934 18.541934 18.551934 18.561934 18.571934 18.581934
 18.591934 18.601934 18.611934 18.621934]","[1.12096837e+02 1.34174749e+02 1.60358323e+02 1.91361911e+02
 2.28014662e+02 2.71277222e+02 3.22260567e+02 3.82247174e+02
 4.52714789e+02 5.35363010e+02 6.32142983e+02 7.45290460e+02
 8.77362532e+02 1.03127832e+03 1.21036392e+03 1.41840200e+03
 1.65968619e+03 1.93908079e+03 1.93908079e+03 2.25408779e+03
 2.59684884e+03 3.00132097e+03 3.45017724e+03 3.96752995e+03
 4.54410112e+03 5.23690192e+03 6.04811586e+03 6.88860777e+03
 7.86780199e+03 8.95420659e+03 1.02411014e+04 1.16538264e+04
 1.31856889e+04 1.49611363e+04 1.69750452e+04 1.92824275e+04
 2.17851866e+04 2.45861742e+04 2.77212479e+04 3.11465409e+04
 3.50475191e+04 3.93884643e+04 4.42879934e+04 4.97360219e+04
 5.55583822e+04 6.19801910e+04 6.90955538e+04 7.70039890e+04
 8.56860812e+04 9.51553128e+04 1.05553160e+05 1.16907780e+05
 1.29471775e+05 1.43089404e+05 1.57863946e+05 1.73838710e+05
 1.91349313e+05 2.11169306e+05 2.31625375e+05 2.53583863e+05
 2.77259364e+05 3.04093359e+05 3.32765240e+05 3.62303987e+05
 3.95185422e+05 4.29078707e+05 4.64733117e+05 5.06174443e+05
 5.47256974e+05 5.91647378e+05 6.37901443e+05 6.89336095e+05
 7.44699530e+05 7.99889460e+05 8.58805471e+05 9.19437789e+05
 9.86626385e+05 1.05847140e+06 1.01457848e+06 1.00849153e+06
 9.90651257e+05 9.61654321e+05 9.21834885e+05 8.72859934e+05
 8.16031569e+05 7.54611487e+05 6.90876813e+05 6.27509488e+05
 5.65783612e+05 5.07400115e+05 4.52314118e+05 4.01430844e+05
 3.55697675e+05 3.14445661e+05 2.77679716e+05 2.45331483e+05
 2.17653463e+05 1.94354057e+05 1.75101863e+05 1.59739638e+05
 1.47323677e+05 1.37451783e+05 1.29798863e+05 1.24274750e+05
 1.20103332e+05 1.17084259e+05 1.14788188e+05 1.12629019e+05
 1.10568191e+05 1.08270671e+05 1.05743583e+05 1.02835163e+05
 9.95590897e+04 9.58157171e+04 9.15678614e+04 8.69337789e+04
 8.19006813e+04 7.65796402e+04 7.09001792e+04 6.53646210e+04
 5.99543674e+04 5.49104322e+04 5.02612841e+04 4.60103234e+04
 4.21790964e+04 3.87095396e+04 3.57675849e+04 3.33001465e+04
 3.13319267e+04 2.99211894e+04 2.89164162e+04 2.81736785e+04
 2.76445207e+04 2.72218387e+04 2.66491751e+04 2.59952219e+04
 2.51924862e+04 2.43519760e+04 2.35035213e+04 1.93908079e+03
 1.65968619e+03 1.41840200e+03 1.21036392e+03 1.03127832e+03
 8.77362532e+02 7.45290460e+02 6.32142983e+02 5.35363010e+02
 4.52714789e+02 3.82247174e+02 3.22260567e+02 2.71277222e+02
 2.28014662e+02 1.91361911e+02 1.60358323e+02 1.34174749e+02
 1.12096837e+02 9.35102478e+01]",1,0.9811762673588013,,1058471.4015108144
35,8683,719725.62,20.7305,21.105421,21.6026,750.52985,750.52234-750.53735,40153056.68663427,2379753.909767151,89,2378636.469265229,100.0,2294365.2801523283,96.4,[0.86],"[301.2173, 327.233]",[301.21704],[7.60653],"[20.630129 20.640129 20.650129 20.660129 20.670129 20.680129 20.690129
 20.700129 20.710129 20.720129 20.730129 20.740129 20.750129 20.759715
 20.769116 20.77897  20.788668 20.798153 20.807794 20.817245 20.827138
 20.837044 20.846494 20.856232 20.865702 20.875584 20.88551  20.89496
 20.904709 20.914221 20.923811 20.933755 20.943244 20.953132 20.962679
 20.972137 20.981667 20.991192 21.00073  21.010501 21.019929 21.029388
 21.038983 21.048403 21.057803 21.06724  21.076883 21.086653 21.096039
 21.105421 21.114803 21.124189 21.133959 21.143602 21.153039 21.162439
 21.171859 21.181454 21.190913 21.200341 21.210112 21.21965  21.229175
 21.238705 21.248163 21.25771  21.267598 21.277087 21.287031 21.296621
 21.306133 21.315882 21.325332 21.335258 21.34514  21.35461  21.364348
 21.373798 21.383704 21.393597 21.403048 21.412689 21.422174 21.431872
 21.441726 21.451127 21.460713 21.470713 21.480713 21.490713 21.500713
 21.510713 21.520713 21.530713 21.540713 21.550713 21.560713 21.570713
 21.580713]","[8.92679798e+01 1.37408984e+02 2.09547930e+02 3.16592376e+02
 4.73877793e+02 7.02718019e+02 1.03239205e+03 1.50264725e+03
 2.16679716e+03 3.09548214e+03 4.38114046e+03 6.14320317e+03
 8.35734022e+02 2.32730317e+03 4.68109006e+03 8.95052011e+03
 1.53900431e+04 2.44401708e+04 3.57643967e+04 4.97850470e+04
 6.69264371e+04 8.83467182e+04 1.14914302e+05 1.47907190e+05
 1.87326120e+05 2.33843850e+05 2.87188106e+05 3.47892108e+05
 4.17259386e+05 4.95913951e+05 5.83805230e+05 6.81741269e+05
 7.89594057e+05 9.05539460e+05 1.02818901e+06 1.15485135e+06
 1.28212679e+06 1.40998940e+06 1.53588317e+06 1.66101155e+06
 1.78289089e+06 1.90166838e+06 2.01385211e+06 2.11544681e+06
 2.20356968e+06 2.27428365e+06 2.32612227e+06 2.36004127e+06
 2.37747953e+06 2.37863647e+06 2.37403123e+06 2.36124872e+06
 2.32760966e+06 2.27492813e+06 2.20592316e+06 2.12167504e+06
 2.02367295e+06 1.91216150e+06 1.79311015e+06 1.66791521e+06
 1.53390174e+06 1.40138686e+06 1.26967937e+06 1.14058916e+06
 1.01690058e+06 8.98014648e+05 7.82468948e+05 6.79735725e+05
 5.81256397e+05 4.95473711e+05 4.19331093e+05 3.50335758e+05
 2.91830923e+05 2.38718112e+05 1.93669505e+05 1.57148988e+05
 1.25662277e+05 1.00299149e+05 7.84840257e+04 6.08747979e+04
 4.73500626e+04 3.63313482e+04 2.77606281e+04 2.09018456e+04
 1.55258323e+04 1.15929711e+04 8.53397584e+03 6.14320317e+03
 4.38114046e+03 3.09548214e+03 2.16679716e+03 1.50264725e+03
 1.03239205e+03 7.02718019e+02 4.73877793e+02 3.16592376e+02
 2.09547930e+02 1.37408984e+02 8.92679798e+01]",1,0.9999049306096829,,2378636.469265229
36,4387,481744.84,10.113159,10.661176,11.372689,756.46198,756.45441-756.46954,20691120.11013239,1787814.2356529236,93,1783227.3192623449,99.7,1783227.3192623449,99.7,[0.76],"[301.2173, 327.233]",[301.21753],[100.0],"[10.12389  10.134073 10.144573 10.15551  10.166098 10.176786 10.187796
 10.198159 10.208528 10.219101 10.229942 10.240828 10.251126 10.261445
 10.272124 10.283012 10.293319 10.303628 10.313978 10.324597 10.335163
 10.345446 10.355576 10.365893 10.376293 10.38682  10.397284 10.407241
 10.417277 10.427702 10.438175 10.448517 10.458628 10.468828 10.479294
 10.489592 10.499961 10.509763 10.520146 10.530438 10.540917 10.550889
 10.560348 10.570565 10.580934 10.591274 10.600894 10.610966 10.621289
 10.631775 10.641744 10.651311 10.661176 10.671041 10.680608 10.690577
 10.701063 10.711386 10.721458 10.731078 10.741418 10.751787 10.762004
 10.771463 10.781435 10.791914 10.802206 10.812589 10.822391 10.83276
 10.843058 10.853524 10.863724 10.873835 10.884177 10.89465  10.905075
 10.915111 10.925068 10.935532 10.946059 10.956459 10.966776 10.976906
 10.987189 10.997755 11.008374 11.018724 11.029033 11.03934  11.050228
 11.060907 11.071226 11.081524 11.09241  11.103251 11.113824 11.124193
 11.134556 11.145566 11.156254 11.166842 11.177779 11.188279 11.198462
 11.209185 11.219742 11.230696 11.241052 11.251714 11.261998 11.272604
 11.283312 11.293468 11.303833 11.313504 11.323772 11.334075 11.34398
 11.354128 11.36364 ]","[1.18771095e+02 1.60203546e+02 2.17096544e+02 2.96441505e+02
 3.98824326e+02 5.35450597e+02 7.21576821e+02 9.50966884e+02
 1.24770479e+03 1.63799591e+03 2.15448673e+03 2.82268274e+03
 3.62750458e+03 4.64291785e+03 5.96514607e+03 7.66284586e+03
 9.66755619e+03 1.21417109e+04 1.51929323e+04 1.90307612e+04
 2.36970328e+04 2.91998457e+04 3.57098831e+04 4.36356616e+04
 5.31599690e+04 6.46129295e+04 7.80724119e+04 9.30672512e+04
 1.10618912e+05 1.31758886e+05 1.56328454e+05 1.84229313e+05
 2.15355941e+05 2.50968224e+05 2.92277739e+05 3.37998949e+05
 3.89466984e+05 4.43419893e+05 5.06458596e+05 5.75150304e+05
 6.51615674e+05 7.30593878e+05 8.11128453e+05 9.04204716e+05
 1.00497233e+06 1.11151456e+06 1.21573078e+06 1.32965159e+06
 1.45091945e+06 1.57801572e+06 1.70168314e+06 1.82213622e+06
 1.78322732e+06 1.78198745e+06 1.74203055e+06 1.66754127e+06
 1.56436328e+06 1.44013447e+06 1.30237975e+06 1.16007750e+06
 1.01899969e+06 8.85542292e+05 7.62390096e+05 6.52205410e+05
 5.56923565e+05 4.76989332e+05 4.11541769e+05 3.59804528e+05
 3.19098380e+05 2.87533247e+05 2.62680258e+05 2.42731373e+05
 2.26720728e+05 2.13669611e+05 2.02199128e+05 1.91779609e+05
 1.81550286e+05 1.71020337e+05 1.60074142e+05 1.48616024e+05
 1.36944529e+05 1.25444989e+05 1.14416139e+05 1.04108667e+05
 9.46541746e+04 8.65375668e+04 7.96752000e+04 7.41349966e+04
 6.96640743e+04 6.59115487e+04 6.24718002e+04 5.90800743e+04
 5.53814991e+04 5.12708251e+04 4.68235153e+04 4.21351748e+04
 3.75205310e+04 3.32650990e+04 2.96657759e+04 2.67882654e+04
 2.45398164e+04 2.27957117e+04 2.13820192e+04 2.02325618e+04
 1.92537572e+04 1.82562014e+04 1.72778135e+04 1.61135773e+04
 1.46572267e+04 1.29150219e+04 1.09060387e+04 8.73856207e+03
 6.59746716e+03 4.64490992e+03 3.04000596e+03 1.81985848e+03
 1.00052919e+03 4.91715167e+02 2.08301723e+02 6.02048799e+01
 2.71932096e+01]",1,0.9866856821766549,,1822136.2159460203
37,5003,571406.25,11.972325,12.239119,12.601414,758.47742,758.46983-758.485,26121300.56529119,2095553.3960609436,62,2094679.510938881,100.0,1977279.2440795375,94.4,[2.48],"[301.2173, 327.233]",[301.21805],[100.0],"[11.456824 11.466824 11.476824 11.486824 11.496824 11.506824 11.516824
 11.526824 11.536824 11.546824 11.556824 11.566824 11.576824 11.586824
 11.596824 11.606824 11.616824 11.626824 11.636824 11.646824 11.656824
 11.666824 11.676824 11.686824 11.696824 11.706824 11.716824 11.726824
 11.736824 11.746824 11.756824 11.766824 11.776824 11.786824 11.796824
 11.806824 11.816824 11.826824 11.836824 11.846824 11.856824 11.866824
 11.876824 11.876824 11.88615  11.896223 11.905718 11.915309 11.924743
 11.93425  11.943938 11.95357  11.963132 11.972187 11.981525 11.991448
 12.001125 12.010703 12.019854 12.029692 12.039409 12.049287 12.059596
 12.069263 12.079238 12.089316 12.099281 12.109761 12.119577 12.129549
 12.139831 12.149709 12.159693 12.169446 12.179367 12.189621 12.199267
 12.209359 12.21919  12.229198 12.239119 12.24904  12.259048 12.268879
 12.278971 12.288617 12.298871 12.308792 12.318545 12.328529 12.338407
 12.348689 12.358661 12.368477 12.378957 12.388922 12.399    12.408975
 12.418642 12.428951 12.438829 12.448546 12.458384 12.467535 12.477113
 12.48679  12.496713 12.506051 12.515106 12.524668 12.5343   12.543988
 12.553495 12.562929 12.57252  12.582015 12.592088 12.601414 12.601414
 12.611414 12.621414 12.631414 12.641414 12.651414 12.661414 12.671414
 12.681414 12.691414 12.701414 12.711414 12.721414 12.731414 12.741414
 12.751414 12.761414 12.771414 12.781414 12.791414 12.801414 12.811414
 12.821414 12.831414 12.841414 12.851414 12.861414 12.871414 12.881414
 12.891414 12.901414 12.911414 12.921414 12.931414 12.941414 12.951414
 12.961414 12.971414 12.981414 12.991414 13.001414 13.011414 13.021414
 13.031414]","[1.14639199e+02 1.36832915e+02 1.63110832e+02 1.94182379e+02
 2.30872188e+02 2.74137351e+02 3.25086992e+02 3.85004462e+02
 4.55372418e+02 5.37901147e+02 6.34560460e+02 7.47615564e+02
 8.79667304e+02 1.03369724e+03 1.21311801e+03 1.42182954e+03
 1.66428157e+03 1.94554314e+03 2.27137958e+03 2.64833766e+03
 3.08383963e+03 3.58628668e+03 4.16517267e+03 4.83120878e+03
 5.59645984e+03 6.47449301e+03 7.48053966e+03 8.63167107e+03
 9.94698869e+03 1.14478296e+04 1.31579877e+04 1.51039516e+04
 1.73151590e+04 1.98242685e+04 2.26674490e+04 2.58846867e+04
 2.95201098e+04 3.36223304e+04 3.82448045e+04 4.34462070e+04
 4.92908241e+04 5.58489586e+04 6.31973502e+04 6.31973502e+04
 7.08361615e+04 8.00254864e+04 8.96678759e+04 1.00467980e+05
 1.12228390e+05 1.25325920e+05 1.40076800e+05 1.56273840e+05
 1.73997229e+05 1.92419090e+05 2.13223248e+05 2.37505698e+05
 2.63521651e+05 2.91726280e+05 3.21130660e+05 3.55624021e+05
 3.92842473e+05 4.34125208e+05 4.81190386e+05 5.29284654e+05
 5.83211555e+05 6.42431616e+05 7.05979861e+05 7.78519199e+05
 8.52102869e+05 9.32782561e+05 1.02259023e+06 1.11555630e+06
 1.21654017e+06 1.32235071e+06 1.43760362e+06 1.56518324e+06
 1.69339881e+06 1.83641740e+06 1.98481197e+06 2.14542748e+06
 2.09467951e+06 2.08328931e+06 2.03382139e+06 1.95126004e+06
 1.84049180e+06 1.70837143e+06 1.56264005e+06 1.41120803e+06
 1.25992630e+06 1.11500032e+06 9.80138279e+05 8.57713543e+05
 7.50114690e+05 6.58806773e+05 5.84023903e+05 5.24836933e+05
 4.78955066e+05 4.44074322e+05 4.17171415e+05 3.96696170e+05
 3.79518856e+05 3.63935667e+05 3.47990269e+05 3.30801672e+05
 3.11731880e+05 2.91263419e+05 2.69706718e+05 2.48116945e+05
 2.26750997e+05 2.06296313e+05 1.87288325e+05 1.70072869e+05
 1.55025867e+05 1.42840611e+05 1.33429067e+05 1.27099595e+05
 1.23575555e+05 1.22341955e+05 6.31973502e+04 5.58489586e+04
 4.92908241e+04 4.34462070e+04 3.82448045e+04 3.36223304e+04
 2.95201098e+04 2.58846867e+04 2.26674490e+04 1.98242685e+04
 1.73151590e+04 1.51039516e+04 1.31579877e+04 1.14478296e+04
 9.94698869e+03 8.63167107e+03 7.48053966e+03 6.47449301e+03
 5.59645984e+03 4.83120878e+03 4.16517267e+03 3.58628668e+03
 3.08383963e+03 2.64833766e+03 2.27137958e+03 1.94554314e+03
 1.66428157e+03 1.42182954e+03 1.21311801e+03 1.03369724e+03
 8.79667304e+02 7.47615564e+02 6.34560460e+02 5.37901147e+02
 4.55372418e+02 3.85004462e+02 3.25086992e+02 2.74137351e+02
 2.30872188e+02 1.94182379e+02 1.63110832e+02 1.36832915e+02
 1.14639199e+02 9.59202931e+01]",1,0.983709290915506,,2145427.4758751336
38,2276,164560.98,4.6236098,5.2737929,6.17293,758.47778,758.4702-758.48537,15279521.85155809,532827.9238631278,153,532720.9471214804,100.0,513151.3863229978,96.3,[0.56],"[301.2173, 327.233]",[301.21713],[33.63223],"[4.6427501 4.6524431 4.6620689 4.6716568 4.6813181 4.6914181 4.7012827
 4.7110532 4.7210115 4.7308208 4.7407053 4.7508603 4.7607765 4.7705098
 4.7801869 4.789896  4.7998168 4.8097428 4.8197928 4.8295595 4.8395807
 4.8496845 4.8596168 4.8699786 4.880211  4.8903231 4.9005173 4.9106098
 4.9206585 4.9307843 4.9403898 4.950164  4.9597049 4.9692981 4.9787699
 4.9884716 4.9978687 5.0071428 5.0164229 5.0256315 5.0356085 5.0449614
 5.0542985 5.0634991 5.0731491 5.0829786 5.0928252 5.1022627 5.111844
 5.1212398 5.1310773 5.1410745 5.1505745 5.1600063 5.1694074 5.1786948
 5.1887523 5.1981745 5.2074402 5.2168662 5.2263896 5.2357361 5.2451953
 5.2544586 5.2638078 5.2737929 5.2831156 5.2924058 5.3022169 5.311785
 5.3219211 5.3316533 5.3415626 5.3520948 5.3618304 5.3723794 5.3825387
 5.3929819 5.4037033 5.4138058 5.424599  5.4348158 5.4452632 5.4559407
 5.4664177 5.477344  5.4877253 5.4978537 5.5085829 5.5193846 5.5294679
 5.539685  5.5495736 5.5600267 5.5705445 5.5803251 5.5902361 5.6000564
 5.6103982 5.6206716 5.6304857 5.6406216 5.6510426 5.6613971 5.6721929
 5.6828475 5.6927066 5.7033538 5.7134195 5.7245504 5.7352466 5.7456704
 5.7563903 5.7667178 5.7768462 5.7869674 5.7972981 5.8077805 5.8181261
 5.8285814 5.8383038 5.8484504 5.8587242 5.8683593 5.8786024 5.8882608
 5.8984668 5.9082513 5.917633  5.9277918 5.9378593 5.9478737 5.9578566
 5.9673909 5.97773   5.9878231 5.9978587 6.0081106 6.0183076 6.0286837
 6.0390483 6.0490601 6.0596862 6.0699455 6.0801675 6.0907213 6.1010767
 6.1115372 6.1216637 6.1319241 6.1425377 6.152746  6.1629205 6.17293  ]","[2.18935759e+02 7.11668814e+02 1.62527350e+03 3.26413362e+03
 5.83700151e+03 9.40482544e+03 1.39160958e+04 1.91344487e+04
 2.47219419e+04 3.04637236e+04 3.62523740e+04 4.19644926e+04
 4.76404754e+04 5.30991602e+04 5.81896251e+04 6.25986312e+04
 6.64889248e+04 6.98320831e+04 7.26951623e+04 7.53682300e+04
 7.81165911e+04 8.09494866e+04 8.36637570e+04 8.60778645e+04
 8.79267875e+04 8.91302775e+04 8.98001349e+04 9.00776613e+04
 9.01916838e+04 9.03262981e+04 9.05247075e+04 9.08498141e+04
 9.12962046e+04 9.23493254e+04 9.41776766e+04 9.72398258e+04
 1.01960533e+05 1.08808360e+05 1.17826986e+05 1.29220215e+05
 1.42969336e+05 1.59297113e+05 1.78035811e+05 1.99100784e+05
 2.22140209e+05 2.46801226e+05 2.72728257e+05 2.99571267e+05
 3.26868152e+05 3.54176770e+05 3.81283756e+05 4.07837704e+05
 4.32967349e+05 4.56134402e+05 4.76546233e+05 4.93895274e+05
 5.07318318e+05 5.17609313e+05 5.24286908e+05 5.28304195e+05
 5.30589657e+05 5.31762643e+05 5.32193165e+05 5.32467517e+05
 5.32708997e+05 5.32720947e+05 5.32177886e+05 5.30973468e+05
 5.27851927e+05 5.22229310e+05 5.13499924e+05 5.01917293e+05
 4.87118232e+05 4.70317784e+05 4.51208902e+05 4.30288178e+05
 4.08238828e+05 3.85916247e+05 3.63891985e+05 3.43304918e+05
 3.24315364e+05 3.06945786e+05 2.90682932e+05 2.75260321e+05
 2.60031254e+05 2.45061199e+05 2.30474513e+05 2.16617582e+05
 2.03511001e+05 1.91422944e+05 1.80291032e+05 1.70012223e+05
 1.60378036e+05 1.51167752e+05 1.42409299e+05 1.34326361e+05
 1.26992920e+05 1.20345265e+05 1.14404615e+05 1.08996806e+05
 1.03991525e+05 9.92610616e+04 9.47971157e+04 9.06733925e+04
 8.68292752e+04 8.31742780e+04 7.96555484e+04 7.64011726e+04
 7.33271699e+04 7.05467509e+04 6.79634843e+04 6.56081038e+04
 6.33987244e+04 6.11473116e+04 5.89404658e+04 5.67299541e+04
 5.47000579e+04 5.28588083e+04 5.12994354e+04 4.99500213e+04
 4.88318992e+04 4.77782453e+04 4.65098708e+04 4.51621302e+04
 4.35003578e+04 4.17383712e+04 3.99124686e+04 3.82637640e+04
 3.69645443e+04 3.58755200e+04 3.49862079e+04 3.41864217e+04
 3.33035195e+04 3.23320278e+04 3.13059911e+04 3.01692827e+04
 2.90378837e+04 2.79390665e+04 2.68756776e+04 2.59226685e+04
 2.50591588e+04 2.43638397e+04 2.37437726e+04 2.32579402e+04
 2.29156493e+04 2.26205474e+04 2.23051384e+04 2.20113808e+04
 2.16285918e+04 2.11606277e+04 2.06003700e+04 1.98868259e+04
 1.91076937e+04 1.82961761e+04]",,,,532720.9471214804
39,6283,686936.06,15.074794,15.31533,16.026796,760.49286,760.48525-760.50046,46914638.23490779,2982496.903236389,100,2822944.6134875626,94.7,2918313.454612303,97.8,[2.99],"[301.2173, 327.233]",[327.23398],[100.0],"[14.944794 14.954794 14.964794 14.974794 14.984794 14.994794 15.004794
 15.014794 15.024794 15.034794 15.044794 15.054794 15.064794 15.074794
 15.084364 15.093636 15.103858 15.113677 15.123436 15.133113 15.142546
 15.152338 15.162145 15.171667 15.181213 15.190591 15.200506 15.209985
 15.219699 15.229151 15.238589 15.248032 15.257455 15.267439 15.277123
 15.286599 15.296003 15.305394 15.31533  15.325266 15.334657 15.344061
 15.353537 15.363221 15.373205 15.382628 15.392071 15.401509 15.410961
 15.420675 15.430154 15.440069 15.449447 15.458993 15.468515 15.478322
 15.488114 15.497547 15.507224 15.516983 15.526802 15.537024 15.546296
 15.555866 15.565866 15.575866 15.585866 15.595866 15.605866 15.615866
 15.625866 15.635866 15.645866 15.655866 15.665866 15.675866 15.685866]","[9.39202459e+01 1.62564113e+02 2.77216470e+02 4.65738642e+02
 7.70893545e+02 1.25711625e+03 2.01969300e+03 3.19686412e+03
 4.98530675e+03 7.65928955e+03 1.15934844e+04 1.72889401e+04
 2.54010490e+04 1.50520645e+05 1.56821949e+05 1.66536599e+05
 1.80348101e+05 2.00036870e+05 2.27614951e+05 2.65477290e+05
 3.17086986e+05 3.84796503e+05 4.72141918e+05 5.81168178e+05
 7.12129526e+05 8.66028798e+05 1.04020821e+06 1.23362791e+06
 1.44253883e+06 1.66326684e+06 1.88973132e+06 2.11480028e+06
 2.32832877e+06 2.52095330e+06 2.68427629e+06 2.81396661e+06
 2.90729548e+06 2.96315674e+06 2.98233911e+06 2.97864764e+06
 2.90743012e+06 2.80069689e+06 2.66139871e+06 2.49151795e+06
 2.29391422e+06 2.09309952e+06 1.88431691e+06 1.67408096e+06
 1.46739059e+06 1.26387674e+06 1.07781911e+06 8.99465036e+05
 7.47865566e+05 6.11479342e+05 4.93497814e+05 3.90183530e+05
 3.04228019e+05 2.36169572e+05 1.79647244e+05 1.34422945e+05
 9.89764777e+04 7.08771034e+04 5.16547154e+04 3.67674767e+04
 2.54010490e+04 1.72889401e+04 1.15934844e+04 7.65928955e+03
 4.98530675e+03 3.19686412e+03 2.01969300e+03 1.25711625e+03
 7.70893545e+02 4.65738642e+02 2.77216470e+02 1.62564113e+02
 9.39202459e+01]",1,0.9979268496561126,,2982339.105048118
40,5975,769994.25,14.203391,14.551017,15.074794,760.49292,760.48532-760.50052,41325789.35644653,2771591.124015808,90,2767297.0249158265,99.8,2608553.604312027,94.1,[1.77],"[301.2173, 327.233]",[301.21783],[100.0],"[14.153391 14.163391 14.173391 14.183391 14.193391 14.203391 14.213052
 14.223109 14.232737 14.242259 14.251873 14.261785 14.271335 14.280773
 14.290618 14.299911 14.309751 14.319731 14.32933  14.339187 14.348464
 14.358441 14.368527 14.378303 14.387671 14.396887 14.406624 14.416664
 14.426066 14.43542  14.444635 14.454482 14.464556 14.473921 14.483293
 14.492636 14.502855 14.512228 14.522128 14.53144  14.540877 14.551017
 14.561157 14.570594 14.579906 14.589806 14.599179 14.609398 14.618741
 14.628113 14.637478 14.647552 14.657399 14.666614 14.675968 14.68537
 14.69541  14.705147 14.714363 14.723731 14.733507 14.743593 14.75357
 14.762847 14.772704 14.782303 14.792283 14.802123 14.811416 14.821261
 14.830699 14.840249 14.850161 14.859775 14.869297 14.878925 14.888982
 14.898643 14.908643 14.918643 14.928643 14.938643 14.948643]","[8.64851773e+01 1.40054140e+02 2.24238841e+02 3.54965666e+02
 5.55549131e+02 2.79781615e+02 6.35590486e+02 1.34548018e+03
 2.65248265e+03 4.77833821e+03 8.31448011e+03 1.38814244e+04
 2.18965507e+04 3.28429179e+04 4.70075330e+04 6.44416025e+04
 8.51858690e+04 1.08812629e+05 1.35203627e+05 1.64141841e+05
 1.96040015e+05 2.31302565e+05 2.71021665e+05 3.16955614e+05
 3.70677188e+05 4.33978060e+05 5.10334339e+05 6.01248092e+05
 7.09121534e+05 8.35594588e+05 9.81531050e+05 1.14553235e+06
 1.32807644e+06 1.52422644e+06 1.72974050e+06 1.93908480e+06
 2.14368982e+06 2.33576817e+06 2.50241605e+06 2.63568904e+06
 2.72598598e+06 2.76794810e+06 2.73335536e+06 2.60145936e+06
 2.45307400e+06 2.27979789e+06 2.10530101e+06 1.90838550e+06
 1.72647433e+06 1.54592116e+06 1.37061907e+06 1.19083769e+06
 1.02640734e+06 8.84281630e+05 7.52653976e+05 6.33703036e+05
 5.21537811e+05 4.27054329e+05 3.49954191e+05 2.83017621e+05
 2.24376950e+05 1.74581411e+05 1.34664143e+05 1.04714064e+05
 7.92994145e+04 5.98525629e+04 4.41794165e+04 3.23884652e+04
 2.39146857e+04 1.71577884e+04 1.23516436e+04 8.76629195e+03
 6.07433012e+03 4.21050790e+03 2.89863535e+03 1.96650107e+03
 1.29657480e+03 8.59645146e+02 5.55549131e+02 3.54965666e+02
 2.24238841e+02 1.40054140e+02 8.64851773e+01]",1,0.9983652989811168,,2767948.0958725824
41,2754,477925.56,6.0183076,6.5295534,7.1502224,760.49329,760.48568-760.50089,44195662.80182411,1100764.9555385113,111,935794.5570277196,85.0,835948.2468878999,75.9,[0.01],"[301.2173, 327.233]",[327.233],[15.35578],"[6.0183076 6.0286837 6.0390483 6.0490601 6.0596862 6.0699455 6.0801675
 6.0907213 6.1010767 6.1115372 6.1216637 6.1319241 6.1425377 6.152746
 6.1629205 6.17293   6.1832181 6.1934612 6.2030467 6.2131122 6.2231825
 6.2330493 6.2433567 6.2531377 6.2630044 6.2729754 6.2828044 6.2931976
 6.3033342 6.3129526 6.3230794 6.3330747 6.3437817 6.354078  6.3638609
 6.3741067 6.3847255 6.3953768 6.4057598 6.4156024 6.4258672 6.4365435
 6.4471196 6.4574973 6.4672763 6.4775035 6.4883702 6.4990943 6.5093827
 6.519231  6.5295534 6.5403492 6.5510065 6.5608201 6.5709873 6.5819623
 6.5927255 6.6034269 6.6138797 6.6247089 6.6350863 6.645761  6.6566473
 6.6663655 6.6768047 6.6875962 6.6981852 6.7085369 6.7180181 6.7281051
 6.7387805 6.7491352 6.7590989 6.768578  6.7785703 6.789043  6.7994706
 6.8094051 6.8188926 6.8288485 6.8389686 6.8493301 6.8593131 6.8687936
 6.8789739 6.8897597 6.899876  6.9098623 6.9195652 6.9297207 6.9402051
 6.9502464 6.9604173 6.9707036 6.9807068 6.9911514 7.0012177 7.0117402
 7.0213305 7.0313349 7.0416678 7.0518358 7.0622866 7.0721469 7.0821906
 7.0920736 7.1017007 7.1121507 7.1218516 7.1319631 7.1410165 7.1502224]","[ 161523.3061184   162416.57369229  164346.34831754  167566.23323005
  172539.91115661  179373.95658178  188695.94739607  200650.89963523
  215750.30723915  234380.02580858  256812.38729819  283156.82159603
  313911.88063946  348432.99045685  386513.29333823  427258.66050144
  469506.57997137  511618.0304427   552758.61462255  591760.28026227
  628257.37204928  661649.82443699  691745.65286111  718107.75787307
  740793.31883865  759804.8106307   775967.4861303   789645.88994079
  801770.95592248  812284.28796506  821229.3529733   828858.74617708
  836048.05195814  843267.8474343   851985.011062    863328.72358834
  877563.13360325  894759.94788506  913820.4973673   933523.7195523
  952449.00572035  970205.01054875  987121.64973021 1004116.50254187
 1021342.4384456  1038949.65601422 1056264.24242685 1072253.53606636
 1085545.69584422 1095380.62463494 1100284.93389402 1100020.42924298
 1094396.14344238 1084254.01948282 1070880.67976541 1055751.66774758
 1038540.98559809 1020171.15935967 1000059.04245478  979451.25511787
  958841.20532076  939130.53583849  920864.70206481  904800.3508441
  889992.22144279  877603.17259214  867415.37773172  859531.67025174
  853488.56331446  848700.62817512  843735.1778233   837918.54460964
  829287.96813867  817664.23265608  802127.36424296  783186.16568592
  761238.3951261   737396.85537043  712113.3430229   686422.017664
  660196.86509876  634084.88154114  607871.41724445  581398.68476968
  554702.11387304  528472.0909894   503383.49811553  480600.07924063
  460320.30228145  442465.95451858  426475.01222856  411901.71313861
  398087.62435457  385014.33665621  372458.38970049  360549.31294068
  349438.84610453  339340.31050116  330132.37554167  321662.38389462
  313989.12313171  306785.08694814  299834.24885807  293265.02652754
  287016.28945721  281177.21042496  275756.19419767  271084.13395501
  267291.25465762  264623.71949399  262889.33559219  261962.67458138]",,,,1100284.9338940233
42,8424,520785.97,20.295395,20.498143,20.817245,760.52942,760.52181-760.53702,13835889.179774072,961404.7095184326,51,961202.3842045418,100.0,731963.9780180424,76.1,[2.99],"[301.2173, 327.233]",[327.23398],[61.72813],"[20.22532  20.23532  20.24532  20.25532  20.26532  20.27532  20.28532
 20.29532  20.30532  20.31532  20.325977 20.336582 20.346396 20.356281
 20.3664   20.37654  20.386903 20.39682  20.406475 20.416882 20.427763
 20.438067 20.448076 20.457723 20.467952 20.478241 20.488567 20.498143
 20.507719 20.518045 20.528334 20.538563 20.54821  20.558219 20.568523
 20.579404 20.589811 20.599466 20.609383 20.619746 20.629886 20.640005
 20.64989  20.659704 20.670309 20.680966 20.690966 20.700966 20.710966
 20.720966 20.730966 20.740966 20.750966 20.760966 20.770966]","[6.71045034e+01 1.37959009e+02 2.75735247e+02 5.35769921e+02
 1.01206450e+03 1.85858265e+03 3.31817575e+03 5.75918082e+03
 9.71775319e+03 1.78509117e+03 6.34974099e+03 1.61206780e+04
 3.44453885e+04 6.45353513e+04 1.09481059e+05 1.69907431e+05
 2.44761658e+05 3.30159921e+05 4.21667335e+05 5.15494742e+05
 6.07557625e+05 6.95274914e+05 7.75267687e+05 8.44663522e+05
 8.99276658e+05 9.37386779e+05 9.57775839e+05 9.61202384e+05
 9.57099891e+05 9.50717285e+05 9.16553403e+05 8.58015814e+05
 7.84717599e+05 6.95696797e+05 5.96703988e+05 4.91178005e+05
 3.95206729e+05 3.14312776e+05 2.41716537e+05 1.78337364e+05
 1.28611518e+05 9.01672370e+04 6.19821401e+04 4.15725232e+04
 2.61875868e+04 1.59409734e+04 9.71775319e+03 5.75918082e+03
 3.31817575e+03 1.85858265e+03 1.01206450e+03 5.35769921e+02
 2.75735247e+02 1.37959009e+02 6.71045034e+01]",1,0.9975408551885766,,961202.3842045418
43,8355,847438.31,19.77273,20.274802,21.048403,760.55151,760.54391-760.55912,40826721.98583478,2438603.6022109985,130,2370507.616094977,97.2,2437517.1128094564,100.0,[5.78],"[301.2173, 327.233]",[327.23111],[4.16606],"[19.799475 19.809285 19.819104 19.828618 19.838218 19.847827 19.857653
 19.867295 19.876855 19.8864   19.895964 19.905513 19.915308 19.924933
 19.934477 19.943914 19.953685 19.963383 19.973222 19.982669 19.992351
 20.002147 20.011763 20.022161 20.031931 20.041504 20.051461 20.061037
 20.071363 20.081652 20.091881 20.101528 20.111537 20.121841 20.132722
 20.143129 20.152784 20.162701 20.173064 20.183204 20.193323 20.203208
 20.213022 20.223627 20.234284 20.244182 20.254209 20.26399  20.274802
 20.285614 20.295395 20.305422 20.31532  20.325977 20.336582 20.346396
 20.356281 20.3664   20.37654  20.386903 20.39682  20.406475 20.416882
 20.427763 20.438067 20.448076 20.457723 20.467952 20.478241 20.488567
 20.498143 20.5081   20.517673 20.527443 20.537841 20.547457 20.557253
 20.566935 20.576382 20.586221 20.595919 20.60569  20.615127 20.624671
 20.634296 20.644091 20.65364  20.663204 20.672749 20.682309 20.691951
 20.701777 20.711386 20.720986 20.7305   20.740319 20.750129 20.759715
 20.769116 20.77897  20.788668 20.798153 20.807794 20.817245 20.827138
 20.837044 20.846494 20.856232 20.865702 20.875584 20.88551  20.89496
 20.904709 20.914221 20.923811 20.933755 20.943244 20.953132 20.962679
 20.972137 20.981667 20.991192 21.00073  21.010501 21.019929 21.029388
 21.038983 21.048403]","[1.13826856e+02 1.69706465e+02 2.51056220e+02 3.64067794e+02
 5.25632459e+02 7.53253719e+02 1.07949715e+03 1.52449987e+03
 2.13003429e+03 2.95167379e+03 4.06139527e+03 5.54258599e+03
 7.56394180e+03 1.01860776e+04 1.35774309e+04 1.79035361e+04
 2.36517955e+04 3.09327063e+04 4.02842740e+04 5.15152853e+04
 6.57645028e+04 8.35200985e+04 1.04774234e+05 1.32709756e+05
 1.64335880e+05 2.01042996e+05 2.45915449e+05 2.96141293e+05
 3.58722724e+05 4.30352664e+05 5.11180173e+05 5.96414983e+05
 6.94100948e+05 8.04254998e+05 9.30492919e+05 1.05975322e+06
 1.18592313e+06 1.32028856e+06 1.46391970e+06 1.60539486e+06
 1.74501059e+06 1.87734769e+06 2.00222250e+06 2.12694704e+06
 2.23855479e+06 2.32734024e+06 2.40050433e+06 2.45389895e+06
 2.43866677e+06 2.42702055e+06 2.39285778e+06 2.33664771e+06
 2.25953748e+06 2.16380006e+06 2.05104816e+06 1.92319778e+06
 1.78278822e+06 1.63294235e+06 1.47640389e+06 1.31750511e+06
 1.16083697e+06 1.01031721e+06 8.71059904e+05 7.44593412e+05
 6.33716245e+05 5.38909926e+05 4.59014033e+05 3.92670413e+05
 3.38267900e+05 2.94480653e+05 2.59683189e+05 2.32501577e+05
 2.11495832e+05 1.95070061e+05 1.82266196e+05 1.71731333e+05
 1.62912175e+05 1.55274379e+05 1.48098974e+05 1.41669652e+05
 1.35820790e+05 1.30413963e+05 1.25236133e+05 1.19940250e+05
 1.14412552e+05 1.09180132e+05 1.04260701e+05 1.00178262e+05
 9.70823688e+04 9.48825182e+04 9.32788746e+04 9.19659293e+04
 9.07139887e+04 8.93316159e+04 8.74697603e+04 8.53447856e+04
 8.28227549e+04 8.00046944e+04 7.74186650e+04 7.50644576e+04
 7.27631754e+04 7.04323237e+04 6.79468591e+04 6.53829658e+04
 6.25430684e+04 5.94936559e+04 5.58341312e+04 5.13365016e+04
 4.55937886e+04 3.87862121e+04 3.12707032e+04 2.39528530e+04
 1.74481979e+04 1.23387582e+04 8.98521256e+03 7.17733557e+03
 6.36026692e+03 6.16059815e+03 6.08964042e+03 6.07885931e+03
 5.77524561e+03 5.20739683e+03 4.39128326e+03 3.49636261e+03
 2.56173107e+03 1.68086414e+03 9.72553319e+02 5.40239615e+02]",1,0.9921212137893118,,2453898.9472005796
44,3626,2679922.2,8.615956,8.7421368,10.376283,762.50836,762.50074-762.51599,217562505.9596004,7879482.775539398,173,1282202.2544729533,16.3,7716624.796313851,97.9,[4.48],"[301.2173, 327.233]",[327.23447],[7.6789],"[ 8.615956   8.626153   8.6358903  8.6454826  8.654818   8.664839
  8.6750055  8.6847185  8.6941343  8.7035007  8.712854   8.7231072
  8.7326612  8.7421368  8.7513778  8.7608081  8.7706856  8.7803977
  8.7900517  8.7993489  8.8087143  8.8187447  8.828641   8.8384481
  8.8477794  8.8573403  8.8675222  8.8776364  8.8875781  8.8969686
  8.906729   8.9169336  8.9272029  8.9371914  8.946654   8.9563281
  8.9664947  8.9767593  8.9867857  8.9962627  9.0057827  9.0159853
  9.0262795  9.0363135  9.0456041  9.0555097  9.065851   9.0758823
  9.0853211  9.0947008  9.1048844  9.1152711  9.1253222  9.134841
  9.1442419  9.1548675  9.1651862  9.1755196  9.1850823  9.1945885
  9.2050219  9.2155456  9.2254166  9.2352291  9.2446899  9.255349
  9.2658357  9.276281   9.2860577  9.2956753  9.3063904  9.3169914
  9.327452   9.3374306  9.3473785  9.358252   9.3688749  9.3792628
  9.3892848  9.3992578  9.409872   9.4206041  9.4308675  9.4411327
  9.4509428  9.4618032  9.4724009  9.4829321  9.4931375  9.5033384
  9.5137828  9.5243907  9.5345557  9.5451812  9.5553307  9.565931
  9.5764538  9.5866907  9.5973066  9.6076636  9.6184816  9.6290119
  9.6396352  9.6504146  9.6606104  9.6705532  9.6810434  9.6916977
  9.7023203  9.7125074  9.7230375  9.7336396  9.7442587  9.7550053
  9.7651863  9.7758688  9.7865322  9.7966146  9.807412   9.818222
  9.8288801  9.8396959  9.8503884  9.8610328  9.8717057  9.8825655
  9.8933074  9.9040495  9.9146822  9.9255304  9.9357896  9.9466271
  9.956947   9.9671072  9.9778741  9.988023   9.998762  10.009239
 10.019241  10.029871  10.040013  10.05085   10.061182  10.071221
 10.081882  10.092715  10.102864  10.113159  10.123164  10.13398
 10.144014  10.154004  10.164097  10.174308  10.184955  10.194846
 10.204515  10.214506  10.224864  10.235301  10.244886  10.254396
 10.264538  10.274843  10.285385  10.295593  10.305178  10.315209
 10.325672  10.336315  10.346825  10.35631   10.366349  10.376283 ]","[6567592.51781717 6599047.4002272  6644171.1589819  6710426.42301215
 6801562.7301     6919845.97511024 7062296.82065733 7218082.24520849
 7376582.86925461 7527075.3479374  7659295.61474273 7764707.58432385
 7839924.03518222 7875088.63717677 7873138.9345733  7839845.6695077
 7782314.51210263 7707288.8689496  7615140.80147246 7510893.36628912
 7394794.44455377 7268870.94130803 7131662.23467158 6981920.51762636
 6817618.4546279  6638092.36008268 6444078.36967951 6235345.87202043
 6017924.19938744 5793438.98623252 5567675.47332446 5343833.89286315
 5123920.29559885 4911253.28102416 4702230.25482433 4499757.38712049
 4305452.84591195 4122599.93977093 3948577.81289281 3783546.14648425
 3627394.92257334 3478345.68341213 3336915.45198601 3202764.00274417
 3074400.05721977 2951899.33340097 2834248.25281509 2721876.60433127
 2613355.08152587 2510710.04995185 2412338.79603839 2318596.84442298
 2230631.139964   2147251.51185072 2066787.77288061 1988058.73592957
 1910961.51535743 1835148.09453411 1761069.19518369 1691460.55418921
 1627536.46141431 1569670.31164824 1517306.09852009 1469361.37672676
 1424957.19073587 1383895.6232578  1345857.45878514 1309690.17904549
 1274694.52134566 1239514.33217651 1203397.24117802 1166730.27214688
 1130343.07628927 1094819.84538006 1060224.44924895 1026904.31703485
  995857.01787998  967597.20780627  942643.88346807  920022.40004154
  898996.73081404  878874.2352408   858616.98773338  838114.47801933
  817439.67922195  796639.02139557  776233.97521281  756416.54713984
  737510.65749813  719796.20731718  702506.61530912  685827.76026486
  668644.37208555  651669.52967495  634902.99279021  618043.65872853
  601319.45243981  584572.33576359  568107.16571434  551987.22608862
  536962.50172983  523332.27589668  511281.69891752  500204.53991649
  489589.94170271  479369.58857064  469278.66209489  460326.89924573
  451824.43943442  443999.93068305  436236.94775743  427867.74381895
  419134.10166584  409776.77648679  400618.84470743  391926.28427387
  384192.01215067  377309.1400948   371144.35481195  365197.7943832
  359026.5653362   352318.27869615  344697.71367391  336575.33585159
  328042.171827    319486.89947798  311149.95007696  303368.08209256
  296391.5040021   290376.49794554  284920.81334214  280001.678073
  275566.70799387  271617.93254769  268196.16555809  265183.64214753
  262189.71921091  258966.18564083  255276.97494583  250768.41417716
  245820.62059649  240692.88666756  235662.60112507  231123.1909588
  227239.88973545  224339.71125833  221866.40119275  220068.0710891
  218559.66500962  217152.62479759  215543.60408726  213581.93746098
  210998.57099823  208114.62565138  204966.63305191  201632.94989916
  198307.32525057  195053.00056425  191956.20950761  189047.93438069
  186337.39733266  183905.04633201  181300.752967    178795.08934605
  176105.50553671  173278.45804819  170351.91123013  167435.54293869
  164601.6996633   162149.89757208  160015.80949587  158256.15678032
  156773.53491593  155567.06053757]",,,,7875088.637176771
45,3067,641559.12,6.9195652,7.362741,7.514374,762.50842,762.5008-762.51605,33680595.52142735,1987925.971198082,61,1972390.6671322018,99.2,489951.6015092137,24.6,[2.78],"[301.2173, 327.233]",[301.21646],[15.61563],"[6.7795652 6.7895652 6.7995652 6.8095652 6.8195652 6.8295652 6.8395652
 6.8495652 6.8595652 6.8695652 6.8795652 6.8895652 6.8995652 6.9095652
 6.9195652 6.9297207 6.9402051 6.9502464 6.9604173 6.9707036 6.9807068
 6.9911514 7.0012177 7.0117402 7.0213305 7.0313349 7.0416678 7.0518358
 7.0622866 7.0721469 7.0821906 7.0920736 7.1017007 7.1121507 7.1218516
 7.1319631 7.1410165 7.1502224 7.1600056 7.1696978 7.1797423 7.1889328
 7.1981306 7.2082569 7.2179673 7.2282129 7.2375603 7.2470798 7.2569662
 7.2665444 7.2767808 7.2867215 7.296512  7.3057957 7.3151353 7.3246882
 7.334465  7.3441615 7.3535457 7.362741  7.3719363 7.3813205 7.391017
 7.4007938 7.4103467 7.4196863 7.42897   7.4387605 7.4487012 7.4589376
 7.4685158 7.4784022 7.4879217 7.4972691 7.5075147 7.5172251 7.5273514
 7.5365492 7.5457397 7.5557842 7.5654764 7.5752596 7.5844655 7.5935189
 7.6036304 7.6133313 7.6237813 7.6334084 7.6432914 7.6533351 7.6631954
 7.6736462 7.6838142 7.6941471 7.7041515 7.7137418 7.7242643 7.7343306
 7.7447752 7.7547784 7.7650647 7.7752356 7.7852769 7.7957613 7.8059168
 7.8159168 7.8259168 7.8359168 7.8459168 7.8559168 7.8659168 7.8759168
 7.8859168 7.8959168 7.9059168 7.9159168 7.9259168 7.9359168 7.9459168]","[7.67419083e+01 1.07050975e+02 1.48507481e+02 2.04882898e+02
 2.81101239e+02 3.83547789e+02 5.20446246e+02 7.02315009e+02
 9.42513746e+02 1.25789129e+03 1.66954526e+03 2.20370248e+03
 2.89272664e+03 3.77625665e+03 3.24362834e+04 2.79155929e+04
 2.49401154e+04 2.42051610e+04 2.59072773e+04 2.96611796e+04
 3.48227691e+04 4.06780794e+04 4.68455903e+04 5.34002778e+04
 6.03553879e+04 6.84994287e+04 7.82971059e+04 9.07917531e+04
 1.06422953e+05 1.25779765e+05 1.49513941e+05 1.77623352e+05
 2.10105770e+05 2.47052330e+05 2.87749943e+05 3.32206106e+05
 3.80624814e+05 4.32944863e+05 4.90166184e+05 5.53575522e+05
 6.23276766e+05 6.98980005e+05 7.79564815e+05 8.62701100e+05
 9.46075340e+05 1.02803875e+06 1.10845307e+06 1.18850540e+06
 1.27008467e+06 1.35512835e+06 1.44251525e+06 1.53208319e+06
 1.62223964e+06 1.70932746e+06 1.78952107e+06 1.85968664e+06
 1.91597686e+06 1.95457625e+06 1.97764126e+06 1.98717625e+06
 1.98283596e+06 1.94418433e+06 1.89532232e+06 1.83760525e+06
 1.77383325e+06 1.70528980e+06 1.63196572e+06 1.55003192e+06
 1.46309670e+06 1.37082155e+06 1.28301055e+06 1.19191389e+06
 1.10466208e+06 1.02022114e+06 9.29889729e+05 8.47122291e+05
 7.64391713e+05 6.92859048e+05 6.25143088e+05 5.55705611e+05
 4.93409839e+05 4.35310675e+05 3.85037839e+05 3.39708490e+05
 2.93782613e+05 2.54214666e+05 2.16270103e+05 1.85353575e+05
 1.57365849e+05 1.32514098e+05 1.11332340e+05 9.20244373e+04
 7.60163829e+04 6.22333084e+04 5.09869333e+04 4.19008271e+04
 3.35862210e+04 2.70257047e+04 2.14424690e+04 1.70830351e+04
 1.34448793e+04 1.05491743e+04 8.25631904e+03 6.35440822e+03
 4.90247383e+03 3.77625665e+03 2.89272664e+03 2.20370248e+03
 1.66954526e+03 1.25789129e+03 9.42513746e+02 7.02315009e+02
 5.20446246e+02 3.83547789e+02 2.81101239e+02 2.04882898e+02
 1.48507481e+02 1.07050975e+02 7.67419083e+01]",1,0.9996637245729082,,1987176.252653965
46,3318,3917489.8,7.514374,7.972005,8.2762808,762.50854,762.50092-762.51617,294029301.52919674,11009772.502662659,76,9509140.480833393,86.4,6204968.339944593,56.4,[7.93],"[301.2173, 327.233]",[327.2356],[6.70595],"[7.514374  7.5236437 7.5335824 7.5439636 7.5534479 7.5632229 7.5731803
 7.5835924 7.5938558 7.6033375 7.6130958 7.6230062 7.6332799 7.6435329
 7.6529933 7.6627609 7.6725507 7.6829068 7.6926153 7.7020038 7.7111966
 7.7209053 7.7313329 7.7417303 7.7511116 7.7610017 7.7708484 7.781425
 7.7919053 7.8013636 7.811363  7.8212282 7.8312225 7.8417714 7.8513053
 7.8613104 7.8713084 7.8812709 7.8917695 7.9012987 7.9111938 7.9216309
 7.9322821 7.9422268 7.9516053 7.9616425 7.972005  7.9821751 7.9926402
 8.0021226 8.0125433 8.0229168 8.0330256 8.043586  8.0529684 8.0633862
 8.073658  8.0842279 8.0944035 8.1039362 8.1144292 8.1248529 8.135272
 8.1453626 8.1547512 8.1647346 8.1749768 8.1855143 8.1954768 8.2052467
 8.2150647 8.2254456 8.2360008 8.2457842 8.2557105 8.2658179 8.2762808]","[ 1479064.43811644  1500640.40044556  1531818.99793468  1575150.23604793
  1633673.87151261  1712209.61252318  1812239.78556727  1935717.92686262
  2080684.81255265  2242185.67468762  2416838.91745377  2596807.34239058
  2778646.89602714  2959799.22656641  3140211.70597772  3321000.59585486
  3504182.91817064  3688046.08257967  3875902.35254038  4067063.45226449
  4262117.66593026  4459419.72911701  4656077.59408601  4852468.52373368
  5052228.14925755  5259550.96372211  5482277.85215371  5725489.26185275
  5995464.45622513  6290589.24727882  6611688.12669121  6954987.2330397
  7321786.98647606  7703619.8218781   8093322.11713889  8477983.23865453
  8849704.68878405  9200734.08943425  9529899.23944952  9839651.92451689
 10131640.8042457  10397718.87777725 10627589.03695703 10809341.21787461
 10935430.96798186 11000430.45616882 11006365.13197814 10952317.64171011
 10848330.34554456 10705825.0362571  10535248.01752552 10340978.9951027
 10127650.11026851  9894594.91556877  9641073.59866413  9369049.20024255
  9084019.29384144  8791107.67308338  8497413.06089702  8211778.47234143
  7934166.79698395  7668080.89865711  7411196.26340271  7160551.99016801
  6912142.74757525  6665455.83301285  6423607.68185144  6183141.50233069
  5947162.00525984  5720105.62320589  5507460.55834226  5315448.13121922
  5147412.97065564  5007490.87816827  4896337.96424221  4815193.05179952
  4758364.45578551]",,,,11006365.131978143
47,7346,6934264.5,17.448507,17.834184,18.480385,762.50873,762.5011-762.51635,564205331.9154027,26711629.40887451,109,26649621.44052165,99.8,26336455.390596326,98.6,[1.57],"[301.2173, 327.233]",[301.21777],[100.0],"[16.807983 16.817983 16.827983 16.837983 16.847983 16.857983 16.867983
 16.877983 16.887983 16.897983 16.907983 16.917983 16.927983 16.937983
 16.947983 16.957983 16.967983 16.977983 16.987983 16.997983 17.007983
 17.017983 17.027983 17.037983 17.047983 17.057983 17.067983 17.077983
 17.087983 17.097983 17.107983 17.117983 17.127983 17.137983 17.147983
 17.157983 17.167983 17.177983 17.187983 17.187983 17.197837 17.207384
 17.21699  17.226434 17.236203 17.245476 17.255048 17.264352 17.273768
 17.283    17.29275  17.302748 17.311873 17.321286 17.330539 17.340245
 17.349684 17.358798 17.368218 17.377737 17.38745  17.396854 17.406278
 17.415734 17.425017 17.434527 17.444048 17.453722 17.463412 17.472771
 17.48213  17.491543 17.501047 17.510536 17.519966 17.529417 17.538851
 17.548403 17.557889 17.567338 17.576736 17.586225 17.596113 17.605527
 17.614884 17.624242 17.634077 17.643823 17.653168 17.662867 17.672204
 17.681408 17.691425 17.700736 17.710202 17.719498 17.729248 17.739146
 17.74848  17.757934 17.767183 17.776935 17.786858 17.796442 17.805711
 17.815285 17.824651 17.834184 17.843717 17.853083 17.862657 17.871926
 17.88151  17.891433 17.901185 17.910434 17.919888 17.929222 17.93912
 17.94887  17.958166 17.967632 17.976943 17.98696  17.996164 18.005501
 18.0152   18.024545 18.034291 18.044126 18.053484 18.062841 18.072255
 18.082143 18.091632 18.10103  18.110479 18.119965 18.129517 18.138951
 18.148402 18.157832 18.167321 18.176825 18.186238 18.195597 18.204956
 18.214646 18.22432  18.233841 18.243351 18.252634 18.26209  18.271514
 18.280918 18.290631 18.30015  18.30957  18.318684 18.328123 18.337829
 18.347082 18.356495 18.36562  18.375618 18.385368 18.3946   18.404016
 18.41332  18.422892 18.432165 18.441934 18.451378 18.460984 18.470531
 18.480385 18.480385 18.490385 18.500385 18.510385 18.520385 18.530385
 18.540385 18.550385 18.560385 18.570385 18.580385 18.590385 18.600385
 18.610385 18.620385 18.630385 18.640385 18.650385 18.660385 18.670385
 18.680385 18.690385 18.700385 18.710385 18.720385 18.730385 18.740385
 18.750385 18.760385 18.770385 18.780385 18.790385 18.800385 18.810385
 18.820385 18.830385 18.840385 18.850385 18.860385 18.870385]","[1.08388203e+02 1.36437986e+02 1.71378438e+02 2.14805137e+02
 2.68658599e+02 3.35292956e+02 4.17556947e+02 5.18889159e+02
 6.43429667e+02 7.96150489e+02 9.83007545e+02 1.21111710e+03
 1.48895997e+03 1.82661706e+03 2.23604014e+03 2.73136212e+03
 3.32925123e+03 4.04931402e+03 4.91455212e+03 5.95187818e+03
 7.19269628e+03 8.67355249e+03 1.04368610e+04 1.25317116e+04
 1.50147630e+04 1.79512283e+04 2.14159558e+04 2.54946088e+04
 3.02849488e+04 3.58982218e+04 4.24606491e+04 5.01150215e+04
 5.90223931e+04 6.93638687e+04 8.13424785e+04 9.51851273e+04
 1.11144606e+05 1.29501645e+05 1.50566994e+05 1.50566994e+05
 1.74307695e+05 2.00474344e+05 2.30313128e+05 2.63465410e+05
 3.02178394e+05 3.43523939e+05 3.91386144e+05 4.43454507e+05
 5.02254593e+05 5.66421163e+05 6.41832909e+05 7.28055937e+05
 8.15293553e+05 9.14536388e+05 1.02196212e+06 1.14596701e+06
 1.27849417e+06 1.41840633e+06 1.57616949e+06 1.75003230e+06
 1.94332078e+06 2.14663084e+06 2.36719992e+06 2.60630023e+06
 2.85915976e+06 3.13763607e+06 3.43691410e+06 3.76274602e+06
 4.11179474e+06 4.47106296e+06 4.85258830e+06 5.25917376e+06
 5.69326301e+06 6.15049976e+06 6.62856068e+06 7.13129749e+06
 7.65649804e+06 8.21168611e+06 8.78582418e+06 9.37959500e+06
 9.99094614e+06 1.06281864e+07 1.13122132e+07 1.19809248e+07
 1.26608610e+07 1.33543337e+07 1.40955382e+07 1.48401788e+07
 1.55612677e+07 1.63143692e+07 1.70412286e+07 1.77568647e+07
 1.85315665e+07 1.92447325e+07 1.99597912e+07 2.06491632e+07
 2.13551873e+07 2.20505437e+07 2.26832558e+07 2.32981458e+07
 2.38714608e+07 2.44425744e+07 2.49853108e+07 2.54697770e+07
 2.58986261e+07 2.62981917e+07 2.66442555e+07 2.66922760e+07
 2.66894195e+07 2.65111709e+07 2.61728623e+07 2.56884963e+07
 2.51137203e+07 2.44785949e+07 2.38167273e+07 2.31411548e+07
 2.24608285e+07 2.17806597e+07 2.11059636e+07 2.04343141e+07
 1.97689354e+07 1.91023169e+07 1.84355904e+07 1.77630195e+07
 1.70934846e+07 1.64187810e+07 1.57420482e+07 1.50492086e+07
 1.43373755e+07 1.36136571e+07 1.28830548e+07 1.21530600e+07
 1.14307220e+07 1.07200212e+07 1.00336655e+07 9.38063928e+06
 8.76212316e+06 8.18135249e+06 7.63138863e+06 7.10408248e+06
 6.59874790e+06 6.10836657e+06 5.63918994e+06 5.18936287e+06
 4.76159804e+06 4.35663914e+06 3.97477751e+06 3.61696799e+06
 3.28688457e+06 2.98333510e+06 2.70525353e+06 2.45465553e+06
 2.23052399e+06 2.03076544e+06 1.85333817e+06 1.69500677e+06
 1.55361757e+06 1.42585437e+06 1.30921523e+06 1.20186849e+06
 1.10238842e+06 1.00962099e+06 9.23279660e+05 8.42148989e+05
 7.67507278e+05 6.97848844e+05 6.33227608e+05 5.73756493e+05
 5.20758452e+05 4.74722463e+05 4.37065950e+05 4.06888154e+05
 3.83503520e+05 3.66005426e+05 3.52995984e+05 3.42921925e+05
 1.50566994e+05 1.29501645e+05 1.11144606e+05 9.51851273e+04
 8.13424785e+04 6.93638687e+04 5.90223931e+04 5.01150215e+04
 4.24606491e+04 3.58982218e+04 3.02849488e+04 2.54946088e+04
 2.14159558e+04 1.79512283e+04 1.50147630e+04 1.25317116e+04
 1.04368610e+04 8.67355249e+03 7.19269628e+03 5.95187818e+03
 4.91455212e+03 4.04931402e+03 3.32925123e+03 2.73136212e+03
 2.23604014e+03 1.82661706e+03 1.48895997e+03 1.21111710e+03
 9.83007545e+02 7.96150489e+02 6.43429667e+02 5.18889159e+02
 4.17556947e+02 3.35292956e+02 2.68658599e+02 2.14805137e+02
 1.71378438e+02 1.36437986e+02 1.08388203e+02 8.59204089e+01]",1,0.999745451559442,,26692275.962924756
48,3494,1968801.8,8.2762808,8.4675185,8.615956,762.50879,762.50116-762.51641,136395478.51750344,7950424.576911926,34,3148740.0232368466,39.6,1357250.4325665794,17.1,[1.78],"[301.2173, 327.233]",[327.23358],[34.07416],"[8.2762808 8.2867986 8.2966533 8.3066721 8.3172414 8.3274564 8.3374613
 8.3473126 8.3573439 8.367645  8.3778759 8.3876905 8.397678  8.4075238
 8.4177912 8.4279418 8.4376738 8.4473314 8.4571664 8.4675185 8.4777206
 8.4873696 8.4969272 8.5065471 8.5167037 8.5269473 8.536506  8.5461034
 8.5559153 8.5662685 8.5764069 8.5861439 8.5957539 8.6057856 8.615956 ]","[4731361.33624804 4777739.19501576 4850271.59401717 4952337.62306152
 5085500.94608712 5248235.68217512 5436351.69771571 5647033.32318502
 5875435.35458833 6118213.48084249 6369255.07422161 6623413.7915448
 6875797.64788199 7117386.82697107 7340982.37283317 7540042.07251848
 7707758.94420423 7835941.5742487  7916274.8877886  7950136.8152704
 7935012.39092082 7878962.26178872 7789508.06375801 7672858.34296165
 7537473.88302511 7389582.47687506 7234185.29992363 7080302.09100987
 6939329.32168013 6818090.0034265  6720775.56472839 6647721.61363595
 6595966.07691956 6562643.47482064 6539268.86488665]",,,,7950136.815270397
49,7672,587644.44,18.480385,18.666372,19.139648,762.50903,762.50141-762.51666,17357152.43026739,870576.2260112762,68,514608.78159318364,59.1,797527.6876960993,91.6,[1.57],"[301.2173, 327.233]",[301.21777],[84.87475],"[17.813096 17.823096 17.833096 17.843096 17.853096 17.863096 17.873096
 17.883096 17.893096 17.903096 17.913096 17.923096 17.933096 17.943096
 17.953096 17.963096 17.973096 17.983096 17.993096 18.003096 18.013096
 18.023096 18.033096 18.043096 18.053096 18.063096 18.073096 18.083096
 18.093096 18.103096 18.113096 18.123096 18.133096 18.143096 18.153096
 18.163096 18.173096 18.183096 18.193096 18.193096 18.20279  18.212318
 18.221958 18.231271 18.241458 18.251176 18.260762 18.270105 18.27924
 18.28932  18.299205 18.308901 18.318175 18.327313 18.33703  18.34694
 18.356685 18.365975 18.375173 18.38466  18.394412 18.40471  18.414225
 18.423345 18.433017 18.442546 18.452452 18.462227 18.471604 18.481487
 18.49114  18.500793 18.510202 18.519651 18.529868 18.539433 18.549174
 18.558581 18.568107 18.578134 18.587955 18.597702 18.60744  18.617008
 18.627627 18.637508 18.647072 18.656639 18.666372 18.676105 18.685672
 18.695236 18.705117 18.715736 18.725304 18.735042 18.744789 18.75461
 18.764637 18.774163 18.78357  18.793311 18.802876 18.813093 18.822542
 18.831951 18.841604 18.851257 18.86114  18.870517 18.880292 18.890198
 18.899727 18.909399 18.918519 18.928034 18.938332 18.948084 18.957571
 18.966769 18.976059 18.985804 18.995714 19.005431 19.014569 19.023843
 19.033539 19.043424 19.053504 19.062639 19.071982 19.081568 19.091286
 19.101473 19.110786 19.120426 19.129954 19.139648 19.139648 19.149648
 19.159648 19.169648 19.179648 19.189648 19.199648 19.209648 19.219648
 19.229648 19.239648 19.249648 19.259648 19.269648 19.279648 19.289648
 19.299648 19.309648 19.319648 19.329648 19.339648 19.349648 19.359648
 19.369648 19.379648 19.389648 19.399648 19.409648 19.419648 19.429648
 19.439648 19.449648 19.459648 19.469648 19.479648 19.489648 19.499648
 19.509648 19.519648 19.529648]","[1.10575677e+02 1.33222436e+02 1.60201103e+02 1.92275522e+02
 2.30331248e+02 2.75392486e+02 3.28640951e+02 3.91436785e+02
 4.65341686e+02 5.52144368e+02 6.53888500e+02 7.72903222e+02
 9.11836351e+02 1.07369035e+03 1.26186114e+03 1.48017970e+03
 1.73295661e+03 2.02502924e+03 2.36181172e+03 2.74934737e+03
 3.19436339e+03 3.70432763e+03 4.28750686e+03 4.95302625e+03
 5.71092946e+03 6.57223870e+03 7.54901391e+03 8.65441045e+03
 9.90273407e+03 1.13094923e+04 1.28914411e+04 1.46666251e+04
 1.66544111e+04 1.88755118e+04 2.13519997e+04 2.41073093e+04
 2.71662248e+04 3.05548535e+04 3.43005818e+04 3.43005818e+04
 3.82995837e+04 4.26095337e+04 4.73802568e+04 5.24073741e+04
 5.84081448e+04 6.46523698e+04 7.13392782e+04 7.83891236e+04
 8.58166515e+04 9.46566257e+04 1.04013115e+05 1.13881956e+05
 1.23987695e+05 1.34605515e+05 1.46638544e+05 1.59722157e+05
 1.73408215e+05 1.87229192e+05 2.01670436e+05 2.17364924e+05
 2.34351402e+05 2.53232098e+05 2.71537173e+05 2.89852167e+05
 3.10088463e+05 3.30828074e+05 3.53209911e+05 3.76087932e+05
 3.98741256e+05 4.23325161e+05 4.47991778e+05 4.73252533e+05
 4.98390418e+05 5.24086310e+05 5.52302522e+05 5.79045914e+05
 6.06522257e+05 6.33202973e+05 6.60279040e+05 6.88739790e+05
 7.16469506e+05 7.43737883e+05 7.70619549e+05 7.96571375e+05
 8.24708047e+05 8.50134796e+05 8.73938411e+05 8.96847083e+05
 8.70429354e+05 8.68749999e+05 8.61998253e+05 8.50884108e+05
 8.36077304e+05 8.17441244e+05 7.95594136e+05 7.70984426e+05
 7.44076440e+05 7.14798988e+05 6.84071636e+05 6.52248086e+05
 6.20183343e+05 5.87909505e+05 5.56041290e+05 5.25072291e+05
 4.95094097e+05 4.66025734e+05 4.37732659e+05 4.09346367e+05
 3.81721993e+05 3.54952046e+05 3.29684327e+05 3.06067263e+05
 2.84251119e+05 2.63585229e+05 2.44921953e+05 2.27892116e+05
 2.12749110e+05 1.98930956e+05 1.86898667e+05 1.76182373e+05
 1.66821524e+05 1.58726946e+05 1.51432957e+05 1.44538610e+05
 1.37746426e+05 1.30667144e+05 1.23392441e+05 1.15829645e+05
 1.08299194e+05 1.00693154e+05 9.38291218e+04 8.77613937e+04
 8.29253720e+04 7.88130509e+04 7.53583534e+04 7.25025766e+04
 6.99899035e+04 6.80706117e+04 3.43005818e+04 3.05548535e+04
 2.71662248e+04 2.41073093e+04 2.13519997e+04 1.88755118e+04
 1.66544111e+04 1.46666251e+04 1.28914411e+04 1.13094923e+04
 9.90273407e+03 8.65441045e+03 7.54901391e+03 6.57223870e+03
 5.71092946e+03 4.95302625e+03 4.28750686e+03 3.70432763e+03
 3.19436339e+03 2.74934737e+03 2.36181172e+03 2.02502924e+03
 1.73295661e+03 1.48017970e+03 1.26186114e+03 1.07369035e+03
 9.11836351e+02 7.72903222e+02 6.53888500e+02 5.52144368e+02
 4.65341686e+02 3.91436785e+02 3.28640951e+02 2.75392486e+02
 2.30331248e+02 1.92275522e+02 1.60201103e+02 1.33222436e+02
 1.10575677e+02 9.16035292e+01]",1,0.9940377918747538,,896847.0830564767
50,8058,4969982.0,19.139648,19.553735,20.7305,762.50909,762.50147-762.51672,472590338.14107823,23057904.134887695,163,22973139.849678747,99.6,22835990.720349416,99.0,[2.9],"[301.2173, 327.233]",[327.23395],[65.60225],"[19.139648 19.149719 19.159417 19.169162 19.178851 19.18845  19.198548
 19.208258 19.218    19.22758  19.237682 19.247601 19.257203 19.2668
 19.276156 19.286336 19.29619  19.305634 19.315262 19.324667 19.334757
 19.344177 19.353826 19.363669 19.373106 19.3829   19.392158 19.401501
 19.411303 19.420902 19.430333 19.439578 19.448897 19.458455 19.468412
 19.477965 19.487158 19.496328 19.506162 19.515702 19.525438 19.534607
 19.543785 19.553735 19.563685 19.572863 19.582032 19.591768 19.601308
 19.611142 19.620312 19.629505 19.639058 19.649015 19.658573 19.667892
 19.677137 19.686568 19.696167 19.705969 19.715312 19.72457  19.734364
 19.743801 19.753644 19.763293 19.772713 19.782803 19.792208 19.801836
 19.81128  19.821134 19.831314 19.84067  19.850267 19.859869 19.869788
 19.87989  19.88947  19.899212 19.908922 19.91902  19.928619 19.938308
 19.948053 19.957751 19.967822]","[6.96287967e+04 7.18294991e+04 7.41715604e+04 7.62754060e+04
 7.77934742e+04 7.89700549e+04 8.00903098e+04 8.17182574e+04
 8.45795270e+04 8.93736767e+04 9.72298903e+04 1.09027414e+05
 1.26303623e+05 1.50707742e+05 1.84436272e+05 2.30054979e+05
 2.90914406e+05 3.72878836e+05 4.83514296e+05 6.31435275e+05
 8.28172244e+05 1.08625207e+06 1.42153549e+06 1.84662628e+06
 2.38508518e+06 3.04832891e+06 3.85880505e+06 4.82532286e+06
 5.95875872e+06 7.24838046e+06 8.67864938e+06 1.02156464e+07
 1.18206513e+07 1.34492684e+07 1.50520165e+07 1.65854467e+07
 1.80100805e+07 1.92971202e+07 2.04103291e+07 2.13303693e+07
 2.20598751e+07 2.25791446e+07 2.29103857e+07 2.30460415e+07
 2.28688886e+07 2.27306657e+07 2.23069359e+07 2.15624811e+07
 2.05681952e+07 1.93101316e+07 1.79673530e+07 1.65022512e+07
 1.49023957e+07 1.32037226e+07 1.15903906e+07 1.00720928e+07
 8.64911444e+06 7.30617799e+06 6.06856002e+06 4.94893290e+06
 4.01968900e+06 3.22865667e+06 2.52460914e+06 1.96463409e+06
 1.49084236e+06 1.12136746e+06 8.37687207e+05 6.03839467e+05
 4.38906474e+05 3.12248551e+05 2.20557155e+05 1.51259487e+05
 1.00875663e+05 6.85598058e+04 4.55030347e+04 2.97745534e+04
 1.89317295e+04 1.17555840e+04 7.37530504e+03 4.52575343e+03
 2.74205446e+03 1.60389595e+03 9.49634550e+02 5.51627737e+02
 3.14871357e+02 1.77657222e+02 9.65859750e+01]",1,0.9997667228721779,,23046041.51590426
51,7620,1059639.1,18.214646,18.489958,18.744789,762.52942,762.52179-762.53704,24863392.55014401,1922639.7642440796,53,1920356.6732634697,99.9,1895029.8617124688,98.6,[2.38],"[301.2173, 327.233]",[301.21802],[37.14339],"[18.123841 18.133841 18.143841 18.153841 18.163841 18.173841 18.183841
 18.193841 18.203841 18.213841 18.223841 18.233841 18.243351 18.252634
 18.26209  18.271514 18.280918 18.290631 18.30015  18.30957  18.318684
 18.328123 18.337829 18.347082 18.356495 18.36562  18.375618 18.385368
 18.3946   18.404016 18.41332  18.422892 18.432165 18.441934 18.451378
 18.460984 18.470531 18.480385 18.489958 18.499531 18.509385 18.518932
 18.528538 18.537982 18.547751 18.557024 18.566596 18.5759   18.585316
 18.594548 18.604298 18.614296 18.623421 18.632834 18.642087 18.651793
 18.661232 18.670346 18.679766 18.689285 18.698998 18.708402 18.717826
 18.727282 18.736565 18.746075 18.756075 18.766075 18.776075 18.786075
 18.796075 18.806075 18.816075 18.826075 18.836075 18.846075 18.856075]","[5.69955824e+01 1.02277161e+02 1.80460793e+02 3.13078893e+02
 5.34061715e+02 8.95768596e+02 1.47729405e+03 2.39554755e+03
 3.81952512e+03 5.98798461e+03 9.23036151e+03 6.46055909e+02
 1.43034673e+03 4.03574676e+03 9.28517053e+03 1.90815907e+04
 3.55226738e+04 6.13316425e+04 9.84665564e+04 1.48656459e+05
 2.13527097e+05 2.92890605e+05 3.84794000e+05 4.88846210e+05
 6.03674275e+05 7.27902757e+05 8.59373294e+05 9.94736248e+05
 1.13052408e+06 1.26329498e+06 1.38939288e+06 1.50650841e+06
 1.61162588e+06 1.70486282e+06 1.78418608e+06 1.84725074e+06
 1.89253481e+06 1.91828130e+06 1.92035667e+06 1.90283627e+06
 1.90389931e+06 1.87537268e+06 1.81863130e+06 1.73792161e+06
 1.63213203e+06 1.51492385e+06 1.38155672e+06 1.24459415e+06
 1.10326006e+06 9.66136749e+05 8.26759521e+05 6.93041766e+05
 5.81341966e+05 4.77855623e+05 3.88397073e+05 3.07681117e+05
 2.41592237e+05 1.88573671e+05 1.43835087e+05 1.07746286e+05
 7.89829821e+04 5.75921895e+04 4.13424327e+04 2.92007224e+04
 2.04538717e+04 1.39901856e+04 9.23036151e+03 5.98798461e+03
 3.81952512e+03 2.39554755e+03 1.47729405e+03 8.95768596e+02
 5.34061715e+02 3.13078893e+02 1.80460793e+02 1.02277161e+02
 5.69955824e+01]",1,0.9983835947464734,,1920356.6732634697
52,7096,645818.19,16.789166,17.266919,17.487184,764.52075,764.51311-764.5284,8503328.18683407,528527.7403831482,60,528608.4822996866,100.0,317858.89795981575,60.1,[2.08],"[301.2173, 327.233]",[301.21793],[100.0],"[16.888788 16.898788 16.908788 16.91839  16.928448 16.938637 16.948461
 16.959074 16.968587 16.978368 16.988768 16.998365 17.008495 17.017815
 17.027998 17.038598 17.048183 17.057791 17.067213 17.077073 17.08732
 17.096638 17.106036 17.115286 17.125149 17.134959 17.144065 17.153276
 17.1624   17.171844 17.182009 17.191149 17.200236 17.209355 17.219209
 17.229301 17.238734 17.247871 17.257138 17.266919 17.2767   17.285967
 17.295104 17.304537 17.314629 17.324483 17.333602 17.342689 17.351829
 17.361994 17.371438 17.380562 17.389773 17.398879 17.408689 17.418552
 17.427802 17.4372   17.446518 17.456765 17.466625 17.476047 17.485655
 17.49524  17.50584  17.516023 17.525343 17.535473 17.54507  17.55547
 17.565251 17.574764 17.585377 17.595201 17.60539  17.615448 17.62505
 17.63505  17.64505 ]","[7.99532318e+01 1.28925237e+02 9.35687115e+01 2.07158078e+02
 4.05854000e+02 7.03614083e+02 1.07943365e+03 1.46539301e+03
 1.76039048e+03 2.06074839e+03 2.30959188e+03 2.82374280e+03
 3.61894666e+03 4.94656813e+03 7.54738195e+03 1.12215040e+04
 1.64969078e+04 2.42170283e+04 3.52922499e+04 5.04974713e+04
 7.09128641e+04 9.64838800e+04 1.25732849e+05 1.57516660e+05
 1.90818422e+05 2.24290363e+05 2.57432132e+05 2.89835775e+05
 3.21709463e+05 3.51096934e+05 3.78088266e+05 4.02728625e+05
 4.24328045e+05 4.44142686e+05 4.63043776e+05 4.81302123e+05
 4.98308939e+05 5.13886398e+05 5.24542970e+05 5.28608482e+05
 5.13441965e+05 5.14509902e+05 5.09796730e+05 4.99092066e+05
 4.81498058e+05 4.58843500e+05 4.33778690e+05 4.05648678e+05
 3.74991205e+05 3.39127032e+05 3.05083804e+05 2.72338911e+05
 2.40116799e+05 2.09658263e+05 1.78918262e+05 1.50586824e+05
 1.26600378e+05 1.04902242e+05 8.60521844e+04 6.82868147e+04
 5.39440531e+04 4.25421647e+04 3.29872983e+04 2.52809047e+04
 1.85688289e+04 1.36112650e+04 1.01195690e+04 7.23621912e+03
 5.20024221e+03 3.58497577e+03 2.49360453e+03 1.73043492e+03
 1.13482438e+03 7.57686321e+02 4.91594010e+02 3.16389249e+02
 2.05129509e+02 1.28925237e+02 7.99532318e+01]",1,0.9964307671339379,,528608.4822996866
53,9527,978261.38,22.758414,23.128561,25.105593,764.52386,764.51622-764.53151,91792891.6699076,3975168.796508789,242,3916954.3775119944,98.5,3949562.4433722114,99.4,[2.28],"[301.2173, 327.233]",[301.21799],[100.0],"[22.658414 22.668414 22.678414 22.688414 22.698414 22.708414 22.718414
 22.728414 22.738414 22.748414 22.758414 22.767992 22.777393 22.786591
 22.796058 22.805508 22.815291 22.824659 22.83389  22.843373 22.852991
 22.862821 22.872231 22.881474 22.891036 22.900903 22.910798 22.920188
 22.929475 22.939064 22.948682 22.958543 22.967956 22.977252 22.986963
 22.996492 23.006079 23.015517 23.024811 23.034554 23.043999 23.053436
 23.062798 23.072138 23.081564 23.091135 23.100525 23.109844 23.119016
 23.128561 23.138106 23.147278 23.156597 23.165987 23.175558 23.184984
 23.194324 23.203686 23.213123 23.222568 23.232311 23.241605 23.251043
 23.26063  23.270159 23.27987  23.289166 23.298579 23.30844  23.318058
 23.327647 23.336934 23.346324 23.356219 23.366086 23.375648 23.384891
 23.394301 23.404131 23.413749 23.423232 23.432463 23.441831 23.451614
 23.461064 23.470531 23.479729 23.48913  23.498708 23.508708 23.518708
 23.528708 23.538708 23.548708 23.558708 23.568708 23.578708 23.588708
 23.598708]","[9.67880588e+01 1.50817459e+02 2.32795981e+02 3.55953577e+02
 5.39144609e+02 8.08930471e+02 1.20229529e+03 1.77012982e+03
 2.58162473e+03 3.72971056e+03 5.17030319e+04 5.37152748e+04
 5.66449831e+04 6.03584356e+04 6.54172002e+04 7.23436777e+04
 8.12480471e+04 9.23886423e+04 1.06054408e+05 1.21993493e+05
 1.40468683e+05 1.62705372e+05 1.89753759e+05 2.23615991e+05
 2.65235686e+05 3.17215218e+05 3.81161019e+05 4.58314082e+05
 5.50541522e+05 6.58463696e+05 7.84969470e+05 9.29668075e+05
 1.09297360e+06 1.27192381e+06 1.46439999e+06 1.66673635e+06
 1.87622091e+06 2.09276909e+06 2.31129593e+06 2.53312634e+06
 2.75392416e+06 2.96918377e+06 3.17657042e+06 3.36984776e+06
 3.54307396e+06 3.69025788e+06 3.80815590e+06 3.89512831e+06
 3.94984764e+06 3.97375909e+06 3.95776202e+06 3.89603039e+06
 3.80318903e+06 3.68117992e+06 3.53042946e+06 3.35944046e+06
 3.17179205e+06 2.96953964e+06 2.75551118e+06 2.53528260e+06
 2.30606293e+06 2.08920085e+06 1.87411032e+06 1.66387498e+06
 1.46561264e+06 1.27652551e+06 1.10911365e+06 9.53978768e+05
 8.07393090e+05 6.80096493e+05 5.68197875e+05 4.73465737e+05
 3.90479757e+05 3.15856612e+05 2.53302167e+05 2.02738700e+05
 1.62140729e+05 1.28082768e+05 9.92283955e+04 7.66181855e+04
 5.88688294e+04 4.51786976e+04 3.42530263e+04 2.54267854e+04
 1.89041641e+04 1.39288503e+04 1.02687467e+04 7.45775230e+03
 5.33766323e+03 3.72971056e+03 2.58162473e+03 1.77012982e+03
 1.20229529e+03 8.08930471e+02 5.39144609e+02 3.55953577e+02
 2.32795981e+02 1.50817459e+02 9.67880588e+01]",1,0.9996312087925883,,3973759.094816378
54,3964,378306.44,9.2352291,9.5973066,10.040013,764.52417,764.51652-764.53182,24152289.81135311,649533.6432415247,77,280366.48081647145,43.2,301120.149491907,46.4,[3.5],"[301.2173, 327.233]",[301.21835],[48.56223],"[ 9.2352291  9.2446899  9.255349   9.2658357  9.276281   9.2860577
  9.2956753  9.3063904  9.3169914  9.327452   9.3374306  9.3473785
  9.358252   9.3688749  9.3792628  9.3892848  9.3992578  9.409872
  9.4206041  9.4308675  9.4411327  9.4509428  9.4618032  9.4724009
  9.4829321  9.4931375  9.5033384  9.5137828  9.5243907  9.5345557
  9.5451812  9.5553307  9.565931   9.5764538  9.5866907  9.5973066
  9.6076636  9.6184816  9.6290119  9.6396352  9.6504146  9.6606104
  9.6705532  9.6810434  9.6916977  9.7023203  9.7125074  9.7230375
  9.7336396  9.7442587  9.7550053  9.7651863  9.7758688  9.7865322
  9.7966146  9.807412   9.818222   9.8288801  9.8396959  9.8503884
  9.8610328  9.8717057  9.8825655  9.8933074  9.9040495  9.9146822
  9.9255304  9.9357896  9.9466271  9.956947   9.9671072  9.9778741
  9.988023   9.998762  10.009239  10.019241  10.029871  10.040013 ]","[361158.8970963  365580.79266409 370931.25605292 377035.12286936
 383560.70931113 389783.40305457 395842.40960644 401659.39987092
 407365.09383342 413245.21139039 419770.01013326 426779.07223194
 434825.87851721 443927.16508124 454173.84142039 465210.83203838
 476491.44003373 487364.9033331  497374.72618997 506597.42823055
 515814.42530112 525675.69724383 536860.32719837 549334.54187277
 562463.0299006  575472.66013351 587985.84716648 599403.33031327
 609766.32078444 618726.23242942 626996.83972278 634248.27141481
 640837.86411961 645850.38433084 648757.65364527 649605.18111062
 648354.1264042  645807.75836492 642418.30355896 638899.25438455
 635331.25794021 631636.74440755 627350.00369435 622413.4693415
 616733.14688821 610340.21206969 603520.06536164 596259.10746843
 588409.48046931 579775.79225787 569957.90524938 559200.5118356
 547658.83789805 536030.12594012 524381.35889318 513076.5700605
 502305.37977958 491877.42008429 481128.78773707 469882.34384563
 457835.45067528 445451.68667278 433062.05667334 421049.56337152
 409751.96507883 399407.93636445 390290.81533368 382558.23849109
 376296.75053571 371556.45991867 367699.95172695 364013.65592939
 360231.35400627 356244.1471864  352265.94620012 348736.47442842
 345937.94262116 343858.60928425]",,,,649605.1811106238
55,9011,318140.84,21.740195,21.879185,22.655853,764.52423,764.51659-764.53188,28581130.68613706,1136676.542503357,93,73768.3142161956,6.5,1081730.121410106,95.2,[0.86],"[301.2173, 327.233]",[301.21756],[100.0],"[20.692517 20.702517 20.712517 20.722517 20.732517 20.742517 20.752517
 20.762517 20.772517 20.782517 20.792517 20.802517 20.812517 20.822517
 20.832517 20.842517 20.852517 20.862517 20.872517 20.882517 20.892517
 20.902517 20.912517 20.922517 20.932517 20.942517 20.952517 20.962517
 20.972517 20.982517 20.992517 21.002517 21.012517 21.022517 21.032517
 21.042517 21.052517 21.062517 21.072517 21.082517 21.092517 21.102517
 21.102517 21.111959 21.121161 21.130495 21.139803 21.149414 21.158899
 21.167998 21.17725  21.186951 21.196623 21.206345 21.215504 21.224726
 21.23417  21.243517 21.253184 21.26232  21.271531 21.281108 21.290887
 21.30052  21.309664 21.318772 21.328438 21.338453 21.348109 21.357139
 21.366453 21.376236 21.386156 21.395673 21.404717 21.414461 21.424412
 21.433892 21.443816 21.4531   21.462618 21.472954 21.482387 21.492881
 21.502499 21.512223 21.522781 21.53225  21.542421 21.55211  21.562183
 21.572678 21.582995 21.593126 21.603471 21.613426 21.624123 21.634204
 21.644435 21.654671 21.664735 21.675236 21.685391 21.69524  21.70558
 21.71579  21.726421 21.736449 21.746716 21.756893 21.767106 21.777119
 21.78741  21.79767  21.807679 21.817628 21.828235 21.838235 21.848576
 21.858664 21.86886  21.879185 21.88951  21.899706 21.909794 21.920135
 21.930135 21.940742 21.950691 21.9607   21.97096  21.981251 21.991264
 22.001477 22.011654 22.021921 22.031949 22.04258  22.05279  22.06313
 22.072979 22.083134 22.093635 22.103699 22.113935 22.124166 22.134247
 22.144944 22.154899 22.165244 22.175375 22.185692 22.196187 22.20626
 22.215949 22.22612  22.235589 22.246147 22.255871 22.265489 22.275983
 22.285416 22.295752 22.30527  22.314554 22.324478 22.333958 22.343909
 22.353653 22.362697 22.372214 22.382134 22.391917 22.401231 22.410261
 22.419917 22.429932 22.439598 22.448706 22.45785  22.467483 22.477262
 22.486839 22.49605  22.505186 22.514853 22.5242   22.533644 22.542866
 22.552025 22.561747 22.571419 22.58112  22.590372 22.599471 22.608956
 22.618567 22.627875 22.637209 22.646411 22.655853 22.655853 22.665853
 22.675853 22.685853 22.695853 22.705853 22.715853 22.725853 22.735853
 22.745853 22.755853 22.765853 22.775853 22.785853 22.795853 22.805853
 22.815853 22.825853 22.835853 22.845853 22.855853 22.865853 22.875853
 22.885853 22.895853 22.905853 22.915853 22.925853 22.935853 22.945853
 22.955853 22.965853 22.975853 22.985853 22.995853 23.005853 23.015853
 23.025853 23.035853 23.045853 23.055853 23.065853 23.075853]","[1.08708122e+02 1.24991973e+02 1.43565701e+02 1.64728105e+02
 1.88813547e+02 2.16195693e+02 2.47291599e+02 2.82566145e+02
 3.22536842e+02 3.67779037e+02 4.18931533e+02 4.76702653e+02
 5.41876761e+02 6.15321263e+02 6.97994109e+02 7.90951821e+02
 8.95358049e+02 1.01249268e+03 1.14376152e+03 1.29070654e+03
 1.45501669e+03 1.63853937e+03 1.84329237e+03 2.07147649e+03
 2.32548868e+03 2.60793576e+03 2.92164865e+03 3.26969712e+03
 3.65540499e+03 4.08236579e+03 4.55445871e+03 5.07586497e+03
 5.65108437e+03 6.28495193e+03 6.98265473e+03 7.74974861e+03
 8.59217473e+03 9.51627589e+03 1.05288124e+04 1.16369773e+04
 1.28484112e+04 1.41712156e+04 1.41712156e+04 1.55301481e+04
 1.69646884e+04 1.85385580e+04 2.02351727e+04 2.21291814e+04
 2.41493477e+04 2.62373320e+04 2.85204374e+04 3.10982624e+04
 3.38673072e+04 3.68630282e+04 3.98913948e+04 4.31539512e+04
 4.67289239e+04 5.05125639e+04 5.46960132e+04 5.89150064e+04
 6.34423915e+04 6.84548994e+04 7.39092396e+04 7.96294380e+04
 8.53920541e+04 9.14674288e+04 9.82956847e+04 1.05800171e+05
 1.13465563e+05 1.21029550e+05 1.29245217e+05 1.38341343e+05
 1.48068214e+05 1.57890207e+05 1.67680759e+05 1.78739369e+05
 1.90591688e+05 2.02419338e+05 2.15372339e+05 2.28027901e+05
 2.41549994e+05 2.56869737e+05 2.71434261e+05 2.88295775e+05
 3.04361890e+05 3.21201216e+05 3.40162503e+05 3.57765354e+05
 3.77297197e+05 3.96497467e+05 4.17063481e+05 4.39133538e+05
 4.61451901e+05 4.83949892e+05 5.07496204e+05 5.30678019e+05
 5.56130198e+05 5.80600381e+05 6.05880833e+05 6.31586947e+05
 6.57225759e+05 6.84319354e+05 7.10806512e+05 7.36719511e+05
 7.64111732e+05 7.91295157e+05 8.19682961e+05 8.46481188e+05
 8.73878878e+05 9.00936434e+05 9.27926827e+05 9.54168356e+05
 9.80845896e+05 1.00708101e+06 1.03226106e+06 1.05682255e+06
 1.08242483e+06 1.10594427e+06 1.12956743e+06 1.15186400e+06
 1.17358400e+06 1.13654099e+06 1.13512449e+06 1.13152152e+06
 1.12550444e+06 1.11613978e+06 1.10230442e+06 1.08376368e+06
 1.05949820e+06 1.03083560e+06 1.00006448e+06 9.69022781e+05
 9.38924514e+05 9.10947775e+05 8.84082383e+05 8.57973532e+05
 8.31564828e+05 8.04295657e+05 7.76228546e+05 7.47198663e+05
 7.17895655e+05 6.88200914e+05 6.58508257e+05 6.28490097e+05
 5.99102568e+05 5.70923126e+05 5.44535429e+05 5.20123942e+05
 4.96891458e+05 4.74581641e+05 4.52514987e+05 4.30762959e+05
 4.08963172e+05 3.86747048e+05 3.64649043e+05 3.43160422e+05
 3.23314951e+05 3.05225497e+05 2.88999571e+05 2.73553262e+05
 2.58226679e+05 2.42634626e+05 2.27012046e+05 2.11714847e+05
 1.97651970e+05 1.84853647e+05 1.73376223e+05 1.62892811e+05
 1.53338134e+05 1.44591601e+05 1.36546487e+05 1.29074724e+05
 1.22370374e+05 1.16518971e+05 1.11569242e+05 1.07722780e+05
 1.04867599e+05 1.02483089e+05 1.00040635e+05 9.71006332e+04
 9.39997336e+04 9.06349827e+04 8.73841827e+04 8.40627888e+04
 8.08437250e+04 7.79235795e+04 7.52610940e+04 7.29420459e+04
 7.11284937e+04 6.98835304e+04 6.89935508e+04 6.83615079e+04
 6.77844588e+04 6.69701155e+04 6.55669758e+04 6.36207417e+04
 6.14133569e+04 5.94652763e+04 5.83761849e+04 5.82474349e+04
 5.90373913e+04 1.41712156e+04 1.28484112e+04 1.16369773e+04
 1.05288124e+04 9.51627589e+03 8.59217473e+03 7.74974861e+03
 6.98265473e+03 6.28495193e+03 5.65108437e+03 5.07586497e+03
 4.55445871e+03 4.08236579e+03 3.65540499e+03 3.26969712e+03
 2.92164865e+03 2.60793576e+03 2.32548868e+03 2.07147649e+03
 1.84329237e+03 1.63853937e+03 1.45501669e+03 1.29070654e+03
 1.14376152e+03 1.01249268e+03 8.95358049e+02 7.90951821e+02
 6.97994109e+02 6.15321263e+02 5.41876761e+02 4.76702653e+02
 4.18931533e+02 3.67779037e+02 3.22536842e+02 2.82566145e+02
 2.47291599e+02 2.16195693e+02 1.88813547e+02 1.64728105e+02
 1.43565701e+02 1.24991973e+02 1.08708122e+02 9.44474635e+01]",1,0.9962138537855544,,1173583.9957938015
56,4991,319924.81,11.953504,12.199572,12.620385,766.48303,766.47537-766.4907,15370500.829897456,1307893.1593208313,66,1308009.5759902445,100.0,1293514.4937424068,98.9,"[6.03, 2.52]","[301.2173, 327.233]","[301.21548, 327.23383]","[8.61528, 100.0]","[11.658759 11.668759 11.678759 11.688759 11.698759 11.708759 11.718759
 11.728759 11.738759 11.748759 11.758759 11.768759 11.778759 11.778759
 11.788242 11.79773  11.807056 11.817129 11.826624 11.836215 11.845649
 11.855156 11.864844 11.874476 11.884038 11.893093 11.902431 11.912354
 11.922031 11.931609 11.94076  11.950598 11.960315 11.970193 11.980502
 11.990169 12.000144 12.010222 12.020187 12.030667 12.040483 12.050455
 12.060737 12.070615 12.080599 12.090352 12.100273 12.110527 12.120173
 12.130265 12.140096 12.150104 12.160025 12.169722 12.179847 12.189965
 12.199572 12.209179 12.219297 12.229422 12.239119 12.24904  12.259048
 12.268879 12.278971 12.288617 12.298871 12.308792 12.318545 12.328529
 12.338407 12.348689 12.358661 12.368477 12.378957 12.388922 12.399
 12.408975 12.418642 12.428951 12.438829 12.448546 12.458384 12.467535
 12.477113 12.48679  12.496713 12.506051 12.515106 12.524668 12.5343
 12.543988 12.553495 12.562929 12.57252  12.582015 12.592088 12.601414
 12.610902 12.620385 12.620385 12.630385 12.640385 12.650385 12.660385
 12.670385 12.680385 12.690385 12.700385 12.710385 12.720385 12.730385
 12.740385 12.750385]","[1.09696891e+02 1.46779134e+02 1.95536655e+02 2.59349792e+02
 3.42481792e+02 4.50280284e+02 5.89416428e+02 7.68166568e+02
 9.96741242e+02 1.28766626e+03 1.65622015e+03 2.12093165e+03
 2.70413982e+03 2.70413982e+03 3.39091006e+03 4.23584174e+03
 5.25098964e+03 6.59407012e+03 8.13990751e+03 1.00291822e+04
 1.22664010e+04 1.49668111e+04 1.82563614e+04 2.21527091e+04
 2.67349706e+04 3.18270578e+04 3.79527065e+04 4.55676451e+04
 5.42367928e+04 6.41800304e+04 7.50953801e+04 8.85456204e+04
 1.03759987e+05 1.21391689e+05 1.42343791e+05 1.64566454e+05
 1.90319849e+05 2.19458679e+05 2.51549918e+05 2.89012561e+05
 3.27710560e+05 3.70724091e+05 4.19074690e+05 4.69399022e+05
 5.24120897e+05 5.81270316e+05 6.43041179e+05 7.10558694e+05
 7.77249779e+05 8.50010316e+05 9.23455521e+05 1.00037647e+06
 1.07826255e+06 1.15541319e+06 1.23640861e+06 1.31708653e+06
 1.30800958e+06 1.29605511e+06 1.26100325e+06 1.20574681e+06
 1.13487218e+06 1.05228170e+06 9.62681233e+05 8.70709888e+05
 7.80584922e+05 6.94955521e+05 6.15981295e+05 5.44894514e+05
 4.81513229e+05 4.26433750e+05 3.78124379e+05 3.36298985e+05
 3.00122941e+05 2.68564848e+05 2.41438627e+05 2.18124442e+05
 1.98240703e+05 1.80919907e+05 1.65663894e+05 1.51462873e+05
 1.37492633e+05 1.23152285e+05 1.08447627e+05 9.36941041e+04
 7.96260645e+04 6.69079501e+04 5.60728781e+04 4.73283178e+04
 4.07860511e+04 3.60838914e+04 3.27882354e+04 3.03848756e+04
 2.83746897e+04 2.62195085e+04 2.37388758e+04 2.11219314e+04
 1.87056804e+04 1.68807842e+04 1.59748418e+04 1.59049298e+04
 2.70413982e+03 2.12093165e+03 1.65622015e+03 1.28766626e+03
 9.96741242e+02 7.68166568e+02 5.89416428e+02 4.50280284e+02
 3.42481792e+02 2.59349792e+02 1.95536655e+02 1.46779134e+02
 1.09696891e+02 8.16240574e+01]",1,0.9948247735731812,,1317086.5332194737
57,4448,299701.09,10.701063,10.884177,11.450493,768.48285,768.47516-768.49053,9305620.030897096,707317.1861610413,73,630945.6965605188,89.2,706434.9883935482,99.9,[1.57],"[301.2173, 327.233]",[301.21777],[100.0],"[10.097861 10.107861 10.117861 10.127861 10.137861 10.147861 10.157861
 10.167861 10.177861 10.187861 10.197861 10.207861 10.217861 10.227861
 10.237861 10.247861 10.257861 10.267861 10.277861 10.287861 10.297861
 10.307861 10.317861 10.317861 10.32777  10.337499 10.347533 10.356368
 10.365923 10.375707 10.385607 10.395665 10.404714 10.414226 10.424374
 10.434279 10.444582 10.45485  10.464521 10.474886 10.485042 10.49575
 10.506356 10.51664  10.527302 10.537658 10.548612 10.559169 10.569892
 10.580075 10.590575 10.601512 10.6121   10.622788 10.633798 10.644161
 10.65453  10.665103 10.675944 10.68683  10.697128 10.707447 10.718126
 10.729014 10.739321 10.74963  10.75998  10.770599 10.781165 10.791448
 10.801578 10.811895 10.822295 10.832822 10.843286 10.853243 10.863279
 10.873704 10.884177 10.89465  10.905075 10.915111 10.925068 10.935532
 10.946059 10.956459 10.966776 10.976906 10.987189 10.997755 11.008374
 11.018724 11.029033 11.03934  11.050228 11.060907 11.071226 11.081524
 11.09241  11.103251 11.113824 11.124193 11.134556 11.145566 11.156254
 11.166842 11.177779 11.188279 11.198462 11.209185 11.219742 11.230696
 11.241052 11.251714 11.261998 11.272604 11.283312 11.293468 11.303833
 11.313504 11.323772 11.334075 11.34398  11.354128 11.36364  11.372689
 11.382747 11.392647 11.402431 11.411986 11.420821 11.430855 11.440584
 11.450493 11.450493 11.460493 11.470493 11.480493 11.490493 11.500493
 11.510493 11.520493 11.530493 11.540493 11.550493 11.560493 11.570493
 11.580493 11.590493 11.600493 11.610493 11.620493 11.630493 11.640493
 11.650493 11.660493 11.670493 11.680493]","[1.13701436e+02 1.31677762e+02 1.52360376e+02 1.76134625e+02
 2.03437285e+02 2.34762902e+02 2.70670856e+02 3.11793193e+02
 3.58843323e+02 4.12625646e+02 4.74046203e+02 5.44124441e+02
 6.24006198e+02 7.14978002e+02 8.18482811e+02 9.36137309e+02
 1.06975088e+03 1.22134640e+03 1.39318301e+03 1.58778096e+03
 1.80794875e+03 2.05681272e+03 2.33784918e+03 2.33784918e+03
 2.65185910e+03 2.99861388e+03 3.40079278e+03 3.79652114e+03
 4.27314306e+03 4.81918921e+03 5.43804444e+03 6.14271814e+03
 6.84912885e+03 7.67339236e+03 8.65472659e+03 9.72486379e+03
 1.09684522e+04 1.23543821e+04 1.38076309e+04 1.55410907e+04
 1.74343189e+04 1.96611872e+04 2.21248286e+04 2.47843728e+04
 2.78519713e+04 3.11643751e+04 3.50612512e+04 3.92376156e+04
 4.39445387e+04 4.88897269e+04 5.45195084e+04 6.10102371e+04
 6.79600652e+04 7.57020187e+04 8.45104808e+04 9.36431652e+04
 1.03669630e+05 1.14886181e+05 1.27516347e+05 1.41447223e+05
 1.55872245e+05 1.71639646e+05 1.89449137e+05 2.09291944e+05
 2.29763682e+05 2.52003740e+05 2.76234899e+05 3.03218456e+05
 3.32351532e+05 3.63042840e+05 3.95682911e+05 4.31537799e+05
 4.70518456e+05 5.13058591e+05 5.58608316e+05 6.05152260e+05
 6.55404684e+05 7.11352138e+05 7.06836278e+05 6.96457223e+05
 6.73523428e+05 6.39440424e+05 5.97534044e+05 5.50171116e+05
 5.00476647e+05 4.51389196e+05 4.04831834e+05 3.61507368e+05
 3.22143008e+05 2.86727633e+05 2.55510117e+05 2.28097702e+05
 2.04487806e+05 1.84312951e+05 1.66844852e+05 1.51998634e+05
 1.39051364e+05 1.27376682e+05 1.17182883e+05 1.08114133e+05
 1.00154402e+05 9.31807227e+04 8.70832567e+04 8.16022543e+04
 7.66634584e+04 7.18119950e+04 6.71286731e+04 6.23647381e+04
 5.75635362e+04 5.28268530e+04 4.81933084e+04 4.38071830e+04
 3.97309033e+04 3.60720078e+04 3.29521592e+04 3.02795825e+04
 2.80018805e+04 2.60099428e+04 2.42479732e+04 2.25838831e+04
 2.08990613e+04 1.92396206e+04 1.76923131e+04 1.61687039e+04
 1.45493945e+04 1.26765149e+04 1.05177035e+04 8.16843835e+03
 5.82251646e+03 3.78387896e+03 2.22756430e+03 1.16371998e+03
 5.24709891e+02 1.70956775e+02 2.33784918e+03 2.05681272e+03
 1.80794875e+03 1.58778096e+03 1.39318301e+03 1.22134640e+03
 1.06975088e+03 9.36137309e+02 8.18482811e+02 7.14978002e+02
 6.24006198e+02 5.44124441e+02 4.74046203e+02 4.12625646e+02
 3.58843323e+02 3.11793193e+02 2.70670856e+02 2.34762902e+02
 2.03437285e+02 1.76134625e+02 1.52360376e+02 1.31677762e+02
 1.13701436e+02 9.80917686e+01]",1,0.9927099896166349,,711352.1376726907
58,4112,169112.8,9.8503884,10.029871,10.264538,768.48352,768.47584-768.49121,7912169.513031071,644077.9704780579,40,535019.4138046701,83.1,491530.1120632852,76.3,[3.6],"[301.2173, 327.233]",[301.21838],[100.0],"[ 9.6703884  9.6803884  9.6903884  9.7003884  9.7103884  9.7203884
  9.7303884  9.7403884  9.7503884  9.7603884  9.7703884  9.7803884
  9.7903884  9.8003884  9.8103884  9.8203884  9.8303884  9.8403884
  9.8503884  9.8610328  9.8717057  9.8825655  9.8933074  9.9040495
  9.9146822  9.9255304  9.9357896  9.9466271  9.956947   9.9671072
  9.9778741  9.988023   9.998762  10.009239  10.019241  10.029871
 10.040501  10.050503  10.06098   10.071719  10.0818679 10.0926348
 10.102795  10.1131149 10.1239524 10.1342116 10.1450598 10.1556925
 10.1664346 10.1771765 10.1880363 10.1987092 10.2093536 10.2193536
 10.2293536 10.2393536 10.2493536 10.2593536 10.2693536 10.2793536
 10.2893536 10.2993536 10.3093536 10.3193536 10.3293536 10.3393536
 10.3493536 10.3593536 10.3693536 10.3793536 10.3893536]","[8.86212410e+01 1.40096967e+02 2.18832541e+02 3.37743759e+02
 5.15056682e+02 7.76095169e+02 1.15549267e+03 1.69985421e+03
 2.47086157e+03 3.54876643e+03 5.03615027e+03 7.06174784e+03
 9.78403491e+03 1.33941773e+04 1.81178373e+04 2.42152484e+04
 3.19789178e+04 4.17283161e+04 1.01802902e+05 1.04749636e+05
 1.10373952e+05 1.20167951e+05 1.35207948e+05 1.56935833e+05
 1.85996066e+05 2.23239068e+05 2.68129631e+05 3.19907900e+05
 3.76565130e+05 4.35590999e+05 4.93367753e+05 5.46230115e+05
 5.90420333e+05 6.22744716e+05 6.40933265e+05 6.43378662e+05
 6.42503289e+05 6.10161783e+05 5.70640509e+05 5.25557584e+05
 4.80089389e+05 4.30295733e+05 3.83137973e+05 3.36238645e+05
 2.89151441e+05 2.47436485e+05 2.06992812e+05 1.71411228e+05
 1.39733868e+05 1.12345729e+05 8.88511674e+04 6.95887771e+04
 5.38009840e+04 4.17283161e+04 3.19789178e+04 2.42152484e+04
 1.81178373e+04 1.33941773e+04 9.78403491e+03 7.06174784e+03
 5.03615027e+03 3.54876643e+03 2.47086157e+03 1.69985421e+03
 1.15549267e+03 7.76095169e+02 5.15056682e+02 3.37743759e+02
 2.18832541e+02 1.40096967e+02 8.86212410e+01]",1,0.989143611034223,,643378.6623260269
59,5308,187716.75,12.448546,12.975831,13.394575,768.5199,768.51221-768.52758,10848699.290466517,835866.8638114929,87,835125.2177543148,99.9,808268.4609924956,96.7,[2.28],"[301.2173, 327.233]",[301.21799],[92.67403],"[12.562929 12.57252  12.582015 12.592088 12.601414 12.610902 12.620385
 12.63011  12.640355 12.649717 12.659088 12.669133 12.679095 12.688644
 12.69778  12.707199 12.717417 12.726813 12.736575 12.74569  12.755464
 12.765472 12.775531 12.784775 12.793718 12.803091 12.813305 12.823192
 12.832281 12.841365 12.851289 12.861213 12.870754 12.879884 12.889021
 12.898452 12.908226 12.917903 12.92711  12.936322 12.946312 12.956439
 12.966511 12.975831 12.985151 12.995223 13.00535  13.01534  13.024552
 13.033759 13.043436 13.05321  13.062641 13.071778 13.080908 13.090449
 13.100373 13.110297 13.119381 13.12847  13.138357 13.148571 13.157944
 13.166887 13.176131 13.18619  13.196198 13.205972 13.215087 13.224849
 13.234245 13.244463 13.253882 13.263018 13.272567 13.282529 13.292574
 13.301945 13.311307 13.321552 13.331277]","[1.16455069e+02 3.66370111e+02 8.85075634e+02 1.73446343e+03
 2.93979158e+03 4.62130623e+03 6.61653378e+03 8.70149123e+03
 1.06790961e+04 1.24551212e+04 1.41329981e+04 1.57212884e+04
 1.73614819e+04 1.89540151e+04 2.05006154e+04 2.19626716e+04
 2.35204839e+04 2.52893595e+04 2.76650532e+04 3.08434327e+04
 3.50614007e+04 4.05117052e+04 4.75224956e+04 5.63705892e+04
 6.76866828e+04 8.18177008e+04 9.97945377e+04 1.22012259e+05
 1.49251045e+05 1.81648940e+05 2.19275233e+05 2.61832665e+05
 3.09767190e+05 3.62059401e+05 4.18780581e+05 4.78829188e+05
 5.40831394e+05 6.03162207e+05 6.63225842e+05 7.18301967e+05
 7.65167693e+05 8.01227124e+05 8.24754338e+05 8.35125218e+05
 8.29122861e+05 7.96506610e+05 7.54250035e+05 7.04887833e+05
 6.54178527e+05 6.00056451e+05 5.41102888e+05 4.81063244e+05
 4.24103692e+05 3.70977752e+05 3.20814891e+05 2.72248609e+05
 2.26468596e+05 1.85835605e+05 1.53224483e+05 1.24886585e+05
 9.86883080e+04 7.62889652e+04 5.94763607e+04 4.63727570e+04
 3.54396662e+04 2.60965953e+04 1.89808009e+04 1.37235240e+04
 1.00216084e+04 7.06607790e+03 4.98537431e+03 3.36465129e+03
 2.31192900e+03 1.58784918e+03 1.05902014e+03 6.84775263e+02
 4.35083551e+02 2.81413036e+02 1.79897552e+02 1.08727634e+02
 6.65144507e+01]",1,0.9983873525108896,,835125.2177543148
60,6419,300756.69,15.162145,15.641834,16.273453,770.51447,770.50676-770.52217,18000577.58561197,1360734.749042511,89,1359212.286446373,99.9,1336048.7782073156,98.2,[3.08],"[301.2173, 327.233]",[327.23401],[100.0],"[15.350945 15.360945 15.370945 15.380945 15.390945 15.400945 15.410945
 15.420945 15.430945 15.440434 15.450103 15.459823 15.469338 15.478859
 15.488399 15.498119 15.507892 15.517405 15.526939 15.537098 15.546457
 15.556136 15.565371 15.574927 15.585082 15.594467 15.60432  15.61329
 15.622933 15.632803 15.641834 15.650865 15.660735 15.670378 15.679348
 15.689201 15.698586 15.708741 15.718297 15.727532 15.737211 15.74657
 15.756729 15.766263 15.775776 15.785549 15.795269 15.804809 15.81433
 15.823845 15.833565 15.843234 15.852723 15.862723 15.872723 15.882723
 15.892723 15.902723 15.912723 15.922723 15.932723]","[6.81015862e+01 1.35097211e+02 2.61500519e+02 4.93896270e+02
 9.10198164e+02 1.63671545e+03 2.87175527e+03 4.91652996e+03
 8.16218245e+02 2.98651482e+03 7.58053477e+03 1.63412087e+04
 3.13838696e+04 5.48366755e+04 8.82653952e+04 1.32485595e+05
 1.87740083e+05 2.54909290e+05 3.33519793e+05 4.23521655e+05
 5.24656253e+05 6.35625273e+05 7.54703825e+05 8.76778367e+05
 9.97090809e+05 1.10864287e+06 1.20478298e+06 1.28013653e+06
 1.33077910e+06 1.35721535e+06 1.35921229e+06 1.35785467e+06
 1.33479059e+06 1.28266180e+06 1.21092505e+06 1.11115320e+06
 1.00133277e+06 8.73163565e+05 7.50030823e+05 6.33910889e+05
 5.19642768e+05 4.19503945e+05 3.24525515e+05 2.49235845e+05
 1.87311447e+05 1.36483113e+05 9.73279187e+04 6.82840290e+04
 4.68847719e+04 3.14912993e+04 2.04954529e+04 1.30649610e+04
 8.21309735e+03 4.91652996e+03 2.87175527e+03 1.63671545e+03
 9.10198164e+02 4.93896270e+02 2.61500519e+02 1.35097211e+02
 6.81015862e+01]",1,0.9997592685854408,,1359212.286446373
61,7714,1113449.5,18.460984,18.774163,19.218,772.52936,772.52163-772.53708,63935334.34298692,4843497.082229614,76,4840392.34184527,99.9,4759847.45036966,98.3,[2.8],"[301.2173, 327.233]",[327.23392],[100.0],"[18.320326 18.330326 18.330326 18.340068 18.349778 18.359876 18.369475
 18.379164 18.388909 18.398607 18.408678 18.418372 18.4279   18.43754
 18.446853 18.45704  18.466758 18.476344 18.485687 18.494822 18.504902
 18.514787 18.524483 18.533757 18.542895 18.552612 18.562522 18.572267
 18.581557 18.590755 18.600242 18.609994 18.620292 18.629807 18.638927
 18.648599 18.658128 18.668034 18.677809 18.687186 18.697069 18.706722
 18.716375 18.725784 18.735233 18.74545  18.755015 18.764756 18.774163
 18.78357  18.793311 18.802876 18.813093 18.822542 18.831951 18.841604
 18.851257 18.86114  18.870517 18.880292 18.890198 18.899727 18.909399
 18.918519 18.928034 18.938332 18.948084 18.957571 18.966769 18.976059
 18.985804 18.995714 19.005431 19.014569 19.023843 19.033539 19.043424
 19.053504 19.062639 19.071982 19.081568 19.091286 19.101473 19.110786
 19.120426 19.129954 19.139648 19.149719 19.159417 19.169162 19.178851
 19.18845  19.198548 19.208258 19.218    19.218    19.228    19.238   ]","[1.07047221e+02 1.69189211e+02 1.69189211e+02 2.61745213e+02
 4.00566611e+02 6.17342579e+02 9.22578073e+02 1.37110761e+03
 2.02318651e+03 2.95192096e+03 4.32688350e+03 6.19273402e+03
 8.72890486e+03 1.22402583e+04 1.68197999e+04 2.35779393e+04
 3.22293377e+04 4.34658700e+04 5.76667123e+04 7.53903355e+04
 1.00358669e+05 1.31558724e+05 1.69952598e+05 2.15222919e+05
 2.69341991e+05 3.38787229e+05 4.23954633e+05 5.23534158e+05
 6.34549697e+05 7.61165276e+05 9.10203767e+05 1.08369538e+06
 1.28958383e+06 1.50026605e+06 1.71981129e+06 1.96992557e+06
 2.23145092e+06 2.51593986e+06 2.80517916e+06 3.08610111e+06
 3.38046952e+06 3.66051279e+06 3.92711594e+06 4.16823582e+06
 4.38616123e+06 4.58846504e+06 4.74139029e+06 4.85664208e+06
 4.84039234e+06 4.82700791e+06 4.74998098e+06 4.61856881e+06
 4.44005586e+06 4.22366054e+06 3.97543658e+06 3.70190061e+06
 3.40806437e+06 3.10039964e+06 2.78876457e+06 2.48007936e+06
 2.18581707e+06 1.91004444e+06 1.65708231e+06 1.42986971e+06
 1.22775120e+06 1.04977072e+06 8.92934828e+05 7.57528913e+05
 6.40860084e+05 5.42638147e+05 4.60103591e+05 3.92031329e+05
 3.36368559e+05 2.90920781e+05 2.53878764e+05 2.22967319e+05
 1.96958145e+05 1.74953211e+05 1.56797817e+05 1.42222382e+05
 1.30974410e+05 1.22311162e+05 1.15283779e+05 1.09508877e+05
 1.04382266e+05 1.00108932e+05 9.64015913e+04 9.33394587e+04
 9.06121112e+04 8.80436635e+04 8.58576960e+04 8.37167300e+04
 8.20036098e+04 8.07857807e+04 7.99585254e+04 1.69189211e+02
 1.07047221e+02 6.70578842e+01]",1,0.9981486754386084,,4856642.081264327
62,8956,238861.98,21.333587,21.789358,22.477262,772.52954,772.52182-772.53727,26700092.35032337,1052569.1869621277,116,1051831.8174555942,99.9,987863.2482121687,93.9,[2.71],"[301.2173, 327.233]",[327.23389],[100.0],"[21.333587 21.343808 21.353173 21.362611 21.37204  21.38146  21.391397
 21.400627 21.410027 21.419491 21.429045 21.438848 21.448253 21.457756
 21.467221 21.476785 21.486751 21.496137 21.505614 21.515075 21.524936
 21.534849 21.544347 21.55376  21.563609 21.573545 21.583381 21.592869
 21.6026   21.612645 21.62251  21.632399 21.642129 21.651862 21.661796
 21.671308 21.681199 21.690955 21.701307 21.71103  21.720665 21.730293
 21.740195 21.750357 21.760294 21.769851 21.779564 21.789358 21.799641
 21.809354 21.819119 21.828811 21.838835 21.849489 21.859729 21.869285
 21.879185 21.88951  21.899706 21.909794 21.920135 21.930135 21.940742
 21.950691 21.9607   21.97096  21.981251 21.991264 22.001477 22.011654
 22.021921 22.031949 22.04258  22.05279  22.06313  22.072979 22.083134
 22.093635 22.103699 22.113935 22.124166 22.134247 22.144944 22.154899
 22.165244 22.175375 22.185692 22.196187 22.20626  22.215949 22.22612
 22.235589 22.246147 22.255871 22.265489 22.275983 22.285416 22.295752
 22.30527  22.314554 22.324478 22.333958 22.343909 22.353653 22.362697
 22.372214 22.382134 22.391917 22.401231 22.410261 22.419917 22.429932
 22.439598 22.448706 22.45785  22.467483 22.477262]","[1.33182638e+02 3.71683187e+02 7.47758845e+02 1.33471281e+03
 2.11410708e+03 3.06072390e+03 3.99441295e+03 4.80584154e+03
 5.43839918e+03 6.09371244e+03 6.99498236e+03 8.45742794e+03
 1.05817993e+04 1.34438390e+04 1.70734278e+04 2.15434070e+04
 2.66966486e+04 3.26484459e+04 3.94912231e+04 4.72772470e+04
 5.63153337e+04 6.69593113e+04 7.96675678e+04 9.52714062e+04
 1.14182484e+05 1.36691311e+05 1.62996657e+05 1.92401989e+05
 2.25084520e+05 2.60089933e+05 2.97990982e+05 3.38548413e+05
 3.82189467e+05 4.28828501e+05 4.78264893e+05 5.30681713e+05
 5.84532666e+05 6.40231720e+05 6.96720885e+05 7.53699435e+05
 8.10940184e+05 8.67154584e+05 9.19933086e+05 9.65729558e+05
 1.00313265e+06 1.02979053e+06 1.04635306e+06 1.05223412e+06
 1.04945460e+06 1.03944302e+06 1.02316609e+06 1.00329031e+06
 9.79448129e+05 9.52958694e+05 9.24887399e+05 8.96336162e+05
 8.68035588e+05 8.41752555e+05 8.17507748e+05 7.94776146e+05
 7.73320336e+05 7.52357277e+05 7.31124113e+05 7.09082624e+05
 6.86598960e+05 6.64620375e+05 6.44324777e+05 6.26406672e+05
 6.11230121e+05 5.97899590e+05 5.85675882e+05 5.74050110e+05
 5.61893484e+05 5.49505118e+05 5.35938146e+05 5.21284578e+05
 5.05321270e+05 4.88104283e+05 4.68899790e+05 4.48432156e+05
 4.27256383e+05 4.05969761e+05 3.85771270e+05 3.66740362e+05
 3.48786141e+05 3.31661699e+05 3.14885044e+05 2.97898800e+05
 2.80606988e+05 2.64197105e+05 2.48698452e+05 2.34667179e+05
 2.22046393e+05 2.10333229e+05 1.98413472e+05 1.85861760e+05
 1.72449633e+05 1.58779704e+05 1.45615335e+05 1.34222983e+05
 1.24795340e+05 1.17495402e+05 1.11794550e+05 1.07096397e+05
 1.02803804e+05 9.87453933e+04 9.44243554e+04 8.98351633e+04
 8.49557090e+04 8.02560381e+04 7.59503711e+04 7.24939671e+04
 6.98693633e+04 6.81272335e+04 6.69748436e+04 6.64928220e+04
 6.63966946e+04]",,,,1052234.1174612644
63,7116,205016.56,17.144065,17.334286,17.638274,774.50427,774.49653-774.51202,5540532.530468504,528167.4346237183,50,528224.4541165393,100.0,517740.5153632759,98.0,[1.96],"[301.2173, 327.233]",[327.23364],[100.0],"[17.0924   17.1024   17.1124   17.1224   17.1324   17.1424   17.1524
 17.1624   17.171844 17.182009 17.191149 17.200236 17.209355 17.219209
 17.229301 17.238734 17.247871 17.257138 17.266919 17.276999 17.286476
 17.295698 17.304856 17.314578 17.324807 17.334286 17.343765 17.353994
 17.363716 17.372874 17.382096 17.391573 17.401653 17.411434 17.420701
 17.429838 17.439271 17.449363 17.459217 17.468336 17.477423 17.486563
 17.496728 17.506172 17.516172 17.526172 17.536172 17.546172 17.556172
 17.566172 17.576172]","[4.95319992e+01 1.08374422e+02 2.29068322e+02 4.67735762e+02
 9.22642426e+02 1.75818094e+03 3.23661482e+03 7.03238189e+02
 2.15133313e+03 5.66707419e+03 1.27142755e+04 2.48832439e+04
 4.40273289e+04 7.17379697e+04 1.07683382e+05 1.51836654e+05
 2.02156141e+05 2.55741447e+05 3.09848908e+05 3.61312146e+05
 4.08491896e+05 4.49969589e+05 4.83770267e+05 5.09361878e+05
 5.24006882e+05 5.28224454e+05 5.25178999e+05 5.17148547e+05
 4.92839002e+05 4.57128008e+05 4.11554626e+05 3.58313184e+05
 2.98869911e+05 2.42362985e+05 1.92749002e+05 1.49382377e+05
 1.11398782e+05 7.86644954e+04 5.41373227e+04 3.71826891e+04
 2.48511952e+04 1.61003850e+04 9.60427274e+03 5.75593353e+03
 3.23661482e+03 1.75818094e+03 9.22642426e+02 4.67735762e+02
 2.29068322e+02 1.08374422e+02 4.95319992e+01]",1,0.9981080155090541,,528224.4541165393
64,6867,1259922.5,16.512628,16.838524,17.352535,774.53052,774.52277-774.53826,305065264.16426075,19977453.835998535,86,19138199.711860843,95.8,19905923.4150098,99.6,[0.36],"[301.2173, 327.233]",[301.21741],[9.22428],"[16.054513 16.064513 16.074513 16.084513 16.094513 16.104513 16.114513
 16.124513 16.134513 16.144513 16.154513 16.164513 16.174513 16.184513
 16.194513 16.204513 16.214513 16.224513 16.234513 16.244513 16.254513
 16.264513 16.274513 16.284513 16.294513 16.304513 16.314513 16.324513
 16.324513 16.333661 16.342762 16.352241 16.36247  16.372192 16.38135
 16.390572 16.400049 16.410129 16.41991  16.429177 16.438314 16.447747
 16.457839 16.467693 16.476812 16.485899 16.495039 16.505204 16.514648
 16.523772 16.532983 16.542089 16.551899 16.561762 16.571012 16.58041
 16.589728 16.599975 16.609835 16.619257 16.628865 16.63845  16.64905
 16.659233 16.668553 16.678683 16.68828  16.69868  16.708461 16.717974
 16.728587 16.738411 16.7486   16.758658 16.76826  16.778843 16.788663
 16.798845 16.808828 16.818537 16.828827 16.838524 16.848221 16.858511
 16.86822  16.878203 16.888385 16.898205 16.908788 16.91839  16.928448
 16.938637 16.948461 16.959074 16.968587 16.978368 16.988768 16.998365
 17.008495 17.017815 17.027998 17.038598 17.048183 17.057791 17.067213
 17.077073 17.08732  17.096638 17.106036 17.115286 17.125149 17.134959
 17.144065 17.153276 17.1624   17.171844 17.182009 17.191149 17.200236
 17.209355 17.219209 17.229301 17.238734 17.247871 17.257138 17.266919
 17.276999 17.286476 17.295698 17.304856 17.314578 17.324807 17.334286
 17.343387 17.352535 17.352535 17.362535 17.372535 17.382535 17.392535
 17.402535 17.412535 17.422535 17.432535 17.442535 17.452535 17.462535
 17.472535 17.482535 17.492535 17.502535 17.512535 17.522535 17.532535
 17.542535 17.552535 17.562535 17.572535 17.582535 17.592535 17.602535
 17.612535 17.622535 17.632535]","[1.04623292e+02 1.36603981e+02 1.77851103e+02 2.30891529e+02
 2.98894325e+02 3.85820741e+02 4.96605705e+02 6.37376532e+02
 8.15715408e+02 1.04097307e+03 1.32464210e+03 1.68079925e+03
 2.12662722e+03 2.68302750e+03 3.37533678e+03 4.23416064e+03
 5.29633907e+03 6.60605922e+03 8.21613141e+03 1.01894448e+04
 1.26006196e+04 1.55378709e+04 1.91051015e+04 2.34242353e+04
 2.86378049e+04 3.49118017e+04 4.24387936e+04 5.14413111e+04
 5.14413111e+04 6.11864246e+04 7.25403825e+04 8.63935837e+04
 1.04024824e+05 1.23762910e+05 1.45409654e+05 1.70621115e+05
 2.00582081e+05 2.37573478e+05 2.79201190e+05 3.24530690e+05
 3.75520485e+05 4.35488868e+05 5.08852788e+05 5.90734526e+05
 6.76526709e+05 7.72580422e+05 8.80854921e+05 1.01632943e+06
 1.15773176e+06 1.30982296e+06 1.48006167e+06 1.66612081e+06
 1.88780398e+06 2.13449760e+06 2.38903035e+06 2.67203632e+06
 2.97828579e+06 3.34613808e+06 3.73233180e+06 4.13220089e+06
 4.57214462e+06 5.04441839e+06 5.60653521e+06 6.18669880e+06
 6.75259306e+06 7.40563746e+06 8.06063741e+06 8.80977442e+06
 9.55074955e+06 1.03040875e+07 1.11806751e+07 1.20238588e+07
 1.29278652e+07 1.38465185e+07 1.47445194e+07 1.57536956e+07
 1.67038807e+07 1.76980507e+07 1.86763879e+07 1.96260053e+07
 2.06244392e+07 1.99459368e+07 1.99449336e+07 1.97003210e+07
 1.92316568e+07 1.85637107e+07 1.77254923e+07 1.67472693e+07
 1.56639691e+07 1.45176115e+07 1.33431275e+07 1.21730210e+07
 1.10438657e+07 9.97201357e+06 8.97370340e+06 8.06170995e+06
 7.23862043e+06 6.50433052e+06 5.85365715e+06 5.28578376e+06
 4.80011507e+06 4.39356345e+06 4.06296362e+06 3.79812953e+06
 3.58692050e+06 3.41394463e+06 3.26332122e+06 3.11959504e+06
 2.97233553e+06 2.81136355e+06 2.63262895e+06 2.43901332e+06
 2.23323998e+06 2.02103219e+06 1.80801422e+06 1.59988689e+06
 1.40121710e+06 1.21617445e+06 1.04770564e+06 8.97905372e+05
 7.66407594e+05 6.50703072e+05 5.48024584e+05 4.56630952e+05
 3.75490975e+05 3.03309191e+05 2.40888423e+05 1.88334317e+05
 1.44736002e+05 1.09483191e+05 8.08523495e+04 5.82977090e+04
 4.07077833e+04 2.74851859e+04 1.75979972e+04 5.14413111e+04
 4.24387936e+04 3.49118017e+04 2.86378049e+04 2.34242353e+04
 1.91051015e+04 1.55378709e+04 1.26006196e+04 1.01894448e+04
 8.21613141e+03 6.60605922e+03 5.29633907e+03 4.23416064e+03
 3.37533678e+03 2.68302750e+03 2.12662722e+03 1.68079925e+03
 1.32464210e+03 1.04097307e+03 8.15715408e+02 6.37376532e+02
 4.96605705e+02 3.85820741e+02 2.98894325e+02 2.30891529e+02
 1.77851103e+02 1.36603981e+02 1.04623292e+02 7.99008940e+01]",1,0.9917840316747727,,20624439.20468985
65,7204,261779.03,17.352535,17.525637,17.68482,774.53442,774.52668-774.54217,7141530.047983709,567068.5121803284,35,527027.7310303078,92.9,257809.27316175366,45.5,[2.24],"[301.2173, 327.233]",[327.23373],[56.35651],"[17.232535 17.242535 17.252535 17.262535 17.272535 17.282535 17.292535
 17.302535 17.312535 17.322535 17.332535 17.342535 17.352535 17.362434
 17.372662 17.382003 17.39106  17.400384 17.410476 17.420573 17.429942
 17.439138 17.448507 17.458334 17.468353 17.477994 17.487184 17.496691
 17.505975 17.51608  17.525637 17.535194 17.545299 17.554583 17.56409
 17.57328  17.582921 17.59294  17.602767 17.612136 17.621332 17.630701
 17.640798 17.65089  17.660214 17.669271 17.678612 17.68884  17.698739
 17.708739 17.718739 17.728739 17.738739 17.748739 17.758739 17.768739
 17.778739 17.788739 17.798739 17.808739 17.818739]","[9.40759183e+01 1.70853403e+02 3.03779551e+02 5.28789930e+02
 9.01150968e+02 1.50349389e+03 2.45581427e+03 3.92716463e+03
 6.14826295e+03 9.42357076e+03 1.41406149e+04 2.07735554e+04
 2.24153489e+04 3.53263372e+04 5.20296009e+04 7.28327774e+04
 9.80332453e+04 1.27917687e+05 1.62732961e+05 2.02237821e+05
 2.45810828e+05 2.91924406e+05 3.38702380e+05 3.85029562e+05
 4.28115144e+05 4.67012077e+05 5.00757092e+05 5.28411295e+05
 5.48717564e+05 5.61855616e+05 5.67041077e+05 5.61776291e+05
 5.52377379e+05 5.33597911e+05 5.05364408e+05 4.70835962e+05
 4.28810762e+05 3.81064818e+05 3.32455295e+05 2.86383241e+05
 2.42938401e+05 2.01692894e+05 1.61642248e+05 1.26789690e+05
 9.93807872e+04 7.70696861e+04 5.82221402e+04 4.19285725e+04
 2.98774210e+04 2.07735554e+04 1.41406149e+04 9.42357076e+03
 6.14826295e+03 3.92716463e+03 2.45581427e+03 1.50349389e+03
 9.01150968e+02 5.28789930e+02 3.03779551e+02 1.70853403e+02
 9.40759183e+01]",1,0.9994547936591969,,567041.0771333694
66,9574,1376337.1,22.767992,23.203613,24.010082,774.54395,774.5362-774.55169,185045537.1542403,6445955.654747009,130,6443088.303272219,100.0,6151128.29208448,95.4,[0.46],"[301.2173, 327.233]",[327.23285],[100.0],"[21.927144 21.937144 21.947144 21.957144 21.967144 21.977144 21.987144
 21.997144 22.007144 22.017144 22.027144 22.037144 22.047144 22.057144
 22.067144 22.077144 22.087144 22.097144 22.107144 22.117144 22.127144
 22.137144 22.147144 22.157144 22.167144 22.177144 22.187144 22.197144
 22.207144 22.217144 22.227144 22.237144 22.247144 22.257144 22.267144
 22.277144 22.287144 22.297144 22.307144 22.317144 22.327144 22.337144
 22.347144 22.357144 22.367144 22.377144 22.387144 22.397144 22.397144
 22.407253 22.417359 22.426812 22.436475 22.446127 22.455932 22.465868
 22.475473 22.485095 22.494697 22.504477 22.51436  22.523934 22.533588
 22.543225 22.553199 22.563028 22.572437 22.581915 22.591693 22.601612
 22.611467 22.620867 22.630467 22.640426 22.650239 22.660363 22.669868
 22.679448 22.689407 22.69963  22.709589 22.719203 22.728747 22.738181
 22.748229 22.758343 22.767858 22.777303 22.787253 22.797232 22.807193
 22.816965 22.826444 22.835885 22.845726 22.855221 22.865003 22.874427
 22.883664 22.893262 22.903135 22.912657 22.921847 22.931235 22.940756
 22.950543 22.959862 22.969176 22.978445 22.987848 22.997585 23.007172
 23.016425 23.025624 23.03486  23.044612 23.054373 23.063601 23.072671
 23.081986 23.091622 23.101169 23.110225 23.11941  23.128691 23.138271
 23.147675 23.156865 23.166029 23.17533  23.184863 23.194405 23.203613
 23.212821 23.222363 23.231896 23.241197 23.250361 23.259551 23.268955
 23.278535 23.287816 23.297001 23.306057 23.315604 23.32524  23.334555
 23.343625 23.352853 23.362614 23.372366 23.381602 23.390801 23.400054
 23.409641 23.419378 23.428781 23.43805  23.447364 23.456683 23.46647
 23.475991 23.485379 23.494569 23.504091 23.513964 23.523562 23.532799
 23.542223 23.552005 23.5615   23.571341 23.580782 23.590261 23.600033
 23.609994 23.619973 23.629923 23.639368 23.648883 23.658997 23.669045
 23.678479 23.688023 23.697637 23.707596 23.717819 23.727778 23.737358
 23.746863 23.756987 23.7668   23.776759 23.786359 23.795759 23.805614
 23.815533 23.825311 23.834789 23.844198 23.854027 23.864001 23.873638
 23.883292 23.892866 23.902749 23.912529 23.922131 23.931753 23.941358
 23.951294 23.961099 23.970751 23.980414 23.989867 23.999973 24.010082
 24.010082 24.020082 24.030082 24.040082 24.050082 24.060082 24.070082
 24.080082 24.090082 24.100082 24.110082 24.120082 24.130082 24.140082
 24.150082 24.160082 24.170082 24.180082 24.190082 24.200082 24.210082
 24.220082 24.230082 24.240082 24.250082 24.260082 24.270082 24.280082
 24.290082 24.300082 24.310082 24.320082 24.330082 24.340082 24.350082
 24.360082 24.370082 24.380082 24.390082 24.400082 24.410082 24.420082
 24.430082 24.440082 24.450082 24.460082 24.470082 24.480082 24.490082]","[1.15205979e+02 1.35764401e+02 1.59793720e+02 1.87843605e+02
 2.20544397e+02 2.58617884e+02 3.02889339e+02 3.54300961e+02
 4.13926834e+02 4.82989558e+02 5.62878694e+02 6.55171183e+02
 7.61653906e+02 8.84348551e+02 1.02553898e+03 1.18780127e+03
 1.37403662e+03 1.58750732e+03 1.83187601e+03 2.11124835e+03
 2.43021938e+03 2.79392372e+03 3.20808981e+03 3.67909838e+03
 4.21404523e+03 4.82080864e+03 5.50812138e+03 6.28564747e+03
 7.16406383e+03 8.15514678e+03 9.27186343e+03 1.05284679e+04
 1.19406025e+04 1.35254029e+04 1.53016087e+04 1.72896770e+04
 1.95119006e+04 2.19925294e+04 2.47578938e+04 2.78365314e+04
 3.12593146e+04 3.50595786e+04 3.92732500e+04 4.39389728e+04
 4.90982335e+04 5.47954809e+04 6.10782419e+04 6.79972300e+04
 6.79972300e+04 7.56933979e+04 8.41515932e+04 9.28106026e+04
 1.02466457e+05 1.12983823e+05 1.24626717e+05 1.37482806e+05
 1.50994525e+05 1.65672054e+05 1.81533953e+05 1.99018543e+05
 2.18136301e+05 2.38131387e+05 2.59851432e+05 2.83183266e+05
 3.09165217e+05 3.36695052e+05 3.64933507e+05 3.95336144e+05
 4.28858157e+05 4.65206601e+05 5.03763581e+05 5.42906480e+05
 5.85362515e+05 6.32156395e+05 6.81104080e+05 7.34660824e+05
 7.87860460e+05 8.44423504e+05 9.06441958e+05 9.73602211e+05
 1.04251359e+06 1.11236596e+06 1.18499783e+06 1.26005650e+06
 1.34360846e+06 1.43149876e+06 1.51767191e+06 1.60656072e+06
 1.70380477e+06 1.80502342e+06 1.90970925e+06 2.01590126e+06
 2.12215228e+06 2.23107782e+06 2.34781746e+06 2.46344087e+06
 2.58550050e+06 2.70577952e+06 2.82608640e+06 2.95346186e+06
 3.08680803e+06 3.21743744e+06 3.34519304e+06 3.47718854e+06
 3.61235090e+06 3.75238043e+06 3.88647462e+06 4.02096760e+06
 4.15500326e+06 4.29088177e+06 4.43116228e+06 4.56852525e+06
 4.70007027e+06 4.82953031e+06 4.95787605e+06 5.09126318e+06
 5.22221301e+06 5.34331530e+06 5.45947482e+06 5.57549366e+06
 5.69167507e+06 5.80259594e+06 5.90365608e+06 6.00173279e+06
 6.09602598e+06 6.18799339e+06 6.27269224e+06 6.34987060e+06
 6.42109450e+06 6.48730713e+06 6.54860555e+06 6.60310602e+06
 6.44414439e+06 6.44191192e+06 6.43323933e+06 6.41545298e+06
 6.38877648e+06 6.34586926e+06 6.28803606e+06 6.21366226e+06
 6.12586322e+06 6.03045245e+06 5.93178807e+06 5.83598824e+06
 5.74723688e+06 5.66156292e+06 5.57413518e+06 5.47932338e+06
 5.37664565e+06 5.26454418e+06 5.14495755e+06 5.01319171e+06
 4.86910254e+06 4.71461459e+06 4.55025816e+06 4.38207607e+06
 4.21072971e+06 4.03896055e+06 3.86860597e+06 3.69960053e+06
 3.53609278e+06 3.37693323e+06 3.22380525e+06 3.07342676e+06
 2.92679492e+06 2.78498060e+06 2.64999807e+06 2.52221194e+06
 2.40396040e+06 2.29566810e+06 2.19415597e+06 2.09902671e+06
 2.00617717e+06 1.91250438e+06 1.81668663e+06 1.71830751e+06
 1.62009960e+06 1.52398275e+06 1.43506165e+06 1.35534386e+06
 1.28489380e+06 1.22367542e+06 1.17009146e+06 1.11977676e+06
 1.07056479e+06 1.01998666e+06 9.66981708e+05 9.11847128e+05
 8.56480286e+05 8.03589243e+05 7.53584389e+05 7.07917057e+05
 6.66646058e+05 6.29528896e+05 5.96104882e+05 5.66904998e+05
 5.41024685e+05 5.17917050e+05 4.97315104e+05 4.78514043e+05
 4.60692720e+05 4.43837908e+05 4.27770453e+05 4.12461879e+05
 3.98397164e+05 3.86119501e+05 3.75726970e+05 3.66302118e+05
 3.57578332e+05 3.48515564e+05 3.38408335e+05 3.27358926e+05
 3.15673811e+05 3.04557099e+05 2.94977330e+05 2.87192908e+05
 2.81434101e+05 6.79972300e+04 6.10782419e+04 5.47954809e+04
 4.90982335e+04 4.39389728e+04 3.92732500e+04 3.50595786e+04
 3.12593146e+04 2.78365314e+04 2.47578938e+04 2.19925294e+04
 1.95119006e+04 1.72896770e+04 1.53016087e+04 1.35254029e+04
 1.19406025e+04 1.05284679e+04 9.27186343e+03 8.15514678e+03
 7.16406383e+03 6.28564747e+03 5.50812138e+03 4.82080864e+03
 4.21404523e+03 3.67909838e+03 3.20808981e+03 2.79392372e+03
 2.43021938e+03 2.11124835e+03 1.83187601e+03 1.58750732e+03
 1.37403662e+03 1.18780127e+03 1.02553898e+03 8.84348551e+02
 7.61653906e+02 6.55171183e+02 5.62878694e+02 4.82989558e+02
 4.13926834e+02 3.54300961e+02 3.02889339e+02 2.58617884e+02
 2.20544397e+02 1.87843605e+02 1.59793720e+02 1.35764401e+02
 1.15205979e+02 9.76398352e+01]",1,0.9964000072430305,,6603106.021227637
67,9852,543538.12,23.590261,23.912529,24.808895,774.56586,774.55811-774.5736,20585288.948969923,920456.1694030762,121,920480.3147705167,100.0,918906.5735522585,99.8,[0.83],"[301.2173, 327.233]",[327.23273],[35.81351],"[23.439994 23.449994 23.459994 23.469994 23.479994 23.489994 23.499994
 23.509994 23.519994 23.529994 23.539994 23.549994 23.559994 23.569994
 23.579994 23.589994 23.599994 23.609994 23.619973 23.629923 23.639368
 23.648883 23.658997 23.669045 23.678479 23.688023 23.697637 23.707596
 23.717819 23.727778 23.737358 23.746863 23.756987 23.7668   23.776759
 23.786359 23.795759 23.805614 23.815533 23.825311 23.834789 23.844198
 23.854027 23.864001 23.873638 23.883292 23.892866 23.902749 23.912529
 23.922309 23.932192 23.941766 23.95142  23.961057 23.971031 23.98086
 23.990269 23.999747 24.009525 24.019444 24.029299 24.038699 24.048299
 24.058258 24.068071 24.078195 24.0877   24.09728  24.107239 24.117462
 24.127421 24.137035 24.146579 24.156013 24.166061 24.176175 24.18569
 24.195135 24.205085 24.215064 24.225064 24.235064 24.245064 24.255064
 24.265064 24.275064 24.285064 24.295064 24.305064 24.315064 24.325064
 24.335064 24.345064 24.355064 24.365064 24.375064 24.385064]","[9.36823498e+01 1.39940492e+02 2.07172980e+02 3.03967340e+02
 4.42002606e+02 6.36981519e+02 9.09772761e+02 1.28778429e+03
 1.80658088e+03 2.51174643e+03 3.46097349e+03 4.72633876e+03
 6.39669312e+03 8.58005913e+03 1.14058890e+04 1.50269934e+04
 1.96209101e+04 9.90715716e+02 3.22730650e+03 7.92888819e+03
 1.63265749e+04 2.96013209e+04 4.85645923e+04 7.33126792e+04
 1.02603030e+05 1.34823305e+05 1.68814000e+05 2.04082906e+05
 2.40878254e+05 2.80064309e+05 3.21952304e+05 3.66264460e+05
 4.13028666e+05 4.61847132e+05 5.11511518e+05 5.61261650e+05
 6.09676664e+05 6.55372048e+05 6.97625745e+05 7.35543339e+05
 7.69616257e+05 8.00563812e+05 8.28702792e+05 8.54520268e+05
 8.76817981e+05 8.95722720e+05 9.09792648e+05 9.17812988e+05
 9.20480315e+05 9.02748331e+05 9.07126846e+05 9.03805489e+05
 8.93002532e+05 8.75020474e+05 8.49306810e+05 8.17537625e+05
 7.81866098e+05 7.41528554e+05 6.96189593e+05 6.47330776e+05
 5.96942986e+05 5.48073215e+05 4.98198020e+05 4.47323260e+05
 3.98792797e+05 3.51043304e+05 3.08834747e+05 2.69209949e+05
 2.31369601e+05 1.96226923e+05 1.65631643e+05 1.39448116e+05
 1.16590831e+05 9.69001953e+04 7.88756371e+04 6.35333523e+04
 5.14027223e+04 4.13198819e+04 3.25463807e+04 2.53904439e+04
 1.96209101e+04 1.50269934e+04 1.14058890e+04 8.58005913e+03
 6.39669312e+03 4.72633876e+03 3.46097349e+03 2.51174643e+03
 1.80658088e+03 1.28778429e+03 9.09772761e+02 6.36981519e+02
 4.42002606e+02 3.03967340e+02 2.07172980e+02 1.39940492e+02
 9.36823498e+01]",1,0.9968438229128128,,920480.3147705167
68,7380,271571.56,17.468353,17.958166,18.404016,776.52356,776.51579-776.53132,15831416.761685455,1003934.2701339722,77,1003044.9702252403,99.9,958387.0439183059,95.5,[2.28],"[301.2173, 327.233]",[301.21799],[100.0],"[17.595257 17.605257 17.615257 17.625257 17.635257 17.645257 17.655257
 17.665257 17.675257 17.68482  17.694299 17.703732 17.712972 17.722029
 17.731276 17.740542 17.750109 17.759377 17.768454 17.777656 17.78693
 17.796754 17.806234 17.815327 17.824539 17.834184 17.843717 17.853083
 17.862657 17.871926 17.88151  17.891433 17.901185 17.910434 17.919888
 17.929222 17.93912  17.94887  17.958166 17.967462 17.977212 17.98711
 17.996444 18.005898 18.015147 18.024899 18.034822 18.044406 18.053675
 18.063249 18.072615 18.082148 18.091793 18.101005 18.110098 18.119578
 18.129402 18.138676 18.147878 18.156955 18.166223 18.17579  18.185056
 18.194303 18.20336  18.2126   18.222033 18.231512 18.241075 18.251075
 18.261075 18.271075 18.281075 18.291075 18.301075 18.311075 18.321075]","[7.59877911e+01 1.28624085e+02 2.14475561e+02 3.52298149e+02
 5.70059184e+02 9.08670790e+02 1.42682340e+03 2.20704361e+03
 2.54540261e+02 5.63543842e+02 1.57025739e+03 3.34204040e+03
 6.45111977e+03 1.14296298e+04 1.87291979e+04 2.87613092e+04
 4.20057146e+04 5.88937874e+04 7.95038360e+04 1.04491307e+05
 1.34315553e+05 1.69141793e+05 2.09941909e+05 2.56200429e+05
 3.08486820e+05 3.65544428e+05 4.27528354e+05 4.93114974e+05
 5.61126069e+05 6.30674680e+05 6.99793286e+05 7.66675451e+05
 8.29044979e+05 8.84445620e+05 9.30469886e+05 9.66162928e+05
 9.90407380e+05 1.00259095e+06 1.00304497e+06 1.00156373e+06
 9.91809288e+05 9.67766172e+05 9.32964802e+05 8.87079409e+05
 8.33475489e+05 7.69675299e+05 6.99436451e+05 6.28798156e+05
 5.59879482e+05 4.89931153e+05 4.24276667e+05 3.61553914e+05
 3.03282892e+05 2.53095099e+05 2.09076776e+05 1.69065010e+05
 1.33742358e+05 1.05780619e+05 8.27540030e+04 6.41517936e+04
 4.88378487e+04 3.63584855e+04 2.69646918e+04 1.97545888e+04
 1.43850095e+04 1.02767281e+04 7.19455608e+03 4.96079467e+03
 3.36301374e+03 2.20704361e+03 1.42682340e+03 9.08670790e+02
 5.70059184e+02 3.52298149e+02 2.14475561e+02 1.28624085e+02
 7.59877911e+01]",1,0.999856625118531,,1003044.9702252403
69,5040,357527.19,11.943727,12.298871,12.57252,780.51996,780.51215-780.52776,19652031.41545052,1343811.3240356445,64,1321749.282406282,98.4,1150389.119285471,85.6,[3.19],"[301.2173, 327.233]",[301.21826],[100.0],"[11.923727 11.933727 11.943727 11.953504 11.963198 11.972325 11.982002
 11.991217 12.001246 12.011077 12.020131 12.030218 12.039585 12.049958
 12.059847 12.06916  12.079548 12.08905  12.099517 12.109431 12.119524
 12.129715 12.139358 12.149919 12.159659 12.169611 12.179641 12.189316
 12.199572 12.209179 12.219297 12.229422 12.239119 12.24904  12.259048
 12.268879 12.278971 12.288617 12.298871 12.309125 12.318771 12.328863
 12.338694 12.348702 12.358623 12.36832  12.378445 12.388563 12.39817
 12.408426 12.418101 12.428131 12.438083 12.447823 12.458384 12.468027
 12.478218 12.488311 12.498225 12.508692 12.518194 12.528582 12.537895
 12.547784 12.558157 12.567524 12.577611 12.586665 12.596496 12.606525
 12.61574  12.625417 12.634544 12.644238 12.654015 12.664015 12.674015]","[6.05741311e+01 1.02206426e+02 2.33733179e+04 2.29734973e+04
 2.31939325e+04 2.41896402e+04 2.61543870e+04 2.90325352e+04
 3.26587118e+04 3.67239080e+04 4.09632358e+04 4.51479748e+04
 4.92224827e+04 5.34224422e+04 5.83107803e+04 6.39790172e+04
 7.13220549e+04 8.09651156e+04 9.37730836e+04 1.11329462e+05
 1.34608362e+05 1.65011060e+05 2.04102693e+05 2.52934726e+05
 3.12413786e+05 3.82753578e+05 4.62929681e+05 5.51644578e+05
 6.47219621e+05 7.46679821e+05 8.47809074e+05 9.47500546e+05
 1.04192418e+06 1.12766707e+06 1.20164862e+06 1.26201305e+06
 1.30628033e+06 1.33392959e+06 1.34386521e+06 1.33948131e+06
 1.30762844e+06 1.25741870e+06 1.19384494e+06 1.11676326e+06
 1.03086675e+06 9.40660400e+05 8.42933367e+05 7.44640058e+05
 6.53199178e+05 5.59879280e+05 4.77596291e+05 3.99459718e+05
 3.29936041e+05 2.69967819e+05 2.13953255e+05 1.70674531e+05
 1.32520352e+05 1.01675375e+05 7.72941514e+04 5.70080809e+04
 4.26711481e+04 3.06412894e+04 2.24788336e+04 1.59637331e+04
 1.09854236e+04 7.73762512e+03 5.23263379e+03 3.63873998e+03
 2.42094972e+03 1.57539012e+03 1.04841399e+03 6.74902239e+02
 4.40141502e+02 2.75963706e+02 1.70049692e+02 1.02206426e+02
 6.05741311e+01]",1,0.9978735403125004,,1343865.214577469
70,5446,1054825.8,12.985166,13.288596,13.841959,780.52039,780.51258-780.52819,46830987.48522277,3845806.250228882,90,3752355.5029050917,97.6,3811023.329642447,99.1,[2.08],"[301.2173, 327.233]",[301.21793],[100.0],"[12.585233 12.595233 12.605233 12.615233 12.625233 12.635233 12.645233
 12.655233 12.665233 12.675233 12.685233 12.695233 12.705233 12.715233
 12.725233 12.735233 12.735233 12.74441  12.753922 12.76354  12.773093
 12.782448 12.791676 12.801164 12.810508 12.819961 12.829852 12.839113
 12.848397 12.85758  12.867246 12.876713 12.886142 12.895335 12.904721
 12.914398 12.924159 12.933538 12.942753 12.952127 12.961845 12.97116
 12.981071 12.99019  12.999955 13.009741 13.019761 13.02931  13.038428
 13.048026 13.057328 13.067041 13.076446 13.085441 13.095203 13.104705
 13.114371 13.12421  13.133456 13.143365 13.153271 13.162952 13.173103
 13.182617 13.192623 13.202845 13.212192 13.222028 13.231476 13.240928
 13.251237 13.260537 13.270177 13.279473 13.288596 13.297719 13.307015
 13.316655 13.325955 13.336264 13.345716 13.355164 13.365    13.374347
 13.384569 13.394575 13.404089 13.41424  13.423921 13.433827 13.443736
 13.452982 13.462821 13.472487 13.481989 13.491751 13.500746 13.510151
 13.519864 13.529166 13.538764 13.547882 13.557431 13.567451 13.577237
 13.587002 13.596121 13.606032 13.615347 13.625065 13.634439 13.643654
 13.653033 13.662794 13.672471 13.681857 13.69105  13.700479 13.709946
 13.719612 13.728795 13.738079 13.74734  13.757231 13.766684 13.776028
 13.785516 13.794744 13.804099 13.813652 13.82327  13.832782 13.841959
 13.841959 13.851959 13.861959 13.871959 13.881959 13.891959 13.901959
 13.911959 13.921959 13.931959 13.941959 13.951959 13.961959 13.971959
 13.981959 13.991959 14.001959]","[1.14199296e+02 1.41075748e+02 1.73967865e+02 2.14147713e+02
 2.63139222e+02 3.22764283e+02 3.95196501e+02 4.83023709e+02
 5.89320493e+02 7.17732109e+02 8.72571341e+02 1.05893000e+03
 1.28280693e+03 1.55125458e+03 1.87254643e+03 2.25636758e+03
 2.25636758e+03 2.67327192e+03 3.18183701e+03 3.78830668e+03
 4.49772730e+03 5.31267181e+03 6.25156736e+03 7.37854045e+03
 8.67321436e+03 1.01981783e+04 1.20610638e+04 1.40903833e+04
 1.64423133e+04 1.91257685e+04 2.23884837e+04 2.60809104e+04
 3.03156388e+04 3.50521103e+04 4.05893318e+04 4.71381125e+04
 5.47222230e+04 6.30560084e+04 7.23687597e+04 8.31256740e+04
 9.58101249e+04 1.09608787e+05 1.26264813e+05 1.43595138e+05
 1.64528861e+05 1.88249045e+05 2.15702800e+05 2.45176086e+05
 2.76651268e+05 3.13656985e+05 3.53685259e+05 4.00286115e+05
 4.50531623e+05 5.03735090e+05 5.67682765e+05 6.36678260e+05
 7.14296772e+05 8.01660492e+05 8.92073527e+05 9.98632826e+05
 1.11593336e+06 1.24177515e+06 1.38651069e+06 1.53488715e+06
 1.70513514e+06 1.89508590e+06 2.08384903e+06 2.29896532e+06
 2.52238878e+06 2.76324179e+06 3.04670384e+06 3.32189873e+06
 3.62752617e+06 3.94267519e+06 3.84334832e+06 3.82575544e+06
 3.72937120e+06 3.55976816e+06 3.33067530e+06 3.05572741e+06
 2.75361213e+06 2.44344008e+06 2.14142651e+06 1.85943512e+06
 1.60548025e+06 1.38452233e+06 1.19611941e+06 1.03968497e+06
 9.11190555e+05 8.06380430e+05 7.21103570e+05 6.51532864e+05
 5.95291997e+05 5.49041671e+05 5.10260397e+05 4.77084296e+05
 4.48459475e+05 4.23834210e+05 4.02318586e+05 3.83030468e+05
 3.65119800e+05 3.48079496e+05 3.30651773e+05 3.12830770e+05
 2.94022073e+05 2.74755591e+05 2.55599535e+05 2.37306257e+05
 2.20897400e+05 2.06530702e+05 1.94104573e+05 1.82861993e+05
 1.71837542e+05 1.60787021e+05 1.49314667e+05 1.37924953e+05
 1.27026959e+05 1.16913454e+05 1.07642545e+05 9.87507887e+04
 8.99623511e+04 8.09319252e+04 7.21815666e+04 6.37446310e+04
 5.62665794e+04 4.97762457e+04 4.43404753e+04 3.99142806e+04
 3.62407585e+04 3.32742629e+04 3.08410987e+04 2.89172247e+04
 2.74166013e+04 2.25636758e+03 1.87254643e+03 1.55125458e+03
 1.28280693e+03 1.05893000e+03 8.72571341e+02 7.17732109e+02
 5.89320493e+02 4.83023709e+02 3.95196501e+02 3.22764283e+02
 2.63139222e+02 2.14147713e+02 1.73967865e+02 1.41075748e+02
 1.14199296e+02 9.22788620e+01]",1,0.9852042526353331,,3942675.189611968
71,2194,3712477.0,4.9106098,5.1410745,6.8094051,782.47711,782.46929-782.48494,154374433.16976464,8577537.361133575,188,7751666.340860405,90.4,8544898.797681022,99.6,"[1.97, 6.71]","[301.2173, 327.233]","[301.21671, 327.2308]","[35.11599, 3.38321]","[4.0387923 4.0490997 4.0589665 4.0690368 4.0791023 4.0886878 4.0989309
 4.109219  4.1192285 4.129403  4.1396113 4.1502249 4.1604853 4.1706118
 4.1810723 4.1914277 4.2019815 4.2122035 4.2224628 4.2330889 4.2431007
 4.2534653 4.2638414 4.2740384 4.2842903 4.2943259 4.304419  4.3147581
 4.3242924 4.3342753 4.3442897 4.3543572 4.364516  4.3738977 4.3836822
 4.3938882 4.4035466 4.4137897 4.4234248 4.4336986 4.4438452 4.4535676
 4.4640229 4.4743685 4.4848509 4.4951816 4.5053028 4.5154312 4.5257587
 4.5364786 4.5469024 4.5575986 4.5687295 4.5787952 4.5894424 4.5993015
 4.6099561 4.6207519 4.6311064 4.6415274 4.6516633 4.6614774 4.6717508
 4.6820926 4.6919129 4.7018239 4.7116045 4.7221223 4.7325754 4.742464
 4.7526811 4.7627644 4.7735661 4.7842953 4.7944237 4.804805  4.8157313
 4.8262083 4.8368858 4.8473332 4.85755   4.8683432 4.8784457 4.8891671
 4.8996103 4.9097696 4.9203186 4.9300542 4.9405864 4.9504957 4.9602279
 4.970364  4.9799321 4.9897432 4.9990334 5.0083561 5.0183412 5.0276904
 5.0369537 5.0464129 5.0557594 5.0652828 5.0747088 5.0839745 5.0933967
 5.1034542 5.1127416 5.1221427 5.1315745 5.1410745 5.1505745 5.1600063
 5.1694074 5.1786948 5.1887523 5.1981745 5.2074402 5.2168662 5.2263896
 5.2357361 5.2451953 5.2544586 5.2638078 5.2737929 5.2831156 5.2924058
 5.3022169 5.311785  5.3219211 5.3316533 5.3415626 5.3520948 5.3618304
 5.3723794 5.3825387 5.3929819 5.4037033 5.4138058 5.424599  5.4348158
 5.4452632 5.4559407 5.4664177 5.477344  5.4877253 5.4978537 5.5085829
 5.5193846 5.5294679 5.539685  5.5495736 5.5600267 5.5705445 5.5803251
 5.5902361 5.6000564 5.6103982 5.6206716 5.6304857 5.6406216 5.6510426
 5.6613971 5.6721929 5.6828475 5.6927066 5.7033538 5.7134195 5.7245504
 5.7352466 5.7456704 5.7563903 5.7667178 5.7768462 5.7869674 5.7972981
 5.8077805 5.8181261 5.8285814 5.8383038 5.8484504 5.8587242 5.8683593
 5.8786024 5.8882608 5.8984668 5.9082513 5.917633  5.9277918 5.9378593
 5.9478737 5.9578566 5.9673909 5.97773   5.9878231 5.9978587 6.0081106
 6.0183076 6.0286837 6.0390483 6.0490601 6.0596862 6.0699455 6.0801675
 6.0907213 6.1010767 6.1115372 6.1216637 6.1319241 6.1425377 6.152746
 6.1629205 6.17293   6.1832181 6.1934612 6.2030467 6.2131122 6.2231825
 6.2330493 6.2433567 6.2531377 6.2630044 6.2729754 6.2828044 6.2931976
 6.3033342 6.3129526 6.3230794 6.3330747 6.3437817 6.354078  6.3638609
 6.3741067 6.3847255 6.3953768 6.4057598 6.4156024 6.4258672 6.4365435
 6.4471196 6.4574973 6.4672763 6.4775035 6.4883702 6.4990943 6.5093827
 6.519231  6.5295534 6.5403492 6.5510065 6.5608201 6.5709873 6.5819623
 6.5927255 6.6034269 6.6138797 6.6247089 6.6350863 6.645761  6.6566473
 6.6663655 6.6768047 6.6875962 6.6981852 6.7085369 6.7180181 6.7281051
 6.7387805 6.7491352 6.7590989 6.768578  6.7785703 6.789043  6.7994706
 6.8094051]","[1.15314438e+02 1.34971680e+02 1.56777361e+02 1.82501266e+02
 2.12233315e+02 2.44827670e+02 2.84944204e+02 3.31534129e+02
 3.83805572e+02 4.44973024e+02 5.15650321e+02 6.00452816e+02
 6.94985467e+02 8.02108289e+02 9.29212564e+02 1.07380707e+03
 1.24308729e+03 1.43105246e+03 1.64669970e+03 1.90244010e+03
 2.17756835e+03 2.50195422e+03 2.87227151e+03 3.28639191e+03
 3.75933369e+03 4.28415514e+03 4.88135410e+03 5.57412002e+03
 6.29431930e+03 7.14194379e+03 8.09950763e+03 9.18307512e+03
 1.04136553e+04 1.16862610e+04 1.31681434e+04 1.49005053e+04
 1.67346093e+04 1.89093417e+04 2.11936859e+04 2.39118269e+04
 2.69127314e+04 3.01142269e+04 3.39504459e+04 3.81895507e+04
 4.29818142e+04 4.82451863e+04 5.39751462e+04 6.03337222e+04
 6.75237714e+04 7.58162042e+04 8.47694171e+04 9.49584355e+04
 1.06745035e+05 1.18542576e+05 1.32309853e+05 1.46344216e+05
 1.63025917e+05 1.81676231e+05 2.01363505e+05 2.23110216e+05
 2.46277610e+05 2.70756268e+05 2.98708339e+05 3.29439686e+05
 3.61215043e+05 3.96037084e+05 4.33307944e+05 4.76844380e+05
 5.23919536e+05 5.72195022e+05 6.26161462e+05 6.83767695e+05
 7.50593858e+05 8.22564246e+05 8.95957634e+05 9.77030536e+05
 1.06915441e+06 1.16444033e+06 1.26897776e+06 1.37894485e+06
 1.49424877e+06 1.62485708e+06 1.75573259e+06 1.90422495e+06
 2.05884322e+06 2.21916702e+06 2.39646518e+06 2.57030864e+06
 2.76989396e+06 2.96904661e+06 3.17578800e+06 3.40328583e+06
 3.62983052e+06 3.87441951e+06 4.11784624e+06 4.37402047e+06
 4.66197672e+06 4.94465754e+06 5.23750279e+06 5.54993972e+06
 5.87222392e+06 6.21474404e+06 6.56805169e+06 6.92941842e+06
 7.31138093e+06 7.73540910e+06 8.14207013e+06 8.56858495e+06
 9.01160690e+06 8.57524573e+06 8.55524016e+06 8.46253399e+06
 8.29927760e+06 8.07351012e+06 7.78869176e+06 7.45446049e+06
 7.07918840e+06 6.67259137e+06 6.24949238e+06 5.82323449e+06
 5.40707634e+06 5.01411126e+06 4.64809197e+06 4.30592257e+06
 3.98860861e+06 3.69210524e+06 3.41299113e+06 3.15233513e+06
 2.90710526e+06 2.67938110e+06 2.46760143e+06 2.27184319e+06
 2.09303481e+06 1.92986518e+06 1.78367191e+06 1.65305487e+06
 1.53666228e+06 1.43464123e+06 1.34543744e+06 1.26628291e+06
 1.19486162e+06 1.12960000e+06 1.06905719e+06 1.01238418e+06
 9.58410706e+05 9.06888405e+05 8.57162062e+05 8.09158692e+05
 7.62790673e+05 7.19395622e+05 6.78559063e+05 6.40423273e+05
 6.04749135e+05 5.71712460e+05 5.41166914e+05 5.13309126e+05
 4.88326970e+05 4.66078290e+05 4.46214852e+05 4.28234214e+05
 4.10895656e+05 3.93804126e+05 3.76846630e+05 3.60306309e+05
 3.44639976e+05 3.30490430e+05 3.17641756e+05 3.06041308e+05
 2.95155251e+05 2.84809580e+05 2.75109824e+05 2.66072238e+05
 2.57525923e+05 2.49374493e+05 2.41855036e+05 2.34983210e+05
 2.28418293e+05 2.22071286e+05 2.15750984e+05 2.09537607e+05
 2.03177950e+05 1.97178951e+05 1.91373704e+05 1.85660276e+05
 1.79863714e+05 1.73934177e+05 1.68080966e+05 1.62746454e+05
 1.58103715e+05 1.54171622e+05 1.50647198e+05 1.47479195e+05
 1.44403300e+05 1.41231547e+05 1.37886485e+05 1.34559889e+05
 1.30799097e+05 1.26756202e+05 1.22436763e+05 1.17812183e+05
 1.13194210e+05 1.08543363e+05 1.04184511e+05 1.00281993e+05
 9.68528467e+04 9.41758305e+04 9.18932878e+04 8.98580694e+04
 8.79477928e+04 8.59836933e+04 8.41751232e+04 8.27822988e+04
 8.19157935e+04 8.14332084e+04 8.11045634e+04 8.05241172e+04
 7.96005996e+04 7.81837386e+04 7.66155234e+04 7.49278287e+04
 7.31128329e+04 7.13395631e+04 6.96613437e+04 6.80484008e+04
 6.65407054e+04 6.49287838e+04 6.32230024e+04 6.13359583e+04
 5.93733868e+04 5.75140615e+04 5.57215729e+04 5.42280495e+04
 5.30119393e+04 5.20265647e+04 5.13091328e+04 5.07546491e+04
 5.02218380e+04 4.98040349e+04 4.93237532e+04 4.88861322e+04
 4.83789689e+04 4.77778162e+04 4.70501352e+04 4.62756257e+04
 4.54145643e+04 4.47887033e+04 4.41875201e+04 4.36650315e+04
 4.31841616e+04 4.26832317e+04 4.21410322e+04 4.15750131e+04
 4.09217914e+04 4.01989309e+04 3.93692752e+04 3.86248566e+04
 3.77748640e+04 3.70078155e+04 3.62323400e+04 3.53960504e+04
 3.44174407e+04 3.34663044e+04 3.26064838e+04 3.19596418e+04
 3.15266632e+04 3.13170840e+04 3.12612682e+04 3.12308139e+04
 3.11493275e+04 3.08821350e+04 3.04075054e+04 2.98485988e+04
 2.91812794e+04 2.85601705e+04]",1,0.9921325204598703,,9011606.8985425
72,2048,349207.56,4.4903656,4.7998168,4.9106098,782.4776,782.46978-782.48542,14481107.468512652,1262671.766228199,41,1262815.6161172206,100.0,439236.22351715865,34.8,[2.08],"[301.2173, 327.233]",[301.21793],[100.0],"[4.4494355 4.4594355 4.4694355 4.4794355 4.4894355 4.4994355 4.5094355
 4.5189041 4.528374  4.537888  4.5477355 4.5573633 4.5667546 4.5761223
 4.5855338 4.5951219 4.6048677 4.6142505 4.6236098 4.6331494 4.6427501
 4.6524431 4.6620689 4.6716568 4.6813181 4.6914181 4.7012827 4.7110532
 4.7210115 4.7308208 4.7407053 4.7508603 4.7607765 4.7705098 4.7801869
 4.789896  4.7998168 4.8097376 4.8194467 4.8291238 4.8388571 4.8487733
 4.8589283 4.8688128 4.8786221 4.8885804 4.8983509 4.9082155 4.9183155
 4.9279768 4.9375647 4.9471905 4.9568835 4.9664842 4.9760238 4.9853831
 4.9947659 5.0045117 5.0140998 5.0235113 5.032879  5.0422703 5.0518981
 5.0617456 5.0712596 5.0807295 5.0901981 5.1001981 5.1101981 5.1201981
 5.1301981 5.1401981 5.1501981]","[5.91310515e+01 1.03995747e+02 1.79914509e+02 3.06173377e+02
 5.12529997e+02 8.43959842e+02 6.39506233e+01 2.24573805e+02
 5.91056535e+02 1.35138549e+03 2.77805657e+03 5.10207335e+03
 8.85066100e+03 1.44694031e+04 2.26427577e+04 3.41595249e+04
 4.98865215e+04 7.09226437e+04 9.83166252e+04 1.32876956e+05
 1.75337389e+05 2.25656505e+05 2.84088020e+05 3.50304162e+05
 4.23990168e+05 5.04606159e+05 5.91140431e+05 6.82485855e+05
 7.76796427e+05 8.71870921e+05 9.64161541e+05 1.04933453e+06
 1.12407430e+06 1.18452243e+06 1.22880059e+06 1.25492808e+06
 1.26281562e+06 1.25334979e+06 1.22883017e+06 1.18640654e+06
 1.12754278e+06 1.05354239e+06 9.66440257e+05 8.74209528e+05
 7.78900156e+05 6.81631579e+05 5.88599056e+05 4.99518685e+05
 4.15312651e+05 3.42654404e+05 2.78852523e+05 2.23320115e+05
 1.75838486e+05 1.36668076e+05 1.04806861e+05 7.96101028e+04
 5.95608105e+04 4.33924329e+04 3.12943909e+04 2.23738861e+04
 1.57908686e+04 1.09746779e+04 7.44479271e+03 4.92733223e+03
 3.25729109e+03 2.12572998e+03 1.36702011e+03 8.43959842e+02
 5.12529997e+02 3.06173377e+02 1.79914509e+02 1.03995747e+02
 5.91310515e+01]",1,0.9998701882409654,,1262815.6161172206
73,4758,8169521.5,11.402431,11.643085,12.592088,782.47784,782.47002-782.48567,397512407.8723451,33535215.529052734,120,33459067.416762855,99.8,33437084.919025354,99.7,[2.99],"[301.2173, 327.233]",[301.2182],[100.0],"[10.907213 10.917693 10.927509 10.937481 10.947763 10.957641 10.967625
 10.977378 10.987299 10.997553 11.007199 11.017291 11.027122 11.03713
 11.047051 11.056748 11.066873 11.076991 11.086598 11.096854 11.106529
 11.116559 11.126511 11.136251 11.146812 11.156455 11.166646 11.176739
 11.186653 11.19712  11.206622 11.21701  11.226323 11.236212 11.246585
 11.255952 11.266039 11.275093 11.284924 11.294953 11.304168 11.313845
 11.322972 11.332666 11.342443 11.351658 11.360897 11.370128 11.380103
 11.389957 11.399196 11.408351 11.417641 11.427245 11.437428 11.447003
 11.456678 11.466172 11.476442 11.486252 11.495888 11.505936 11.515574
 11.525801 11.535383 11.545125 11.555529 11.56502  11.574758 11.584511
 11.594536 11.60415  11.613731 11.623615 11.633153 11.643085 11.653017
 11.662555 11.672439 11.68202  11.691634 11.701659 11.711412 11.72115
 11.730641 11.741045 11.750787 11.760369 11.770596 11.780234 11.790282
 11.799918 11.809728 11.819998 11.829492 11.839167 11.848742 11.858925
 11.868529 11.877819 11.886974 11.896213 11.906067 11.916042 11.925273
 11.934512 11.943727 11.953504 11.963198 11.972325 11.982002 11.991217
 12.001246 12.011077 12.020131 12.030218 12.039585 12.049958 12.059847
 12.06916  12.079548 12.08905  12.099517 12.109431 12.119524 12.129715
 12.139358 12.149919 12.159659 12.169611 12.179641 12.189316 12.199572
 12.209179 12.219297 12.229422 12.239119 12.24904  12.259048 12.268879
 12.278971 12.288617 12.298871 12.308792 12.318545 12.328529 12.338407
 12.348689 12.358661 12.368477 12.378957 12.388922 12.399    12.408975
 12.418642 12.428951 12.438829 12.448546 12.458384 12.467535 12.477113
 12.48679  12.496713 12.506051 12.515106 12.524668 12.5343   12.543988
 12.553495 12.562929 12.57252  12.582015 12.592088]","[1.01453333e+02 1.36484417e+02 1.79653257e+02 2.36806319e+02
 3.13847402e+02 4.10142613e+02 5.35921706e+02 6.93938568e+02
 8.99905926e+02 1.17356953e+03 1.50219997e+03 1.93910478e+03
 2.47928429e+03 3.17449218e+03 4.04385746e+03 5.10857403e+03
 6.50086241e+03 8.24575182e+03 1.03046941e+04 1.30330835e+04
 1.62188125e+04 2.02853731e+04 2.52517026e+04 3.11973598e+04
 3.91095647e+04 4.79337021e+04 5.92513438e+04 7.28670443e+04
 8.90171302e+04 1.09615094e+05 1.32035890e+05 1.61323759e+05
 1.92531059e+05 2.31638873e+05 2.80335480e+05 3.32122800e+05
 3.97461194e+05 4.65768137e+05 5.51748614e+05 6.53870518e+05
 7.62248303e+05 8.92986125e+05 1.03410127e+06 1.20516497e+06
 1.40234232e+06 1.61337070e+06 1.85207131e+06 2.12038249e+06
 2.44710907e+06 2.81099107e+06 3.19267203e+06 3.61280898e+06
 4.08513734e+06 4.62578129e+06 5.26138253e+06 5.92159597e+06
 6.65419770e+06 7.44071403e+06 8.37089083e+06 9.34004543e+06
 1.03718645e+07 1.15349789e+07 1.27365641e+07 1.41055161e+07
 1.54770422e+07 1.69601064e+07 1.86422694e+07 2.02642189e+07
 2.20129943e+07 2.38473657e+07 2.58151304e+07 2.77754823e+07
 2.97945564e+07 3.19387317e+07 3.40588733e+07 3.34590674e+07
 3.34393848e+07 3.27311905e+07 3.14130538e+07 2.96079133e+07
 2.74621992e+07 2.51258524e+07 2.27373817e+07 2.03992491e+07
 1.82021436e+07 1.61954601e+07 1.44204345e+07 1.28612842e+07
 1.15152075e+07 1.03601025e+07 9.37726066e+06 8.53493851e+06
 7.80276610e+06 7.15666440e+06 6.56975158e+06 6.02510598e+06
 5.50673295e+06 5.00733517e+06 4.52750556e+06 4.07159498e+06
 3.64656318e+06 3.25667429e+06 2.90666439e+06 2.59501552e+06
 2.31871349e+06 2.07502996e+06 1.86405151e+06 1.68041418e+06
 1.52065336e+06 1.38309712e+06 1.26397814e+06 1.16094039e+06
 1.07074064e+06 9.89665968e+05 9.13717826e+05 8.40567096e+05
 7.68525816e+05 6.97569109e+05 6.28841397e+05 5.64067948e+05
 5.05039898e+05 4.52888666e+05 4.08824689e+05 3.72684081e+05
 3.43463756e+05 3.20617275e+05 3.02794995e+05 2.89067593e+05
 2.79029074e+05 2.72473914e+05 2.68617586e+05 2.66761059e+05
 2.65771739e+05 2.65157630e+05 2.64310547e+05 2.63210303e+05
 2.61113736e+05 2.57659371e+05 2.52700967e+05 2.46431485e+05
 2.39047712e+05 2.30762113e+05 2.22623476e+05 2.14776647e+05
 2.07652846e+05 2.01366254e+05 1.95734805e+05 1.90616609e+05
 1.85293832e+05 1.79430155e+05 1.72559686e+05 1.64556368e+05
 1.55291607e+05 1.44942455e+05 1.33702157e+05 1.22025165e+05
 1.10158917e+05 9.78765220e+04 8.57473232e+04 7.39075490e+04
 6.32550408e+04 5.40603400e+04 4.66794997e+04 4.11064124e+04
 3.69258997e+04 3.36993618e+04 3.09578256e+04 2.83167121e+04
 2.53868364e+04 2.21166298e+04 1.83287649e+04 1.43394153e+04
 1.04716395e+04]",1,0.9950269714464854,,34058873.284065686
74,4703,189849.88,11.293468,11.46876,11.595029,782.50159,782.49376-782.50941,3122292.418439029,388868.87288093567,31,295314.3040486856,75.9,389103.0306827797,100.1,[1.47],"[301.2173, 327.233]",[301.21774],[100.0],"[11.322438 11.332438 11.342438 11.352438 11.352438 11.361675 11.371872
 11.381565 11.39107  11.40106  11.410147 11.420341 11.42954  11.439012
 11.449071 11.458874 11.46876  11.478646 11.488449 11.498508 11.50798
 11.517179 11.527373 11.53646  11.54645  11.555955 11.565648 11.575845
 11.585082 11.585082 11.595082 11.605082 11.615082 11.625082]","[1.91834149e+02 5.42368601e+02 1.42086326e+03 3.44904733e+03
 3.44904733e+03 7.31209122e+03 1.55415062e+04 2.95693680e+04
 5.18278293e+04 8.67915605e+04 1.29853291e+05 1.89323512e+05
 2.48564248e+05 3.07541019e+05 3.57744076e+05 3.84889400e+05
 3.89103031e+05 3.80854397e+05 3.53332815e+05 3.08585011e+05
 2.51838018e+05 1.90749536e+05 1.33507647e+05 8.54905219e+04
 4.96491950e+04 2.56557774e+04 1.15609084e+04 4.17312284e+03
 1.03608069e+03 3.44904733e+03 1.42086326e+03 5.42368601e+02
 1.91834149e+02 6.28704290e+01]",1,0.9995116296684122,,389103.0306827797
75,6127,401409.38,14.608842,14.930856,15.31533,782.5354,782.52758-782.54323,32681021.401645713,2191128.4697418213,73,2044511.681299661,93.3,2027213.0776100135,92.5,[2.48],"[301.2173, 327.233]",[301.21805],[80.27937],"[14.236382 14.246382 14.256382 14.266382 14.276382 14.286382 14.296382
 14.306382 14.316382 14.326382 14.336382 14.346382 14.356382 14.366382
 14.376382 14.386382 14.396382 14.406382 14.416382 14.426382 14.436382
 14.446382 14.456382 14.466382 14.476382 14.486382 14.496382 14.506382
 14.516382 14.526382 14.536382 14.546382 14.546382 14.556318 14.565709
 14.575113 14.584589 14.594273 14.604257 14.61368  14.623123 14.632561
 14.642013 14.651727 14.661206 14.671121 14.680499 14.690045 14.699567
 14.709374 14.719166 14.728599 14.738276 14.748035 14.757854 14.768076
 14.777348 14.786918 14.796878 14.806385 14.816021 14.825426 14.83481
 14.844497 14.853782 14.863737 14.873157 14.882576 14.891965 14.901495
 14.911535 14.921388 14.930856 14.940324 14.950177 14.960217 14.969747
 14.979136 14.988555 14.997975 15.00793  15.017215 15.026902 15.036286
 15.045691 15.055327 15.064834 15.074794 15.084364 15.093636 15.103858
 15.113677 15.123436 15.133113 15.142546 15.152338 15.162145 15.171667
 15.181213 15.190591 15.200506 15.209985 15.219699 15.229151 15.238589
 15.248032 15.257455 15.267439 15.277123 15.286599 15.296003 15.305394
 15.31533  15.31533  15.32533  15.33533  15.34533  15.35533  15.36533
 15.37533  15.38533  15.39533  15.40533  15.41533  15.42533  15.43533
 15.44533  15.45533  15.46533  15.47533  15.48533  15.49533  15.50533
 15.51533  15.52533  15.53533  15.54533  15.55533  15.56533  15.57533
 15.58533  15.59533  15.60533  15.61533  15.62533  15.63533 ]","[1.10044620e+02 1.36648649e+02 1.69324698e+02 2.09369645e+02
 2.58336376e+02 3.18079625e+02 3.90809019e+02 4.79150278e+02
 5.86215572e+02 7.15684146e+02 8.71894389e+02 1.05994861e+03
 1.28583184e+03 1.55654607e+03 1.88026138e+03 2.26648532e+03
 2.72625224e+03 3.27233382e+03 3.91947235e+03 4.68463814e+03
 5.58731214e+03 6.64979502e+03 7.89754342e+03 9.35953399e+03
 1.10686555e+04 1.30621285e+04 1.53819529e+04 1.80753801e+04
 2.11954110e+04 2.48013137e+04 2.89591605e+04 3.37423783e+04
 3.37423783e+04 3.91947398e+04 4.50687374e+04 5.17359622e+04
 5.93395226e+04 6.81314725e+04 7.83981009e+04 8.93296145e+04
 1.01621315e+05 1.15378108e+05 1.30773905e+05 1.48446084e+05
 1.67666536e+05 1.90051009e+05 2.13556438e+05 2.40010359e+05
 2.69143054e+05 3.02240084e+05 3.38656650e+05 3.77155221e+05
 4.20376150e+05 4.68038185e+05 5.20385862e+05 5.79849822e+05
 6.38418716e+05 7.03733050e+05 7.77209142e+05 8.52812272e+05
 9.35117227e+05 1.02116119e+06 1.11281957e+06 1.21369434e+06
 1.31649235e+06 1.43348343e+06 1.55073992e+06 1.67441846e+06
 1.80413575e+06 1.94236253e+06 2.09508560e+06 2.25194537e+06
 2.19012668e+06 2.16594201e+06 2.11430509e+06 2.03814969e+06
 1.93961919e+06 1.82309480e+06 1.69193588e+06 1.55076642e+06
 1.40461681e+06 1.25863134e+06 1.11720421e+06 9.85004124e+05
 8.63839258e+05 7.56351360e+05 6.62816561e+05 5.82407034e+05
 5.15112524e+05 4.58505731e+05 4.12032564e+05 3.73601321e+05
 3.41609337e+05 3.15457398e+05 2.94161333e+05 2.77299441e+05
 2.64254162e+05 2.53895023e+05 2.45477540e+05 2.38098492e+05
 2.31055060e+05 2.24195135e+05 2.17404114e+05 2.10823288e+05
 2.04501212e+05 1.98217001e+05 1.92105781e+05 1.86084095e+05
 1.80329840e+05 1.74761896e+05 1.69525649e+05 1.64596026e+05
 1.60086244e+05 3.37423783e+04 2.89591605e+04 2.48013137e+04
 2.11954110e+04 1.80753801e+04 1.53819529e+04 1.30621285e+04
 1.10686555e+04 9.35953399e+03 7.89754342e+03 6.64979502e+03
 5.58731214e+03 4.68463814e+03 3.91947235e+03 3.27233382e+03
 2.72625224e+03 2.26648532e+03 1.88026138e+03 1.55654607e+03
 1.28583184e+03 1.05994861e+03 8.71894389e+02 7.15684146e+02
 5.86215572e+02 4.79150278e+02 3.90809019e+02 3.18079625e+02
 2.58336376e+02 2.09369645e+02 1.69324698e+02 1.36648649e+02
 1.10044620e+02 8.84322604e+01]",1,0.9781107673666857,,2251945.3682610756
76,6418,9372507.0,15.31533,15.622933,15.895125,782.53577,782.52794-782.54359,419649522.29015094,37515213.546875,61,37343696.063124985,99.5,35178615.78163609,93.8,[2.48],"[301.2173, 327.233]",[301.21805],[90.0341],"[15.26533  15.27533  15.28533  15.29533  15.30533  15.31533  15.325196
 15.334864 15.344285 15.353645 15.363406 15.373287 15.383112 15.39246
 15.401817 15.411474 15.421398 15.430945 15.440434 15.450103 15.459823
 15.469338 15.478859 15.488399 15.498119 15.507892 15.517405 15.526939
 15.537098 15.546457 15.556136 15.565371 15.574927 15.585082 15.594467
 15.60432  15.61329  15.622933 15.632576 15.641546 15.651399 15.660784
 15.670939 15.680495 15.68973  15.699409 15.708768 15.718927 15.728461
 15.737974 15.747747 15.757467 15.767007 15.776528 15.786043 15.795763
 15.805432 15.814921 15.824468 15.834392 15.844049 15.853406 15.862754
 15.872579 15.88246  15.892221 15.901581 15.911002 15.92067  15.930536
 15.940536 15.950536 15.960536 15.970536 15.980536]","[9.34495153e+01 1.90000304e+02 3.78633851e+02 7.39558410e+02
 1.41583753e+03 1.51338651e+05 1.55182554e+05 1.61794229e+05
 1.72828549e+05 1.89659343e+05 2.15045853e+05 2.51938814e+05
 3.06418261e+05 3.84010566e+05 4.93838137e+05 6.45904641e+05
 8.55251155e+05 1.13761799e+06 1.51430751e+06 2.01326853e+06
 2.66368489e+06 3.50819570e+06 4.58639274e+06 5.94090835e+06
 7.60721638e+06 9.59965857e+06 1.19323277e+07 1.45644478e+07
 1.74551847e+07 2.05238020e+07 2.36736311e+07 2.67979674e+07
 2.97704890e+07 3.24350987e+07 3.46563446e+07 3.63099304e+07
 3.72781471e+07 3.75066097e+07 3.72689275e+07 3.62594999e+07
 3.45337678e+07 3.23748109e+07 2.95955602e+07 2.66894860e+07
 2.37357188e+07 2.06082454e+07 1.76582177e+07 1.46379492e+07
 1.20461138e+07 9.73883928e+06 7.68127513e+06 5.95202751e+06
 4.54929375e+06 3.41625392e+06 2.51967595e+06 1.81195174e+06
 1.28095397e+06 8.94963634e+05 6.12644937e+05 4.05224203e+05
 2.65934451e+05 1.73694609e+05 1.11521669e+05 6.86922148e+04
 4.13784646e+04 2.46015785e+04 1.46768276e+04 8.57298401e+03
 4.84697438e+03 2.65669844e+03 1.41583753e+03 7.39558410e+02
 3.78633851e+02 1.90000304e+02 9.34495153e+01]",1,0.9998592740228889,,37506609.661446
77,6562,515032.5,15.895125,15.942019,16.968587,782.53601,782.52819-782.54384,42744472.39582953,2403388.091615677,110,75408.01866384549,3.1,2342664.8401918937,97.5,[5.02],"[301.2173, 327.233]",[301.21881],[98.78614],"[15.895125 15.904679 15.914452 15.923745 15.932966 15.942019 15.951729
 15.961074 15.97032  15.979962 15.989065 15.998757 16.008127 16.017401
 16.026796 16.035917 16.045511 16.054918 16.064179 16.073597 16.082751
 16.09234  16.101927 16.111238 16.120666 16.12987  16.139588 16.149393
 16.158779 16.168272 16.177532 16.186954 16.196805 16.206247 16.215824
 16.225206 16.234678 16.244678 16.254212 16.264031 16.273453 16.283142
 16.293084 16.302819 16.312923 16.322408 16.332108 16.342345 16.35213
 16.362606 16.37221  16.381883 16.39202  16.40168  16.412185 16.422428
 16.432192 16.442598 16.452235 16.46204  16.471882 16.481924 16.492495
 16.502353 16.512628 16.522372 16.531987 16.54183  16.551453 16.561779
 16.571622 16.581047 16.591009 16.600581 16.61064  16.62048  16.630569
 16.640593 16.650576 16.660482 16.670384 16.680551 16.690559 16.700425
 16.710582 16.720382 16.730537 16.74039  16.749756 16.759682 16.769565
 16.779555 16.789166 16.798499 16.808718 16.818561 16.828687 16.838524
 16.848221 16.858511 16.86822  16.878203 16.888385 16.898205 16.908788
 16.91839  16.928448 16.938637 16.948461 16.959074 16.968587]","[2345180.98206593 2357854.19797141 2373414.48232636 2389528.31178684
 2402063.92941681 2406870.64880549 2400333.19212185 2380878.34362089
 2349162.23267004 2305220.26994036 2249441.52073615 2183637.56836782
 2110511.38679894 2032476.13400966 1952843.66088313 1872775.95240007
 1792353.43606072 1712007.8059803  1630953.42979052 1550481.09905936
 1471248.4044484  1393932.34594303 1319241.60062592 1248064.58966398
 1181788.0362386  1121154.30354851 1065842.88715636 1015858.34034907
  970728.78391624  929823.16737481  891703.97072751  856571.74743859
  823143.63226248  791146.06203356  759794.99941772  729297.53705592
  699365.18034499  669541.11620938  640379.54463347  612915.92540392
  587577.45426017  564714.63187147  544221.05146838  524398.47579329
  504418.98683371  483685.87076122  461702.97033901  439088.78021469
  416421.48190862  393737.15169835  371197.37399177  349350.42498593
  328653.58755468  309381.51904968  292151.47434795  276911.82623889
  263580.34986422  251848.16035236  241921.80481801  233003.07447497
  225044.5280746   217808.41153974  211216.35926072  205361.72136576
  200287.76103105  196025.34718476  191965.96767784  187696.2672279
  183079.12423067  177848.14481762  172124.01656572  165902.8797292
  159366.77467578  152927.72582178  147243.44536519  142560.12654033
  139049.99050406  136484.30803157  134116.14100073  131577.64065605
  128440.25692091  125348.40115652  122447.40033735  119979.00865697
  118008.48481743  116184.4976113   114320.44772908  112106.47500496
  109408.12423738  106428.58691915  103367.17804045  100565.89795739
   97715.64764587   94940.67927305   92290.76660913   89750.6019692
   87129.90852456   84480.92457532   81769.73770056   79005.99010434
   76010.51472628   72973.34377665   70204.66888776   67742.02264721
   65720.22216836   64205.0200547    63201.496718     62898.49401536
   63077.51034285   63643.20685095   64462.75380567]",,,,2406870.648805489
78,5612,1168616.2,13.297719,13.596121,13.776028,784.49292,784.48508-784.50076,31611164.38558835,2464929.3839530945,50,2343537.9402383976,95.1,2456130.602132267,99.6,"[4.31, 0.38]","[301.2173, 327.233]","[301.2186, 327.23312]","[30.77848, 16.26238]","[13.157719 13.167719 13.177719 13.187719 13.197719 13.207719 13.217719
 13.227719 13.237719 13.247719 13.257719 13.267719 13.277719 13.287719
 13.297719 13.307015 13.316655 13.325955 13.336264 13.345716 13.355164
 13.365    13.374347 13.384569 13.394575 13.404089 13.41424  13.423921
 13.433827 13.443736 13.452982 13.462821 13.472487 13.481989 13.491751
 13.500746 13.510151 13.519864 13.529166 13.538764 13.547882 13.557431
 13.567451 13.577237 13.587002 13.596121 13.60524  13.615005 13.624791
 13.634811 13.64436  13.653478 13.663076 13.672378 13.682091 13.691496
 13.700491 13.710253 13.719755 13.729421 13.73926  13.748506 13.758415
 13.768321 13.778002 13.788153 13.797667 13.807673 13.817895 13.827242
 13.837078 13.846526 13.855978 13.866287 13.875587 13.885227 13.894523
 13.904523 13.914523 13.924523 13.934523 13.944523 13.954523 13.964523
 13.974523 13.984523 13.994523 14.004523 14.014523 14.024523 14.034523]","[8.49618972e+01 1.36664403e+02 2.17367853e+02 3.41856561e+02
 5.31619891e+02 8.17461337e+02 1.24291640e+03 1.86863859e+03
 2.77790511e+03 4.08336497e+03 5.93509517e+03 8.52993799e+03
 1.21219575e+04 1.70336744e+04 1.03621804e+05 1.08980507e+05
 1.14624994e+05 1.20807293e+05 1.28127312e+05 1.37785395e+05
 1.51317206e+05 1.70606210e+05 1.97571523e+05 2.34833694e+05
 2.85175631e+05 3.50326620e+05 4.31959287e+05 5.30472708e+05
 6.46086610e+05 7.76129126e+05 9.18815777e+05 1.07015289e+06
 1.22612453e+06 1.38243475e+06 1.53418403e+06 1.67951900e+06
 1.81604892e+06 1.94187583e+06 2.05574715e+06 2.15730054e+06
 2.24643891e+06 2.32280340e+06 2.38562497e+06 2.43067115e+06
 2.45804892e+06 2.46349433e+06 2.44912893e+06 2.44203681e+06
 2.40885626e+06 2.34895099e+06 2.26924337e+06 2.17471460e+06
 2.05853099e+06 1.93262802e+06 1.79065183e+06 1.64636987e+06
 1.50517290e+06 1.35159555e+06 1.20468997e+06 1.06049861e+06
 9.21426201e+05 7.99419788e+05 6.79241077e+05 5.70813066e+05
 4.76476993e+05 3.89814302e+05 3.19572195e+05 2.56472704e+05
 2.02485657e+05 1.61458363e+05 1.25883214e+05 9.81031979e+04
 7.56804461e+04 5.63746303e+04 4.27801244e+04 3.18092744e+04
 2.36675128e+04 1.70336744e+04 1.21219575e+04 8.52993799e+03
 5.93509517e+03 4.08336497e+03 2.77790511e+03 1.86863859e+03
 1.24291640e+03 8.17461337e+02 5.31619891e+02 3.41856561e+02
 2.17367853e+02 1.36664403e+02 8.49618972e+01]",1,0.9983108285041227,,2463494.3258093176
79,2603,309178.97,5.5803251,6.1832181,7.1410165,784.49323,784.48538-784.50107,33008267.437494226,1062131.2320990562,153,932130.5608358366,87.8,1039270.6710476655,97.8,"[0.45, 2.23]","[301.2173, 327.233]","[301.21716, 327.23227]","[12.32117, 10.61464]","[5.5803251 5.5902361 5.6000564 5.6103982 5.6206716 5.6304857 5.6406216
 5.6510426 5.6613971 5.6721929 5.6828475 5.6927066 5.7033538 5.7134195
 5.7245504 5.7352466 5.7456704 5.7563903 5.7667178 5.7768462 5.7869674
 5.7972981 5.8077805 5.8181261 5.8285814 5.8383038 5.8484504 5.8587242
 5.8683593 5.8786024 5.8882608 5.8984668 5.9082513 5.917633  5.9277918
 5.9378593 5.9478737 5.9578566 5.9673909 5.97773   5.9878231 5.9978587
 6.0081106 6.0183076 6.0286837 6.0390483 6.0490601 6.0596862 6.0699455
 6.0801675 6.0907213 6.1010767 6.1115372 6.1216637 6.1319241 6.1425377
 6.152746  6.1629205 6.17293   6.1832181 6.1934612 6.2030467 6.2131122
 6.2231825 6.2330493 6.2433567 6.2531377 6.2630044 6.2729754 6.2828044
 6.2931976 6.3033342 6.3129526 6.3230794 6.3330747 6.3437817 6.354078
 6.3638609 6.3741067 6.3847255 6.3953768 6.4057598 6.4156024 6.4258672
 6.4365435 6.4471196 6.4574973 6.4672763 6.4775035 6.4883702 6.4990943
 6.5093827 6.519231  6.5295534 6.5403492 6.5510065 6.5608201 6.5709873
 6.5819623 6.5927255 6.6034269 6.6138797 6.6247089 6.6350863 6.645761
 6.6566473 6.6663655 6.6768047 6.6875962 6.6981852 6.7085369 6.7180181
 6.7281051 6.7387805 6.7491352 6.7590989 6.768578  6.7785703 6.789043
 6.7994706 6.8094051 6.8188926 6.8288485 6.8389686 6.8493301 6.8593131
 6.8687936 6.8789739 6.8897597 6.899876  6.9098623 6.9195652 6.9297207
 6.9402051 6.9502464 6.9604173 6.9707036 6.9807068 6.9911514 7.0012177
 7.0117402 7.0213305 7.0313349 7.0416678 7.0518358 7.0622866 7.0721469
 7.0821906 7.0920736 7.1017007 7.1121507 7.1218516 7.1319631 7.1410165]","[ 120358.16771364  124186.39699173  128543.99826498  133373.69458418
  138691.41269691  144759.80829319  151806.68422412  160201.79556087
  170179.5165284   181719.04270307  195050.76668442  209765.65763553
  225947.2705377   242881.82325841  260722.46722917  278729.13137773
  296729.70961155  314232.05116113  331224.45591594  348107.4290102
  364627.8028081   381826.89140075  399493.65229822  417972.16083968
  437911.51772021  458506.1452641   479598.42509906  500864.82948868
  521687.81971096  541209.3681295   559202.13708979  575171.36248013
  589439.71993499  602075.84801007  613641.63881518  625191.40442578
  637112.84034105  649721.22472161  663462.17267426  677771.80605221
  693475.53476021  709709.80803879  727045.9922758   745549.01639626
  765423.89840668  786986.50600978  810086.36610031  834573.07570719
  860424.0308076   887692.93065286  915133.62062     941826.82585963
  966987.93448502  989474.35571113 1009214.94671043 1026350.23320027
 1041130.32974528 1052504.97606774 1059948.29334049 1061814.64710468
 1055860.42899853 1041534.8324596  1018373.87408134  987238.11014241
  949306.49494584  907164.03159467  862009.82211952  815725.72723183
  768426.68495754  721002.5778754   673737.41610566  627392.13572361
  582906.57103463  541409.75586574  503273.54879703  468970.93787431
  437624.83580055  408744.19096192  382117.34462306  357575.48157271
  335315.56704967  315173.44843448  296952.15285303  280595.41816953
  265685.2262911   252083.34238491  239876.53949185  228640.09606122
  218198.03784053  208397.83932492  199107.5973881   190267.5777625
  182304.264664    174736.67098525  167761.41549326  160916.37462712
  154232.11681225  147215.60499511  140142.06293608  132895.66272659
  125793.93616424  119097.6559562   113141.26076456  107959.19921891
  103659.13836688  100016.54483327   96750.34301072   93544.56380737
   90465.00934316   87140.44333537   83675.83924182   80208.2114969
   76962.00587001   73883.48308555   71217.61766869   68882.32391281
   66889.25217847   65093.28136134   63407.7935113    61613.46697975
   59816.95524229   57912.22238387   55852.81837948   53756.69574639
   51640.26985491   49509.16563186   47315.79855818   45149.2914084
   43175.34487548   41294.27276255   39612.16262383   38152.85788095
   36911.88507264   35792.51069641   34830.13788703   33891.68296844
   32997.41452891   32146.98720047   31355.07918945   30667.22408531
   30020.47415492   29402.00144398   28769.34150263   28053.37534916
   27391.28600842   26689.9246373    25963.24664301   25229.58382823
   24481.29833946   23705.84072928   22935.12805657   22250.8094307
   21624.30580638   21100.90698332]",,,,1061814.6471046817
80,5344,645604.62,12.851289,13.071597,13.297719,784.49365,784.48581-784.5015,11594422.631389625,1177326.926235199,45,1177520.8824282414,100.0,1057564.4968573211,89.8,[1.37],"[301.2173, 327.233]",[301.21771],[100.0],"[12.810754 12.820754 12.830754 12.840754 12.850754 12.860754 12.870754
 12.879884 12.889021 12.898452 12.908226 12.917903 12.92711  12.936322
 12.946312 12.956439 12.966511 12.975831 12.985166 12.994883 13.005072
 13.015074 13.024403 13.033705 13.043217 13.052961 13.062608 13.071597
 13.080586 13.090233 13.099977 13.109489 13.118791 13.12812  13.138122
 13.148311 13.158028 13.167363 13.176683 13.186755 13.196882 13.206872
 13.216084 13.225291 13.234968 13.244742 13.254173 13.26331  13.27244
 13.28244  13.29244  13.30244  13.31244  13.32244  13.33244 ]","[6.63303812e+01 1.38800735e+02 2.82154614e+02 5.57184038e+02
 1.06887346e+03 1.99191150e+03 4.46126368e+02 1.52793100e+03
 3.99136446e+03 8.69678281e+03 1.70768810e+04 3.08698684e+04
 5.14242202e+04 8.13817389e+04 1.22021162e+05 1.75434521e+05
 2.42483801e+05 3.23671215e+05 4.17811642e+05 5.22814945e+05
 6.33546530e+05 7.46695230e+05 8.57171838e+05 9.59734198e+05
 1.04988078e+06 1.12042660e+06 1.16487669e+06 1.17752088e+06
 1.16307481e+06 1.12218747e+06 1.05312165e+06 9.63882251e+05
 8.61801038e+05 7.51126341e+05 6.30299878e+05 5.11697476e+05
 4.07852356e+05 3.19650305e+05 2.44386867e+05 1.77739345e+05
 1.25274768e+05 8.61695854e+04 5.94799455e+04 4.00686203e+04
 2.57621535e+04 1.60426198e+04 9.89443958e+03 6.04470831e+03
 3.60603470e+03 1.99191150e+03 1.06887346e+03 5.57184038e+02
 2.82154614e+02 1.38800735e+02 6.63303812e+01]",1,0.9998228691451553,,1177520.8824282414
81,5620,1447400.0,13.452982,13.719612,14.145236,784.51361,784.50577-784.52146,28545929.81872923,2577298.9081954956,60,2574448.6325675603,99.9,2460602.727020108,95.5,[4.41],"[301.2173, 327.233]",[301.21863],[26.27418],"[13.497237 13.507237 13.517237 13.527237 13.537237 13.547237 13.557237
 13.567237 13.577237 13.587002 13.596121 13.606032 13.615347 13.625065
 13.634439 13.643654 13.653033 13.662794 13.672471 13.681857 13.69105
 13.700479 13.709946 13.719612 13.729278 13.738745 13.748174 13.757367
 13.766753 13.77643  13.786191 13.79557  13.804785 13.814159 13.823877
 13.833192 13.843103 13.852222 13.861987 13.871987 13.881987 13.891987
 13.901987 13.911987 13.921987 13.931987 13.941987]","[4.91729177e+01 1.31253134e+02 3.34416346e+02 8.13316203e+02
 1.88810205e+03 4.18394159e+03 8.84993081e+03 1.78685063e+04
 6.22044740e+03 2.25683773e+04 5.73308354e+04 1.21999125e+05
 2.28899895e+05 3.87318102e+05 5.99664030e+05 8.58822637e+05
 1.14935861e+06 1.45125650e+06 1.74389053e+06 2.01054423e+06
 2.23662692e+06 2.41153532e+06 2.52612563e+06 2.57444863e+06
 2.54156221e+06 2.45308948e+06 2.27189023e+06 2.02581595e+06
 1.73041238e+06 1.40909366e+06 1.09594052e+06 8.25599910e+05
 6.00610051e+05 4.17279135e+05 2.73975599e+05 1.75655773e+05
 1.04715284e+05 6.24853004e+04 3.44374301e+04 1.78685063e+04
 8.84993081e+03 4.18394159e+03 1.88810205e+03 8.13316203e+02
 3.34416346e+02 1.31253134e+02 4.91729177e+01]",1,0.9984631480574166,,2574448.6325675603
82,5403,238616.48,12.803091,13.183936,13.529166,786.48578,786.47791-786.49364,15863259.777507514,929162.3103711605,76,928854.4383309264,100.0,929068.9521620683,100.0,[1.37],"[301.2173, 327.233]",[301.21771],[100.0],"[12.678008 12.688008 12.698008 12.708008 12.718008 12.728008 12.738008
 12.748008 12.758008 12.768008 12.778008 12.788008 12.798008 12.808008
 12.818008 12.828008 12.838008 12.848008 12.848008 12.857721 12.867126
 12.876121 12.885883 12.895385 12.905051 12.91489  12.924136 12.934045
 12.943951 12.953632 12.963783 12.973297 12.983303 12.993525 13.002872
 13.012708 13.022156 13.031608 13.041917 13.051217 13.060857 13.070153
 13.079276 13.089378 13.098781 13.108132 13.117731 13.126732 13.136818
 13.146361 13.155606 13.165155 13.174133 13.183936 13.193739 13.202717
 13.212266 13.221511 13.231054 13.24114  13.250141 13.25974  13.269091
 13.278494 13.288596 13.297719 13.307015 13.316655 13.325955 13.336264
 13.345716 13.355164 13.365    13.374347 13.384569 13.394575 13.404089
 13.41424  13.423921 13.433827 13.443736 13.452982 13.462821 13.472487
 13.481989 13.491751 13.500746 13.510151 13.519864 13.519864 13.529864
 13.539864 13.549864 13.559864 13.569864 13.579864 13.589864 13.599864
 13.609864 13.619864 13.629864 13.639864 13.649864 13.659864 13.669864
 13.679864 13.689864 13.699864]","[1.29031606e+02 1.83852046e+02 2.60085034e+02 3.65289162e+02
 5.09369271e+02 7.05185258e+02 9.69277738e+02 1.32271958e+03
 1.79209841e+03 2.41062944e+03 3.21938997e+03 4.26865689e+03
 5.61931579e+03 7.34429578e+03 9.52996727e+03 1.22774221e+04
 1.57035375e+04 1.99417072e+04 1.99417072e+04 2.49779572e+04
 3.08631715e+04 3.75605701e+04 4.61780001e+04 5.60903818e+04
 6.79053343e+04 8.19230552e+04 9.71043351e+04 1.15717542e+05
 1.36920751e+05 1.60293673e+05 1.87732944e+05 2.16239241e+05
 2.49144394e+05 2.85801442e+05 3.21896616e+05 3.62344784e+05
 4.03322634e+05 4.46078366e+05 4.94258006e+05 5.38625329e+05
 5.84967085e+05 6.29428082e+05 6.72268493e+05 7.18080506e+05
 7.58501279e+05 7.95916348e+05 8.30788526e+05 8.59680473e+05
 8.87084167e+05 9.07677578e+05 9.22301169e+05 9.31617437e+05
 9.34850300e+05 9.29068952e+05 9.27457667e+05 9.24132276e+05
 9.17786482e+05 9.06059155e+05 8.88369847e+05 8.65738637e+05
 8.38763646e+05 8.08656986e+05 7.74891154e+05 7.36092580e+05
 6.91256302e+05 6.40226242e+05 5.84291712e+05 5.26409881e+05
 4.69994882e+05 4.17576833e+05 3.70361367e+05 3.30010578e+05
 2.96432995e+05 2.68701597e+05 2.46433800e+05 2.27893758e+05
 2.11298016e+05 1.95078738e+05 1.76938489e+05 1.55434571e+05
 1.30398010e+05 1.03060737e+05 7.58835267e+04 5.14401842e+04
 3.18349826e+04 1.77632209e+04 8.66776899e+03 3.58323101e+03
 1.16786020e+03 1.99417072e+04 1.57035375e+04 1.22774221e+04
 9.52996727e+03 7.34429578e+03 5.61931579e+03 4.26865689e+03
 3.21938997e+03 2.41062944e+03 1.79209841e+03 1.32271958e+03
 9.69277738e+02 7.05185258e+02 5.09369271e+02 3.65289162e+02
 2.60085034e+02 1.83852046e+02 1.29031606e+02 8.99079853e+01]",1,0.9963038082707272,,934850.3004633989
83,6623,1214636.2,15.848477,16.111238,16.720382,786.50787,786.50001-786.51574,53582231.44033294,3689508.7295913696,84,3683841.779131912,99.8,3600725.2709521316,97.6,[1.68],"[301.2173, 327.233]",[327.23355],[92.68748],"[15.282094 15.292094 15.302094 15.312094 15.322094 15.332094 15.342094
 15.352094 15.362094 15.372094 15.382094 15.392094 15.402094 15.412094
 15.422094 15.432094 15.442094 15.452094 15.462094 15.472094 15.482094
 15.492094 15.502094 15.502094 15.511894 15.522051 15.531917 15.541925
 15.552092 15.561994 15.5719   15.581883 15.591907 15.601996 15.611836
 15.621895 15.631467 15.641429 15.650854 15.660697 15.671023 15.680646
 15.690489 15.700104 15.709848 15.720123 15.729981 15.740552 15.750594
 15.760436 15.770241 15.779878 15.790284 15.800048 15.810291 15.820796
 15.830456 15.840593 15.850266 15.85987  15.870346 15.880131 15.890368
 15.900068 15.909553 15.919657 15.929392 15.939334 15.949023 15.958445
 15.968264 15.977798 15.987798 15.99727  16.006652 16.016229 16.025671
 16.035522 16.044944 16.054204 16.063697 16.073083 16.082888 16.092606
 16.10181  16.111238 16.120666 16.12987  16.139588 16.149393 16.158779
 16.168272 16.177532 16.186954 16.196805 16.206247 16.215824 16.225206
 16.234678 16.244678 16.254212 16.264031 16.273453 16.283142 16.293084
 16.302819 16.312923 16.322408 16.332108 16.342345 16.35213  16.362606
 16.37221  16.381883 16.39202  16.40168  16.412185 16.422428 16.432192
 16.442598 16.452235 16.46204  16.471882 16.481924 16.492495 16.502353
 16.512628 16.522372 16.531987 16.54183  16.551453 16.561779 16.571622
 16.581047 16.591009 16.600581 16.61064  16.62048  16.630569 16.640593
 16.650576 16.660482 16.670384 16.680551 16.690559 16.700425 16.710582
 16.720382 16.720382 16.730382 16.740382 16.750382 16.760382 16.770382
 16.780382 16.790382 16.800382 16.810382 16.820382 16.830382 16.840382
 16.850382 16.860382 16.870382 16.880382 16.890382 16.900382 16.910382
 16.920382 16.930382 16.940382 16.950382]","[1.10467386e+02 1.35062366e+02 1.64833746e+02 2.00802634e+02
 2.44176679e+02 2.96381072e+02 3.59094082e+02 4.34287703e+02
 5.24273999e+02 6.31757793e+02 7.59896421e+02 9.12367258e+02
 1.09344385e+03 1.30808144e+03 1.56201277e+03 1.86185511e+03
 2.21522928e+03 2.63089180e+03 3.11888092e+03 3.69067754e+03
 4.35938185e+03 5.13990655e+03 6.04918737e+03 6.04918737e+03
 7.08368130e+03 8.32759219e+03 9.72720533e+03 1.13669416e+04
 1.32912355e+04 1.54501697e+04 1.79289136e+04 2.07919013e+04
 2.40828574e+04 2.78699127e+04 3.20792836e+04 3.69729559e+04
 4.22491186e+04 4.84556436e+04 5.50734040e+04 6.28430884e+04
 7.20384793e+04 8.16727278e+04 9.27001524e+04 1.04730255e+05
 1.18312641e+05 1.34296653e+05 1.51385146e+05 1.71795684e+05
 1.93364332e+05 2.16743440e+05 2.42420715e+05 2.70160402e+05
 3.03113984e+05 3.37077705e+05 3.76104809e+05 4.19996277e+05
 4.64042874e+05 5.14302123e+05 5.66342079e+05 6.22172547e+05
 6.88051406e+05 7.54512063e+05 8.29379380e+05 9.05571096e+05
 9.85209148e+05 1.07582821e+06 1.16896200e+06 1.27014501e+06
 1.37479795e+06 1.48240538e+06 1.60077118e+06 1.72185170e+06
 1.85540999e+06 1.98812569e+06 2.12552059e+06 2.27182123e+06
 2.42196298e+06 2.58473179e+06 2.74610653e+06 2.90994658e+06
 3.08307485e+06 3.25912949e+06 3.44789430e+06 3.63949659e+06
 3.82472127e+06 3.68384178e+06 3.68300009e+06 3.63888508e+06
 3.55280777e+06 3.42912490e+06 3.27667148e+06 3.09977586e+06
 2.90886951e+06 2.71142305e+06 2.51427108e+06 2.32107217e+06
 2.13482440e+06 1.95829697e+06 1.79401476e+06 1.64130936e+06
 1.50224686e+06 1.37507649e+06 1.25896358e+06 1.15361611e+06
 1.05784514e+06 9.69368468e+05 8.88637175e+05 8.14910675e+05
 7.47926729e+05 6.87084033e+05 6.33167455e+05 5.85199569e+05
 5.42573907e+05 5.04880180e+05 4.70881579e+05 4.39550118e+05
 4.10514220e+05 3.83354015e+05 3.57959247e+05 3.33977894e+05
 3.11594244e+05 2.90671388e+05 2.71701226e+05 2.54694987e+05
 2.39437357e+05 2.25766551e+05 2.13319599e+05 2.01870737e+05
 1.91362646e+05 1.81787568e+05 1.72552440e+05 1.63436587e+05
 1.54264531e+05 1.45074237e+05 1.35982947e+05 1.27230704e+05
 1.18948379e+05 1.11053092e+05 1.04100848e+05 9.82887776e+04
 9.36036116e+04 9.00588424e+04 8.74132553e+04 8.51984513e+04
 8.33447170e+04 8.16092594e+04 7.98918588e+04 7.82718748e+04
 6.04918737e+03 5.13990655e+03 4.35938185e+03 3.69067754e+03
 3.11888092e+03 2.63089180e+03 2.21522928e+03 1.86185511e+03
 1.56201277e+03 1.30808144e+03 1.09344385e+03 9.12367258e+02
 7.59896421e+02 6.31757793e+02 5.24273999e+02 4.34287703e+02
 3.59094082e+02 2.96381072e+02 2.44176679e+02 2.00802634e+02
 1.64833746e+02 1.35062366e+02 1.10467386e+02 9.01872837e+01]",1,0.9922038779090476,,3824721.2727873987
84,3011,306426.16,5.7134195,7.4001861,8.4376738,786.50873,786.50086-786.51659,30581027.205262903,809320.1975164413,206,809256.6667637116,100.0,779525.8321287646,96.3,[4.11],"[301.2173, 327.233]",[327.23434],[19.00048],"[6.1541067 6.1641067 6.1741067 6.1841067 6.1941067 6.2041067 6.2141067
 6.2241067 6.2341067 6.2441067 6.2541067 6.2641067 6.2741067 6.2841067
 6.2941067 6.3041067 6.3141067 6.3241067 6.3341067 6.3441067 6.3541067
 6.3641067 6.3741067 6.3847255 6.3953768 6.4057598 6.4156024 6.4258672
 6.4365435 6.4471196 6.4574973 6.4672763 6.4775035 6.4883702 6.4990943
 6.5093827 6.519231  6.5295534 6.5403492 6.5510065 6.5608201 6.5709873
 6.5819623 6.5927255 6.6034269 6.6138797 6.6247089 6.6350863 6.645761
 6.6566473 6.6663655 6.6768047 6.6875962 6.6981852 6.7085369 6.7180181
 6.7281051 6.7387805 6.7491352 6.7590989 6.768578  6.7785703 6.789043
 6.7994706 6.8094051 6.8188926 6.8288485 6.8389686 6.8493301 6.8593131
 6.8687936 6.8789739 6.8897597 6.899876  6.9098623 6.9195652 6.9297207
 6.9402051 6.9502464 6.9604173 6.9707036 6.9807068 6.9911514 7.0012177
 7.0117402 7.0213305 7.0313349 7.0416678 7.0518358 7.0622866 7.0721469
 7.0821906 7.0920736 7.1017007 7.1121507 7.1218516 7.1319631 7.1410165
 7.1502224 7.1600056 7.1696978 7.1797423 7.1889328 7.1981306 7.2082569
 7.2179673 7.2282129 7.2375603 7.2470798 7.2569662 7.2665444 7.2767808
 7.2867215 7.296512  7.3057957 7.3151353 7.3246882 7.334465  7.3441615
 7.3535457 7.362741  7.3725145 7.3815986 7.3905973 7.4001861 7.4097749
 7.4187736 7.4278577 7.4376312 7.4468265 7.4562107 7.4659072 7.475684
 7.4852369 7.4945765 7.5038602 7.5136507 7.5235914 7.5338278 7.543406
 7.5532924 7.5628119 7.5721593 7.5824049 7.5921153 7.6022416 7.6114394
 7.6206299 7.6306744 7.6403666 7.6501498 7.6593557 7.6684091 7.6785206
 7.6882215 7.6986715 7.7082986 7.7181816 7.7282253 7.7380856 7.7485364
 7.7587044 7.7690373 7.7790417 7.788632  7.7991545 7.8092208 7.8196654
 7.8296686 7.8399549 7.8501258 7.8601671 7.8706515 7.880807  7.8905099
 7.9004962 7.9106125 7.9213983 7.9315786 7.9410591 7.9510421 7.9614036
 7.9715237 7.9814796 7.9909671 8.0009016 8.0113292 8.0218019 8.0317942
 8.0412733 8.051237  8.0615917 8.0722671 8.0823541 8.0918353 8.102187
 8.112776  8.1235675 8.1340067 8.1437249 8.1546112 8.1652859 8.1756633
 8.1864925 8.1969453 8.2076467 8.2184099 8.2293849 8.2395521 8.2493657
 8.260023  8.2708188 8.2811412 8.2909895 8.3012779 8.312002  8.3228687
 8.3330959 8.3428749 8.3532526 8.3638287 8.374505  8.3847698 8.3946124
 8.4049954 8.4156467 8.4262655 8.4362655 8.4462655 8.4562655 8.4662655
 8.4762655 8.4862655 8.4962655 8.5062655 8.5162655 8.5262655 8.5362655
 8.5462655 8.5562655 8.5662655 8.5762655 8.5862655 8.5962655 8.6062655
 8.6162655 8.6262655 8.6362655 8.6462655]","[9.97558214e+01 1.14844722e+02 1.32069850e+02 1.51710691e+02
 1.74079865e+02 1.99526578e+02 2.28440352e+02 2.61255079e+02
 2.98453393e+02 3.40571383e+02 3.88203674e+02 4.42008870e+02
 5.02715392e+02 5.71127717e+02 6.48133018e+02 7.34708241e+02
 8.31927597e+02 9.40970496e+02 1.06312991e+03 1.19982118e+03
 1.35259122e+03 1.52312821e+03 2.60480788e+02 5.76695975e+02
 1.44167336e+03 2.95310062e+03 5.36347776e+03 8.73681359e+03
 1.30071891e+04 1.79546151e+04 2.30866914e+04 2.78620779e+04
 3.18517590e+04 3.48790941e+04 3.69952824e+04 3.84920009e+04
 3.97685077e+04 4.09979514e+04 4.24239907e+04 4.37112994e+04
 4.49130412e+04 4.59221793e+04 4.69159882e+04 4.79306936e+04
 4.90514560e+04 5.02927359e+04 5.18030008e+04 5.36056570e+04
 5.58464273e+04 5.87656787e+04 6.23630429e+04 6.66777548e+04
 7.16660062e+04 7.73389320e+04 8.34050365e+04 8.99963726e+04
 9.67805448e+04 1.03569670e+05 1.10448464e+05 1.17295523e+05
 1.24060342e+05 1.30524169e+05 1.36592858e+05 1.42558166e+05
 1.48222035e+05 1.53788914e+05 1.59071366e+05 1.63892468e+05
 1.68217325e+05 1.72176359e+05 1.75696687e+05 1.79229184e+05
 1.82700165e+05 1.86196746e+05 1.89648905e+05 1.93082989e+05
 1.96256043e+05 1.99113146e+05 2.01380660e+05 2.03737183e+05
 2.06393008e+05 2.10396119e+05 2.15925454e+05 2.23474770e+05
 2.33124547e+05 2.45086924e+05 2.59134663e+05 2.75088297e+05
 2.92785642e+05 3.12247828e+05 3.33503082e+05 3.57498252e+05
 3.84162820e+05 4.13579973e+05 4.45373955e+05 4.79011959e+05
 5.13443780e+05 5.48291790e+05 5.82056310e+05 6.13878399e+05
 6.42694397e+05 6.67948313e+05 6.89488668e+05 7.06649598e+05
 7.19619536e+05 7.28618704e+05 7.33749685e+05 7.36746134e+05
 7.39176811e+05 7.41694415e+05 7.45209003e+05 7.50238898e+05
 7.56158442e+05 7.62339493e+05 7.68770579e+05 7.74172840e+05
 7.78825858e+05 7.82566636e+05 7.85819100e+05 7.89201564e+05
 7.93176723e+05 7.98071868e+05 8.03378824e+05 8.07508564e+05
 8.09256667e+05 8.35782572e+05 8.31878870e+05 8.27205136e+05
 8.21368780e+05 8.15128985e+05 8.08030716e+05 7.99942593e+05
 7.91036504e+05 7.81631903e+05 7.71792232e+05 7.61406169e+05
 7.49830055e+05 7.37456384e+05 7.24100796e+05 7.11076703e+05
 6.97137192e+05 6.83275191e+05 6.69279252e+05 6.53541924e+05
 6.38284270e+05 6.22061298e+05 6.07086707e+05 5.91930813e+05
 5.75184368e+05 5.58883282e+05 5.42326115e+05 5.26684988e+05
 5.11275570e+05 4.94068007e+05 4.77596096e+05 4.59930419e+05
 4.43760303e+05 4.27295866e+05 4.10734769e+05 3.94672219e+05
 3.77889236e+05 3.61826065e+05 3.45796572e+05 3.30581613e+05
 3.16296540e+05 3.00979801e+05 2.86693143e+05 2.72263390e+05
 2.58832003e+05 2.45427853e+05 2.32589068e+05 2.20325539e+05
 2.07962805e+05 1.96421953e+05 1.85796217e+05 1.75269447e+05
 1.65027983e+05 1.54574273e+05 1.45144272e+05 1.36739595e+05
 1.28277097e+05 1.19907387e+05 1.12131554e+05 1.04858188e+05
 9.82662252e+04 9.17095250e+04 8.51973969e+04 7.90267970e+04
 7.34732589e+04 6.84961874e+04 6.35595869e+04 5.87375514e+04
 5.40817073e+04 4.99642040e+04 4.63327000e+04 4.26201056e+04
 3.90820717e+04 3.57327932e+04 3.27261229e+04 3.01223118e+04
 2.74167325e+04 2.49680714e+04 2.27699158e+04 2.06558953e+04
 1.87786093e+04 1.70119931e+04 1.53831240e+04 1.38643969e+04
 1.25766247e+04 1.14348084e+04 1.02995023e+04 9.25246382e+03
 8.34097541e+03 7.54689083e+03 6.79016443e+03 6.07446801e+03
 5.41913209e+03 4.86128390e+03 4.37693532e+03 3.91107813e+03
 3.48302402e+03 3.09453073e+03 2.75865079e+03 2.46817462e+03
 2.19228928e+03 1.93888373e+03 1.71327159e+03 1.52312821e+03
 1.35259122e+03 1.19982118e+03 1.06312991e+03 9.40970496e+02
 8.31927597e+02 7.34708241e+02 6.48133018e+02 5.71127717e+02
 5.02715392e+02 4.42008870e+02 3.88203674e+02 3.40571383e+02
 2.98453393e+02 2.61255079e+02 2.28440352e+02 1.99526578e+02
 1.74079865e+02 1.51710691e+02 1.32069850e+02 1.14844722e+02
 9.97558214e+01]",1,0.9764335914900375,,835782.5720127206
85,6564,472564.25,15.660518,15.942019,16.101927,786.53467,786.5268-786.54253,12367711.886614697,1298975.0712127686,47,1296216.7023954976,99.8,1298207.34475203,99.9,[1.87],"[301.2173, 327.233]",[327.23361],[23.90142],"[15.731698 15.741698 15.751698 15.761698 15.771698 15.781698 15.791698
 15.791698 15.801287 15.810441 15.819859 15.82912  15.838527 15.848121
 15.857242 15.866637 15.875911 15.885281 15.894973 15.904076 15.913718
 15.922964 15.932309 15.942019 15.951729 15.961074 15.97032  15.979962
 15.989065 15.998757 16.008127 16.017401 16.026796 16.035917 16.045511
 16.054918 16.064179 16.073597 16.082751 16.09234  16.09234  16.10234
 16.11234  16.12234  16.13234  16.14234  16.15234  16.16234 ]","[2.00981877e+02 4.75674928e+02 1.07680917e+03 2.33153723e+03
 4.82859837e+03 9.56477888e+03 1.81219074e+04 1.81219074e+04
 3.20757351e+04 5.32502927e+04 8.62810977e+04 1.33444496e+05
 1.99849532e+05 2.89719814e+05 3.97016355e+05 5.28372839e+05
 6.74131563e+05 8.29400597e+05 9.86339218e+05 1.11733372e+06
 1.22484847e+06 1.28667483e+06 1.30106024e+06 1.29820734e+06
 1.29321188e+06 1.26056973e+06 1.19791525e+06 1.10711098e+06
 9.90336675e+05 8.53191737e+05 7.03501863e+05 5.50780503e+05
 4.06974605e+05 2.81021698e+05 1.79882603e+05 1.05069714e+05
 5.52759205e+04 2.59174745e+04 1.02001964e+04 2.95037228e+03
 1.81219074e+04 9.56477888e+03 4.82859837e+03 2.33153723e+03
 1.07680917e+03 4.75674928e+02 2.00981877e+02 8.12229308e+01]",1,0.9979346607027645,,1301060.2418228583
86,3520,445161.5,7.8212282,8.4571664,8.5662685,788.52417,788.51628-788.53206,27131328.918844346,1545785.8767237663,74,1524400.2305359442,98.6,241005.0861264486,15.6,[4.76],"[301.2173, 327.233]",[327.23456],[14.90598],"[7.7812282 7.7912282 7.8012282 7.8112282 7.8212282 7.8312225 7.8417714
 7.8513053 7.8613104 7.8713084 7.8812709 7.8917695 7.9012987 7.9111938
 7.9216309 7.9322821 7.9422268 7.9516053 7.9616425 7.972005  7.9821751
 7.9926402 8.0021226 8.0125433 8.0229168 8.0330256 8.043586  8.0529684
 8.0633862 8.073658  8.0842279 8.0944035 8.1039362 8.1144292 8.1248529
 8.135272  8.1453626 8.1547512 8.1647346 8.1749768 8.1855143 8.1954768
 8.2052467 8.2150647 8.2254456 8.2360008 8.2457842 8.2557105 8.2658179
 8.2762808 8.2867986 8.2966533 8.3066721 8.3172414 8.3274564 8.3374613
 8.3473126 8.3573439 8.367645  8.3778759 8.3876905 8.397678  8.4075238
 8.4177912 8.4279418 8.4376738 8.4473314 8.4571664 8.4670014 8.476659
 8.486391  8.4965416 8.506809  8.5166548 8.5266423 8.5364569 8.5466878
 8.5569889 8.5670202 8.5768715 8.5868764 8.5970914 8.6076607 8.6176795
 8.6275342 8.638052  8.6485149 8.6586223 8.6685486 8.678332  8.6888872
 8.6992681 8.7090861 8.718856  8.7288185 8.739356  8.7495982 8.7595816
 8.7689702 8.7790608 8.7894799 8.7999036 8.8103966 8.8199293 8.8301049
 8.8406748 8.8509466 8.8613644 8.8707468 8.8813072 8.891416  8.9017895
 8.9122102 8.9216926 8.9321577 8.9423278 8.9526903 8.9627275 8.972106
 8.9820507 8.9927019 9.003139  9.0130341 9.0225633 9.0330619 9.0430244
 9.0530224 9.0630275 9.0725614 9.0831103 9.0931046 9.1031046 9.1131046
 9.1231046 9.1331046]","[9.88628609e+01 1.31060243e+02 1.73019520e+02 2.27460280e+02
 2.17715889e+04 2.18262809e+04 2.18821495e+04 2.19730447e+04
 2.21244101e+04 2.23942347e+04 2.28133748e+04 2.33131792e+04
 2.39628633e+04 2.46071984e+04 2.52671204e+04 2.59055361e+04
 2.65973784e+04 2.73728150e+04 2.83813887e+04 2.95601504e+04
 3.09119757e+04 3.23636821e+04 3.39214092e+04 3.57750407e+04
 3.80138218e+04 4.08847256e+04 4.47548815e+04 4.97126055e+04
 5.62749184e+04 6.46114587e+04 7.50337980e+04 8.75248932e+04
 1.02179839e+05 1.18923763e+05 1.38215796e+05 1.60029108e+05
 1.84772297e+05 2.12730304e+05 2.43719431e+05 2.77666843e+05
 3.14407388e+05 3.53331459e+05 3.94655263e+05 4.38469218e+05
 4.85258093e+05 5.34831241e+05 5.87185715e+05 6.41912961e+05
 6.98443345e+05 7.56007007e+05 8.15244657e+05 8.76019401e+05
 9.37999517e+05 1.00103042e+06 1.06361184e+06 1.12506018e+06
 1.18400108e+06 1.23914583e+06 1.29043872e+06 1.33722244e+06
 1.37995784e+06 1.41855514e+06 1.45283349e+06 1.48302091e+06
 1.50855666e+06 1.52878413e+06 1.54170293e+06 1.54581994e+06
 1.53994025e+06 1.52830142e+06 1.51069779e+06 1.48627640e+06
 1.45558994e+06 1.42087132e+06 1.38077610e+06 1.33704049e+06
 1.28739901e+06 1.23381790e+06 1.17875332e+06 1.12246907e+06
 1.06363598e+06 1.00241517e+06 9.38463086e+05 8.77824026e+05
 8.18647391e+05 7.56490829e+05 6.96143521e+05 6.39639435e+05
 5.86174686e+05 5.35693027e+05 4.83919068e+05 4.35900689e+05
 3.93246624e+05 3.53529887e+05 3.15858845e+05 2.79110889e+05
 2.46397240e+05 2.17286054e+05 1.92323256e+05 1.67991156e+05
 1.45442303e+05 1.25342183e+05 1.07419722e+05 9.29977818e+04
 7.93998985e+04 6.70684953e+04 5.66686824e+04 4.75524600e+04
 4.04472105e+04 3.35637001e+04 2.79525218e+04 2.30656133e+04
 1.89305954e+04 1.57535250e+04 1.28064743e+04 1.04259074e+04
 8.41741993e+03 6.81247227e+03 5.56940213e+03 4.48009762e+03
 3.53233594e+03 2.78557924e+03 2.21462908e+03 1.76885195e+03
 1.37481883e+03 1.07780374e+03 8.40712516e+02 6.52925831e+02
 5.11165205e+02 3.88168577e+02 2.97784695e+02 2.27460280e+02
 1.73019520e+02 1.31060243e+02 9.88628609e+01]",1,0.9995248786648442,,1545819.9369554254
87,3742,1945329.2,8.5662685,9.0947008,10.731078,788.52435,788.51647-788.53224,268985412.8374732,7315188.805793762,213,6010430.492721733,82.2,7197550.07519874,98.4,[2.62],"[301.2173, 327.233]",[327.23386],[17.6834],"[ 8.5662685  8.5764069  8.5861439  8.5957539  8.6057856  8.615956
  8.626153   8.6358903  8.6454826  8.654818   8.664839   8.6750055
  8.6847185  8.6941343  8.7035007  8.712854   8.7231072  8.7326612
  8.7421368  8.7513778  8.7608081  8.7706856  8.7803977  8.7900517
  8.7993489  8.8087143  8.8187447  8.828641   8.8384481  8.8477794
  8.8573403  8.8675222  8.8776364  8.8875781  8.8969686  8.906729
  8.9169336  8.9272029  8.9371914  8.946654   8.9563281  8.9664947
  8.9767593  8.9867857  8.9962627  9.0057827  9.0159853  9.0262795
  9.0363135  9.0456041  9.0555097  9.065851   9.0758823  9.0853211
  9.0947008  9.1048844  9.1152711  9.1253222  9.134841   9.1442419
  9.1548675  9.1651862  9.1755196  9.1850823  9.1945885  9.2050219
  9.2155456  9.2254166  9.2352291  9.2446899  9.255349   9.2658357
  9.276281   9.2860577  9.2956753  9.3063904  9.3169914  9.327452
  9.3374306  9.3473785  9.358252   9.3688749  9.3792628  9.3892848
  9.3992578  9.409872   9.4206041  9.4308675  9.4411327  9.4509428
  9.4618032  9.4724009  9.4829321  9.4931375  9.5033384  9.5137828
  9.5243907  9.5345557  9.5451812  9.5553307  9.565931   9.5764538
  9.5866907  9.5973066  9.6076636  9.6184816  9.6290119  9.6396352
  9.6504146  9.6606104  9.6705532  9.6810434  9.6916977  9.7023203
  9.7125074  9.7230375  9.7336396  9.7442587  9.7550053  9.7651863
  9.7758688  9.7865322  9.7966146  9.807412   9.818222   9.8288801
  9.8396959  9.8503884  9.8610328  9.8717057  9.8825655  9.8933074
  9.9040495  9.9146822  9.9255304  9.9357896  9.9466271  9.956947
  9.9671072  9.9778741  9.988023   9.998762  10.009239  10.019241
 10.029871  10.040013  10.05085   10.061182  10.071221  10.081882
 10.092715  10.102864  10.113159  10.123164  10.13398   10.144014
 10.154004  10.164097  10.174308  10.184955  10.194846  10.204515
 10.214506  10.224864  10.235301  10.244886  10.254396  10.264538
 10.274843  10.285385  10.295593  10.305178  10.315209  10.325672
 10.336315  10.346825  10.35631   10.366349  10.376283  10.386947
 10.397288  10.407316  10.417638  10.427175  10.437386  10.447597
 10.457803  10.468176  10.477731  10.487545  10.49793   10.508153
 10.518518  10.528164  10.538321  10.548617  10.559129  10.569625
 10.579345  10.589866  10.600129  10.610744  10.62089   10.630514
 10.640568  10.650854  10.661176  10.671041  10.680608  10.690577
 10.701063  10.711386  10.721458  10.731078 ]","[1288712.08268383 1303561.92391665 1324350.7468905  1353110.17082629
 1392272.16178929 1443327.44217057 1506906.37521253 1583240.27541357
 1672050.75992951 1773317.43794479 1886157.92905168 2010518.84398478
 2143200.77963101 2283355.90773761 2426921.73107391 2571372.93569038
 2711708.83790958 2846105.18278883 2970335.58218857 3084806.99502826
 3191908.37974768 3295888.5745992  3398172.21062643 3497731.53265576
 3594205.16541356 3685667.75036017 3774919.92542151 3861888.25159343
 3947872.80663507 4035870.39793217 4125253.29702971 4219122.83503624
 4316304.2677195  4417579.05043887 4522056.38614782 4631605.8806745
 4747388.75827525 4873318.97600077 5017283.35483251 5178248.57502646
 5358356.82319811 5553549.08426481 5758808.58742651 5963223.42396044
 6162052.25226732 6351427.73201183 6529000.2657983  6696201.51169513
 6852056.35779603 6989887.55011558 7107348.44802103 7199517.07921826
 7265830.10032752 7302865.72625107 7315245.34355071 7301412.99738395
 7260773.21877127 7193829.41647826 7100715.54778177 6978730.73797564
 6832116.11143202 6662883.57304924 6477252.10546278 6281866.2661544
 6083729.23651534 5884187.42819563 5685633.2186236  5486839.35317694
 5288078.65469605 5091686.76171926 4900686.45154863 4715817.00281118
 4536033.66072621 4356944.21646891 4177604.77757262 3995864.16925263
 3815359.27473807 3635846.3021648  3461564.55836906 3294869.81946184
 3137852.2493725  2993533.61141779 2864373.87662819 2748640.39174533
 2641990.83194682 2540654.41030467 2441741.43223972 2343011.62326401
 2245857.32873336 2151055.51548715 2060564.92479212 1975298.28714705
 1896169.71375349 1822506.55296989 1754655.92690768 1691568.99798547
 1633157.14491324 1577393.12397356 1526231.84122361 1476963.68506996
 1428998.29547676 1380932.31041361 1332345.71294772 1282784.87249206
 1234416.85886021 1188400.27807068 1145161.5009403  1104967.1113309
 1067107.42603874 1030875.40424521  996777.23163349  964374.86953397
  934069.18147155  905110.34683572  878057.01082932  852338.52336079
  828103.3263218   804841.58073706  781838.28450095  758428.86008035
  734867.26226893  711130.21365568  687952.91600507  666030.81039893
  645807.25300498  626993.49513436  609096.44868215  591763.48118582
  574758.84494305  558063.47646976  541585.89783725  525725.34460095
  510443.41937516  495787.7926097   481941.05563961  468641.73349185
  456232.25547378  444186.58364267  432232.65263643  420160.58080222
  407624.90905357  394903.45105401  382129.21676218  370009.82951472
  358920.7663873   349220.92740407  340714.26695954  333134.51384319
  326153.24695179  319322.88441003  312615.52631437  305685.43201484
  298888.4337015   292585.60234864  286783.83595937  281706.68909842
  277253.10132286  273039.63488748  269027.13021772  265064.6965126
  261274.50943745  257619.25785716  254132.28131248  250375.9738871
  246232.62737066  241487.63934078  236294.28869759  230622.72196903
  224845.95936074  219313.46442658  214268.60873817  209638.66513866
  205784.51705474  202285.09425696  199421.9989524   196971.87659394
  194845.30082007  192724.6958954   190546.48887339  188081.97462533
  185477.31236737  182541.02945346  179714.32468524  176959.33249754
  174329.54508787  171591.78380394  168828.43709797  165616.81405631
  162197.32713273  158382.10416345  154228.98810252  149818.30251831
  145360.82952546  141025.98791728  137280.29617692  134154.02016737
  131851.40218963  130137.12237484  128821.95928492  127767.2515434
  126766.4972881   125770.68191253  124695.21507303  123572.79689569
  122577.53786098  121773.39110043  121211.57248948  120690.25336118
  120000.37225444  118949.47984921  117633.05548905  116123.55722593
  114649.65895998  113466.97492655]",,,,7315245.343550709
88,8094,4261053.0,19.218,19.648302,20.846494,788.52466,788.51677-788.53254,556555428.0357388,20151277.85534668,160,20140211.096023284,99.9,19913832.091613207,98.8,[3.46],"[301.2173, 327.233]",[327.23413],[100.0],"[19.126336 19.136336 19.146336 19.156336 19.166336 19.176336 19.186336
 19.196336 19.206336 19.216336 19.226336 19.236336 19.246336 19.256336
 19.266336 19.276336 19.286336 19.29619  19.305634 19.315262 19.324667
 19.334757 19.344177 19.353826 19.363669 19.373106 19.3829   19.392158
 19.401501 19.411303 19.420902 19.430333 19.439578 19.448897 19.458455
 19.468412 19.477965 19.487158 19.496328 19.506162 19.515702 19.525438
 19.534607 19.543785 19.553735 19.563256 19.572763 19.581945 19.591135
 19.601043 19.610562 19.620046 19.629254 19.638432 19.648302 19.658172
 19.66735  19.676558 19.686042 19.695561 19.705469 19.714659 19.723841
 19.733348 19.742869 19.752819 19.761997 19.771166 19.780902 19.790442
 19.800276 19.809446 19.818639 19.828192 19.838149 19.847707 19.857026
 19.866271 19.875702 19.885301 19.895103 19.904446 19.913704 19.923498
 19.932935 19.942778 19.952427 19.961847 19.971937 19.981342 19.99097
 20.000414 20.010268 20.020268 20.030268 20.040268 20.050268 20.060268
 20.070268 20.080268 20.090268 20.100268 20.110268 20.120268 20.130268
 20.140268 20.150268 20.160268 20.170268]","[6.38092789e+01 1.05562075e+02 1.72859007e+02 2.80179345e+02
 4.49510902e+02 7.13845707e+02 1.12209205e+03 1.74587292e+03
 2.68878936e+03 4.09883978e+03 6.18479224e+03 9.23739038e+03
 1.36563139e+04 1.99837824e+04 2.89455565e+04 4.14998117e+04
 6.19749773e+02 2.19482897e+03 5.48860021e+03 1.22577359e+04
 2.49111909e+04 4.61725949e+04 8.05918518e+04 1.33730361e+05
 2.13101327e+05 3.29318999e+05 4.93740047e+05 7.20444866e+05
 1.02249706e+06 1.41354148e+06 1.90299524e+06 2.49522676e+06
 3.19295720e+06 3.99325472e+06 4.89094017e+06 5.87248663e+06
 6.92412827e+06 8.03036425e+06 9.17186567e+06 1.03216908e+07
 1.14544128e+07 1.25550980e+07 1.35995027e+07 1.45845531e+07
 1.54878334e+07 1.63085873e+07 1.70334254e+07 1.76670984e+07
 1.82211726e+07 1.87123817e+07 1.91453364e+07 1.95202362e+07
 1.98231189e+07 2.00371594e+07 2.01402111e+07 1.96089519e+07
 1.97958408e+07 1.98129240e+07 1.96516459e+07 1.93116974e+07
 1.87784248e+07 1.81335499e+07 1.73610012e+07 1.64457257e+07
 1.54338690e+07 1.43005589e+07 1.32100272e+07 1.20991159e+07
 1.09183825e+07 9.78088890e+06 8.64761330e+06 7.64111328e+06
 6.69167177e+06 5.77670982e+06 4.90697081e+06 4.15571133e+06
 3.50248716e+06 2.93013367e+06 2.42063418e+06 1.97441237e+06
 1.58801066e+06 1.27857775e+06 1.02243144e+06 7.99424701e+05
 6.24866204e+05 4.78608707e+05 3.64990285e+05 2.77579634e+05
 2.04959171e+05 1.53044982e+05 1.12433318e+05 8.23250131e+04
 5.88939059e+04 4.14998117e+04 2.89455565e+04 1.99837824e+04
 1.36563139e+04 9.23739038e+03 6.18479224e+03 4.09883978e+03
 2.68878936e+03 1.74587292e+03 1.12209205e+03 7.13845707e+02
 4.49510902e+02 2.80179345e+02 1.72859007e+02 1.05562075e+02
 6.38092789e+01]",1,0.9971774902058791,,20140211.096023284
89,7703,312517.22,18.148402,18.705117,19.110786,788.54736,788.53948-788.55525,21446462.244261652,929904.1257419586,98,929973.6536533133,100.0,887922.913114675,95.5,[2.18],"[301.2173, 327.233]",[301.21664],[5.86502],"[18.089448 18.099448 18.109448 18.119448 18.129448 18.139448 18.149448
 18.159448 18.169448 18.179448 18.189448 18.199448 18.209448 18.219448
 18.229448 18.239448 18.249448 18.259448 18.269448 18.279448 18.289448
 18.299448 18.299448 18.308761 18.318948 18.328666 18.338252 18.347595
 18.35673  18.36681  18.376695 18.386391 18.395665 18.404803 18.41452
 18.42443  18.434175 18.443465 18.452663 18.46215  18.471902 18.4822
 18.491715 18.500835 18.510507 18.520036 18.529942 18.539717 18.549094
 18.558977 18.56863  18.578283 18.587692 18.597141 18.607358 18.616923
 18.626664 18.636071 18.645597 18.655624 18.665445 18.675192 18.68493
 18.694498 18.705117 18.715736 18.725304 18.735042 18.744789 18.75461
 18.764637 18.774163 18.78357  18.793311 18.802876 18.813093 18.822542
 18.831951 18.841604 18.851257 18.86114  18.870517 18.880292 18.890198
 18.899727 18.909399 18.918519 18.928034 18.938332 18.948084 18.957571
 18.966769 18.976059 18.985804 18.995714 19.005431 19.014569 19.023843
 19.033539 19.043424 19.053504 19.062639 19.071982 19.081568 19.091286
 19.101473 19.110786 19.110786 19.120786 19.130786 19.140786 19.150786
 19.160786 19.170786 19.180786 19.190786 19.200786 19.210786 19.220786
 19.230786 19.240786 19.250786 19.260786 19.270786 19.280786 19.290786
 19.300786 19.310786 19.320786 19.330786]","[1.26983990e+02 1.70215572e+02 2.27048068e+02 3.01373139e+02
 3.98070028e+02 5.23217938e+02 6.84343232e+02 8.90704272e+02
 1.15361608e+03 1.48681616e+03 1.90687161e+03 2.43362602e+03
 3.09068279e+03 3.90591901e+03 4.91202131e+03 6.14703175e+03
 7.65488866e+03 9.48594292e+03 1.16974270e+04 1.43538494e+04
 1.75272844e+04 2.12975228e+04 2.12975228e+04 2.54222153e+04
 3.07040533e+04 3.65882641e+04 4.32993306e+04 5.08020735e+04
 5.91476458e+04 6.96245442e+04 8.13043071e+04 9.42222154e+04
 1.08026586e+05 1.23095985e+05 1.40798394e+05 1.60707941e+05
 1.82170905e+05 2.04406122e+05 2.28139715e+05 2.54400160e+05
 2.83240749e+05 3.15649054e+05 3.47269387e+05 3.78962098e+05
 4.13888574e+05 4.49422474e+05 4.87291992e+05 5.25301383e+05
 5.62063596e+05 6.00784481e+05 6.38217242e+05 6.74888373e+05
 7.09529275e+05 7.42851139e+05 7.76804242e+05 8.06242910e+05
 8.33514104e+05 8.56928698e+05 8.77417353e+05 8.95195026e+05
 9.08599319e+05 9.17794690e+05 9.22767207e+05 9.23482937e+05
 9.29973654e+05 9.26499777e+05 9.19989513e+05 9.11631413e+05
 9.01193519e+05 8.88360683e+05 8.72801225e+05 8.53828772e+05
 8.31921897e+05 8.07253733e+05 7.79830624e+05 7.49257006e+05
 7.15949972e+05 6.80260629e+05 6.42949678e+05 6.04748407e+05
 5.66278928e+05 5.28154745e+05 4.90041275e+05 4.52275812e+05
 4.14659272e+05 3.77815465e+05 3.42349857e+05 3.08433963e+05
 2.76721389e+05 2.47204661e+05 2.20144732e+05 1.95279329e+05
 1.73014756e+05 1.53456552e+05 1.36026156e+05 1.20781522e+05
 1.07303237e+05 9.57323579e+04 8.56828047e+04 7.66635354e+04
 6.83140500e+04 6.07219903e+04 5.38465861e+04 4.78938836e+04
 4.29998384e+04 3.92504417e+04 3.64674803e+04 2.12975228e+04
 1.75272844e+04 1.43538494e+04 1.16974270e+04 9.48594292e+03
 7.65488866e+03 6.14703175e+03 4.91202131e+03 3.90591901e+03
 3.09068279e+03 2.43362602e+03 1.90687161e+03 1.48681616e+03
 1.15361608e+03 8.90704272e+02 6.84343232e+02 5.23217938e+02
 3.98070028e+02 3.01373139e+02 2.27048068e+02 1.70215572e+02
 1.26983990e+02 9.42685573e+01]",1,0.999547365646232,,929973.6536533133
90,7980,333843.03,19.110786,19.373106,19.496328,788.55096,788.54308-788.55885,5369836.513215074,621684.3941879272,40,579604.1621352317,93.2,621654.90267387,100.0,[3.08],"[301.2173, 327.233]",[327.23401],[26.51512],"[19.209054 19.219054 19.229054 19.239054 19.249054 19.259054 19.259054
 19.268247 19.2778   19.287757 19.297315 19.306634 19.315879 19.32531
 19.334909 19.344711 19.354054 19.363312 19.373106 19.3829   19.392158
 19.401501 19.411303 19.420902 19.430333 19.439578 19.448897 19.458455
 19.468412 19.477965 19.487158 19.487158 19.497158 19.507158 19.517158
 19.527158 19.537158 19.547158]","[1.02746701e+02 3.02453992e+02 8.28972576e+02 2.11548728e+03
 5.02655086e+03 1.11203679e+04 1.11203679e+04 2.16661215e+04
 4.06461540e+04 7.30621321e+04 1.20015887e+05 1.82860225e+05
 2.61178072e+05 3.52824674e+05 4.48936249e+05 5.36459357e+05
 5.96392542e+05 6.22884842e+05 6.21654903e+05 6.15461242e+05
 5.85637777e+05 5.30993192e+05 4.54621148e+05 3.64267171e+05
 2.69996561e+05 1.83927382e+05 1.13662122e+05 6.33348794e+04
 3.11743077e+04 1.28791130e+04 3.73765144e+03 1.11203679e+04
 5.02655086e+03 2.11548728e+03 8.28972576e+02 3.02453992e+02
 1.02746701e+02 3.24986907e+01]",1,0.9986944179970397,,622884.8416585346
91,10859,301367.62,25.420767,26.469592,27.900999,788.58179,788.5739-788.58967,52573609.93172015,1005251.0162601471,245,1004904.5237412276,100.0,947415.7468745455,94.2,[1.5],"[301.2173, 327.233]",[327.23349],[3.87394],"[25.420767 25.430513 25.4404   25.450291 25.459877 25.470071 25.479631
 25.489699 25.499587 25.509324 25.519426 25.528894 25.539047 25.549847
 25.559518 25.569602 25.579108 25.589416 25.599401 25.608966 25.619235
 25.628929 25.63932  25.648967 25.658554 25.669075 25.678883 25.68896
 25.698646 25.708409 25.718129 25.728088 25.738043 25.748112 25.757751
 25.767467 25.777577 25.787762 25.797904 25.80757  25.817329 25.827647
 25.837852 25.848041 25.857707 25.868055 25.877672 25.887622 25.89788
 25.907765 25.917926 25.927606 25.937684 25.948091 25.957724 25.967944
 25.977614 25.988101 25.998418 26.008249 26.018472 26.028239 26.038563
 26.048477 26.058226 26.068542 26.07824  26.088595 26.098581 26.108725
 26.118821 26.129121 26.138925 26.148951 26.159344 26.16952  26.179565
 26.189378 26.199672 26.210054 26.220169 26.230002 26.239742 26.250022
 26.26042  26.270603 26.280392 26.290131 26.300038 26.310308 26.320571
 26.330191 26.339894 26.349817 26.36019  26.370342 26.379953 26.390064
 26.399728 26.40982  26.41999  26.42953  26.439674 26.449261 26.459427
 26.469592 26.479277 26.489275 26.498876 26.509022 26.519457 26.529041
 26.539047 26.548595 26.558806 26.568911 26.57853  26.588487 26.598201
 26.608429 26.618606 26.628266 26.638403 26.647894 26.658027 26.668425
 26.678123 26.68802  26.698162 26.708437 26.718798 26.728346 26.738362
 26.748599 26.758687 26.768844 26.77848  26.788665 26.799016 26.809018
 26.819428 26.829167 26.839491 26.84919  26.859283 26.869972 26.879868
 26.890202 26.900496 26.91054  26.920859 26.930804 26.941235 26.951565
 26.961678 26.972102 26.982067 26.9924   27.002378 27.012396 27.022784
 27.032843 27.043226 27.053718 27.063779 27.074209 27.084334 27.094725
 27.105237 27.115329 27.125807 27.136072 27.146527 27.15676  27.167035
 27.177478 27.187732 27.198174 27.208263 27.218546 27.229053 27.239386
 27.249759 27.259765 27.269798 27.280242 27.290684 27.301221 27.31131
 27.321884 27.332544 27.343037 27.353566 27.363548 27.373573 27.384071
 27.394365 27.405018 27.414879 27.424938 27.435445 27.446007 27.456547
 27.467049 27.477188 27.487919 27.498246 27.508858 27.519341 27.529662
 27.540339 27.550739 27.56132  27.571816 27.582136 27.592346 27.602448
 27.61297  27.623387 27.633697 27.643757 27.65358  27.664019 27.674405
 27.684697 27.694713 27.704411 27.714609 27.725018 27.735418 27.745262
 27.755016 27.765304 27.775868 27.786322 27.796324 27.806155 27.816814
 27.827385 27.838005 27.848032 27.858274 27.868927 27.879651 27.890237
 27.900999]","[8.49772973e+01 1.97753682e+02 3.57857516e+02 5.78424033e+02
 8.36256810e+02 1.13343113e+03 1.36933053e+03 1.52977280e+03
 1.63832273e+03 1.72283395e+03 1.79242652e+03 1.88292021e+03
 1.98509422e+03 2.09993686e+03 2.18541022e+03 2.31043331e+03
 2.49354335e+03 2.87963791e+03 3.51595790e+03 4.53247699e+03
 5.84928243e+03 7.41337778e+03 9.01067116e+03 1.04702834e+04
 1.17764307e+04 1.29614983e+04 1.41534224e+04 1.55073375e+04
 1.71661797e+04 1.91827196e+04 2.15465355e+04 2.40399922e+04
 2.66026607e+04 2.92476619e+04 3.19780098e+04 3.49963773e+04
 3.84422710e+04 4.24123481e+04 4.68484127e+04 5.16932009e+04
 5.67120884e+04 6.17988403e+04 6.68221837e+04 7.15887008e+04
 7.63387059e+04 8.11572080e+04 8.62507792e+04 9.15984818e+04
 9.73285720e+04 1.03506693e+05 1.10121844e+05 1.17248022e+05
 1.24716909e+05 1.32337994e+05 1.39952437e+05 1.47680069e+05
 1.55415632e+05 1.63472688e+05 1.72086174e+05 1.81108227e+05
 1.90694457e+05 2.00560127e+05 2.10630491e+05 2.20808364e+05
 2.30961079e+05 2.41003486e+05 2.50838588e+05 2.60871922e+05
 2.70979954e+05 2.81598978e+05 2.93037984e+05 3.05670810e+05
 3.19847621e+05 3.35601159e+05 3.52671253e+05 3.70570992e+05
 3.89270672e+05 4.08739854e+05 4.29484458e+05 4.51812069e+05
 4.75652069e+05 5.01483121e+05 5.28683319e+05 5.57125928e+05
 5.86411543e+05 6.15762218e+05 6.44916936e+05 6.72907212e+05
 7.00003042e+05 7.26238086e+05 7.52582658e+05 7.78758221e+05
 8.04637902e+05 8.29934632e+05 8.54570899e+05 8.78257413e+05
 9.00924844e+05 9.22447453e+05 9.42463663e+05 9.60377490e+05
 9.75823838e+05 9.88111758e+05 9.96812413e+05 1.00192191e+06
 1.00476847e+06 1.00503963e+06 1.00466490e+06 1.00367973e+06
 1.00190447e+06 1.00010263e+06 9.97338165e+05 9.93728442e+05
 9.88950799e+05 9.82811039e+05 9.74427280e+05 9.64124566e+05
 9.51957805e+05 9.38365486e+05 9.23708797e+05 9.09609983e+05
 8.97331424e+05 8.87640010e+05 8.81050039e+05 8.77643262e+05
 8.75289957e+05 8.72592647e+05 8.66713806e+05 8.57472468e+05
 8.44008394e+05 8.28580029e+05 8.12226981e+05 7.96990232e+05
 7.83805586e+05 7.72573696e+05 7.62608169e+05 7.54284167e+05
 7.45730115e+05 7.36675144e+05 7.25605433e+05 7.13356946e+05
 7.00259467e+05 6.86494199e+05 6.73086906e+05 6.60480621e+05
 6.48518284e+05 6.37447547e+05 6.26908393e+05 6.16559311e+05
 6.06572982e+05 5.96407370e+05 5.85703591e+05 5.74750211e+05
 5.63127895e+05 5.51305237e+05 5.38849524e+05 5.26197037e+05
 5.13438231e+05 5.00181874e+05 4.87257464e+05 4.74326826e+05
 4.61770184e+05 4.49683306e+05 4.38313192e+05 4.27444255e+05
 4.17084087e+05 4.07275867e+05 3.97560114e+05 3.87879213e+05
 3.78077934e+05 3.68139013e+05 3.58357938e+05 3.48855816e+05
 3.39784672e+05 3.31114870e+05 3.22587112e+05 3.13895288e+05
 3.04995362e+05 2.96002972e+05 2.87245728e+05 2.79214614e+05
 2.71868874e+05 2.65284609e+05 2.59103614e+05 2.52953195e+05
 2.46654049e+05 2.39872418e+05 2.32728444e+05 2.25154537e+05
 2.17508064e+05 2.10125769e+05 2.03245574e+05 1.97063130e+05
 1.91780744e+05 1.87204267e+05 1.83343842e+05 1.79997063e+05
 1.76924229e+05 1.73734619e+05 1.70297546e+05 1.66350719e+05
 1.61807536e+05 1.56735507e+05 1.51162037e+05 1.45553657e+05
 1.40163862e+05 1.35343990e+05 1.31438186e+05 1.28369479e+05
 1.25846471e+05 1.23496808e+05 1.20915804e+05 1.18189267e+05
 1.15362488e+05 1.12388675e+05 1.09345304e+05 1.06425344e+05
 1.03469217e+05 1.00740968e+05 9.81480793e+04 9.58791613e+04
 9.38111249e+04 9.17938601e+04 8.98456962e+04 8.78675568e+04
 8.58386018e+04 8.37387816e+04 8.14245751e+04 7.88944766e+04
 7.63086165e+04 7.37203011e+04 7.13124009e+04 6.94961869e+04
 6.82460202e+04 6.75596090e+04 6.72627003e+04 6.69801588e+04
 6.65224796e+04 6.57079193e+04 6.45580459e+04 6.31441629e+04
 6.16207910e+04 6.01358658e+04 5.88198609e+04 5.76862986e+04
 5.68124217e+04 5.61466780e+04]",,,,1005039.6302430539
92,4087,233554.98,9.3892848,9.8396959,10.468176,790.50336,790.49545-790.51126,19261707.401693106,662145.2526385784,102,661986.5722677567,100.0,548530.350197682,82.8,[2.48],"[301.2173, 327.233]",[301.21805],[100.0],"[ 9.279872   9.289872   9.299872   9.309872   9.319872   9.329872
  9.339872   9.349872   9.359872   9.369872   9.379872   9.389872
  9.399872   9.409872   9.4206041  9.4308675  9.4411327  9.4509428
  9.4618032  9.4724009  9.4829321  9.4931375  9.5033384  9.5137828
  9.5243907  9.5345557  9.5451812  9.5553307  9.565931   9.5764538
  9.5866907  9.5973066  9.6076636  9.6184816  9.6290119  9.6396352
  9.6504146  9.6606104  9.6705532  9.6810434  9.6916977  9.7023203
  9.7125074  9.7230375  9.7336396  9.7442587  9.7550053  9.7651863
  9.7758688  9.7865322  9.7966146  9.807412   9.818222   9.8288801
  9.8396959  9.8505117  9.8611698  9.8719798  9.8827772  9.8928596
  9.903523   9.9142055  9.9243865  9.9351331  9.9457522  9.9563543
  9.9668844  9.9770715  9.9876941  9.9983484 10.0088386 10.0187814
 10.0289772 10.0397566 10.0503799 10.0609102 10.0717282 10.0820852
 10.0927011 10.102938  10.1134608 10.1240611 10.1342106 10.1448361
 10.1550011 10.165609  10.1760534 10.1862543 10.1964597 10.2069909
 10.2175886 10.228449  10.2382591 10.2485243 10.2587877 10.2695198
 10.2795198 10.2895198 10.2995198 10.3095198 10.3195198 10.3295198
 10.3395198 10.3495198 10.3595198 10.3695198 10.3795198 10.3895198
 10.3995198]","[8.73393212e+01 1.20966960e+02 1.66531245e+02 2.27875008e+02
 3.09934321e+02 4.19000606e+02 5.63030132e+02 7.52004830e+02
 9.98347256e+02 1.31739082e+03 1.72790414e+03 2.25266526e+03
 2.91907790e+03 1.22261784e+02 4.72943006e+02 1.18651271e+03
 2.46386652e+03 4.56149819e+03 7.61872892e+03 1.16539653e+04
 1.64877806e+04 2.19840125e+04 2.80389404e+04 3.46968841e+04
 4.21028608e+04 5.06580385e+04 6.08986717e+04 7.29689882e+04
 8.68818651e+04 1.02781540e+05 1.20715187e+05 1.40662128e+05
 1.62729051e+05 1.86859124e+05 2.12702923e+05 2.40578902e+05
 2.69824280e+05 2.99965580e+05 3.30547896e+05 3.61667862e+05
 3.93037410e+05 4.24588873e+05 4.56323333e+05 4.87514897e+05
 5.17229291e+05 5.45099824e+05 5.70666700e+05 5.93619830e+05
 6.13786107e+05 6.30333399e+05 6.42991454e+05 6.52182249e+05
 6.58144396e+05 6.61499734e+05 6.61986572e+05 6.59073785e+05
 6.59247791e+05 6.54810398e+05 6.45833051e+05 6.33513343e+05
 6.16598446e+05 5.95980099e+05 5.73275571e+05 5.46515918e+05
 5.17734671e+05 4.87183918e+05 4.55547912e+05 4.24181586e+05
 3.91147389e+05 3.58133771e+05 3.26155998e+05 2.96657655e+05
 2.67510076e+05 2.38167696e+05 2.10944718e+05 1.85775722e+05
 1.61907536e+05 1.40996537e+05 1.21541039e+05 1.04648905e+05
 8.91376107e+04 7.53237542e+04 6.37009065e+04 5.30939568e+04
 4.43195945e+04 3.64613598e+04 2.98873356e+04 2.44561061e+04
 1.98844022e+04 1.59550827e+04 1.26981235e+04 9.97837557e+03
 7.97699116e+03 6.27191792e+03 4.90017322e+03 3.75981706e+03
 2.91907790e+03 2.25266526e+03 1.72790414e+03 1.31739082e+03
 9.98347256e+02 7.52004830e+02 5.63030132e+02 4.19000606e+02
 3.09934321e+02 2.27875008e+02 1.66531245e+02 1.20966960e+02
 8.73393212e+01]",1,0.9998406825567906,,661986.5722677567
93,4464,207792.56,10.468176,10.853524,11.46876,790.50415,790.49625-790.51206,17099151.044044074,543413.4860014915,98,429937.02879355336,79.1,486112.99270609714,89.5,[0.65],"[301.2173, 327.233]",[327.23279],[72.95648],"[ 9.968176  9.978176  9.988176  9.998176 10.008176 10.018176 10.028176
 10.038176 10.048176 10.058176 10.068176 10.078176 10.088176 10.098176
 10.108176 10.118176 10.128176 10.138176 10.148176 10.158176 10.168176
 10.178176 10.188176 10.198176 10.208176 10.218176 10.228176 10.238176
 10.248176 10.258176 10.268176 10.278176 10.288176 10.298176 10.308176
 10.318176 10.328176 10.338176 10.348176 10.358176 10.368176 10.378176
 10.388176 10.398176 10.408176 10.418176 10.428176 10.438176 10.448176
 10.458176 10.468176 10.477731 10.487545 10.49793  10.508153 10.518518
 10.528164 10.538321 10.548617 10.559129 10.569625 10.579345 10.589866
 10.600129 10.610744 10.62089  10.630514 10.640568 10.650854 10.661176
 10.671041 10.680608 10.690577 10.701063 10.711386 10.721458 10.731078
 10.741418 10.751787 10.762004 10.771463 10.781435 10.791914 10.802206
 10.812589 10.822391 10.83276  10.843058 10.853524 10.86399  10.874288
 10.884657 10.894459 10.904842 10.915134 10.925613 10.935585 10.945044
 10.955261 10.96563  10.97597  10.98559  10.995662 11.005985 11.016471
 11.02644  11.036007 11.045872 11.056194 11.06648  11.076534 11.086158
 11.096304 11.106919 11.117182 11.127703 11.137423 11.147919 11.158431
 11.168727 11.178884 11.18853  11.198895 11.209118 11.219503 11.229317
 11.238872 11.248872 11.258872 11.268872 11.278872 11.288872 11.298872
 11.308872 11.318872 11.328872 11.338872 11.348872 11.358872 11.368872
 11.378872 11.388872 11.398872 11.408872 11.418872 11.428872 11.438872
 11.448872 11.458872 11.468872 11.478872 11.488872 11.498872 11.508872
 11.518872 11.528872 11.538872 11.548872 11.558872 11.568872 11.578872
 11.588872 11.598872 11.608872 11.618872 11.628872 11.638872 11.648872
 11.658872 11.668872 11.678872 11.688872 11.698872 11.708872 11.718872
 11.728872 11.738872]","[8.39289970e+01 1.01283199e+02 1.21978970e+02 1.46606992e+02
 1.75851701e+02 2.10504138e+02 2.51476189e+02 2.99816324e+02
 3.56726893e+02 4.23583074e+02 5.01953534e+02 5.93622843e+02
 7.00615699e+02 8.25222946e+02 9.70029400e+02 1.13794342e+03
 1.33222817e+03 1.55653442e+03 1.81493474e+03 2.11195894e+03
 2.45263036e+03 2.84250278e+03 3.28769763e+03 3.79494083e+03
 4.37159903e+03 5.02571439e+03 5.76603744e+03 6.60205720e+03
 7.54402778e+03 8.60299055e+03 9.79079109e+03 1.11200898e+04
 1.26043651e+04 1.42579085e+04 1.60958103e+04 1.81339343e+04
 2.03888816e+04 2.28779411e+04 2.56190278e+04 2.86306047e+04
 3.19315919e+04 3.55412574e+04 3.94790941e+04 4.37646782e+04
 4.84175124e+04 5.34568514e+04 5.89015128e+04 6.47696715e+04
 7.10786402e+04 7.78446370e+04 1.02920744e+05 1.08870060e+05
 1.15708125e+05 1.22819923e+05 1.30081396e+05 1.37507069e+05
 1.45079041e+05 1.53060503e+05 1.61632095e+05 1.71072966e+05
 1.81506717e+05 1.92860680e+05 2.05192971e+05 2.18432556e+05
 2.32694149e+05 2.47502446e+05 2.62729096e+05 2.77610543e+05
 2.92439498e+05 3.06887195e+05 3.21774856e+05 3.37870679e+05
 3.55424918e+05 3.74833625e+05 3.95241839e+05 4.16143810e+05
 4.36384067e+05 4.55263769e+05 4.72305345e+05 4.87245210e+05
 4.99690868e+05 5.09733616e+05 5.17897482e+05 5.24649476e+05
 5.30415597e+05 5.35358754e+05 5.39380992e+05 5.42343256e+05
 5.43393251e+05 5.54672360e+05 5.47204375e+05 5.38618706e+05
 5.29567182e+05 5.19044434e+05 5.07727227e+05 4.95367004e+05
 4.82888032e+05 4.70466956e+05 4.56480831e+05 4.41757656e+05
 4.26624305e+05 4.12209932e+05 3.96843634e+05 3.80877343e+05
 3.64511749e+05 3.48885812e+05 3.33888964e+05 3.18482137e+05
 3.02484461e+05 2.86727097e+05 2.71556924e+05 2.57295084e+05
 2.42577713e+05 2.27572914e+05 2.13485966e+05 1.99508172e+05
 1.87036988e+05 1.74070408e+05 1.61623888e+05 1.49971200e+05
 1.39007140e+05 1.29088246e+05 1.18967812e+05 1.09530286e+05
 1.00491844e+05 9.24514843e+04 8.50825419e+04 7.78446370e+04
 7.10786402e+04 6.47696715e+04 5.89015128e+04 5.34568514e+04
 4.84175124e+04 4.37646782e+04 3.94790941e+04 3.55412574e+04
 3.19315919e+04 2.86306047e+04 2.56190278e+04 2.28779411e+04
 2.03888816e+04 1.81339343e+04 1.60958103e+04 1.42579085e+04
 1.26043651e+04 1.11200898e+04 9.79079109e+03 8.60299055e+03
 7.54402778e+03 6.60205720e+03 5.76603744e+03 5.02571439e+03
 4.37159903e+03 3.79494083e+03 3.28769763e+03 2.84250278e+03
 2.45263036e+03 2.11195894e+03 1.81493474e+03 1.55653442e+03
 1.33222817e+03 1.13794342e+03 9.70029400e+02 8.25222946e+02
 7.00615699e+02 5.93622843e+02 5.01953534e+02 4.23583074e+02
 3.56726893e+02 2.99816324e+02 2.51476189e+02 2.10504138e+02
 1.75851701e+02 1.46606992e+02 1.21978970e+02 1.01283199e+02
 8.39289970e+01]",1,0.9951466735830624,,554672.3600146319
94,9912,312307.41,23.571341,24.098568,24.661553,790.53839,790.53049-790.5463,28935280.067622926,1220649.764541626,93,1220574.0955246282,100.0,1220574.0955246282,100.0,[1.31],"[301.2173, 327.233]",[327.23343],[99.57319],"[23.185555 23.195555 23.205555 23.215555 23.225555 23.235555 23.245555
 23.255555 23.265555 23.275555 23.285555 23.295555 23.305555 23.315555
 23.325555 23.335555 23.345555 23.355555 23.365555 23.375555 23.385555
 23.395555 23.405555 23.415555 23.425555 23.435555 23.445555 23.455555
 23.465555 23.475555 23.485555 23.495555 23.505555 23.515555 23.525555
 23.535555 23.545555 23.545555 23.555311 23.565468 23.575552 23.58601
 23.596399 23.606319 23.61646  23.626475 23.63689  23.64735  23.657167
 23.66746  23.67709  23.687589 23.698156 23.708165 23.718402 23.728013
 23.738436 23.749149 23.759006 23.769206 23.778854 23.789315 23.79984
 23.809701 23.81976  23.829452 23.839664 23.850194 23.859994 23.870136
 23.879751 23.889946 23.900418 23.910402 23.920291 23.92988  23.940075
 23.950823 23.960686 23.970274 23.979795 23.989958 24.000483 24.010279
 24.019856 24.029551 24.039659 24.049861 24.059602 24.069299 24.078926
 24.088596 24.098568 24.10854  24.11821  24.127837 24.137534 24.147275
 24.157477 24.167585 24.17728  24.186857 24.196653 24.207178 24.217341
 24.226862 24.23645  24.246313 24.257061 24.267256 24.276845 24.286734
 24.296718 24.30719  24.317385 24.327    24.337142 24.346942 24.357472
 24.367684 24.377376 24.387435 24.397296 24.407821 24.418282 24.42793
 24.43813  24.447987 24.4587   24.469123 24.478734 24.488971 24.49898
 24.509547 24.520046 24.529676 24.539969 24.549786 24.560246 24.570661
 24.580676 24.590817 24.600737 24.611126 24.621584 24.631668 24.641825
 24.651581 24.651581 24.661581 24.671581 24.681581 24.691581 24.701581
 24.711581 24.721581 24.731581 24.741581 24.751581 24.761581 24.771581
 24.781581 24.791581 24.801581 24.811581 24.821581 24.831581 24.841581
 24.851581 24.861581 24.871581 24.881581 24.891581 24.901581 24.911581
 24.921581 24.931581 24.941581 24.951581 24.961581 24.971581 24.981581
 24.991581 25.001581 25.011581 25.021581]","[1.14897212e+02 1.39567240e+02 1.69185704e+02 2.04668030e+02
 2.47082809e+02 2.97674222e+02 3.57887143e+02 4.29395157e+02
 5.14131674e+02 6.14324384e+02 7.32533215e+02 8.71692008e+02
 1.03515404e+03 1.22674154e+03 1.45079930e+03 1.71225238e+03
 2.01666793e+03 2.37032109e+03 2.78026469e+03 3.25440262e+03
 3.80156651e+03 4.43159517e+03 5.15541631e+03 5.98512984e+03
 6.93409178e+03 8.01699790e+03 9.24996583e+03 1.06506144e+04
 1.22381386e+04 1.40333789e+04 1.60588820e+04 1.83389530e+04
 2.08996947e+04 2.37690335e+04 2.69767282e+04 3.05543609e+04
 3.45353059e+04 3.45353059e+04 3.88413390e+04 4.38044960e+04
 4.92556033e+04 5.55036668e+04 6.23559046e+04 6.95425845e+04
 7.75836610e+04 8.62575547e+04 9.60973472e+04 1.06869189e+05
 1.17833182e+05 1.30260943e+05 1.42790211e+05 1.57484304e+05
 1.73403071e+05 1.89560385e+05 2.07201776e+05 2.24814135e+05
 2.45083404e+05 2.67199318e+05 2.88703840e+05 3.12122641e+05
 3.35358305e+05 3.61726620e+05 3.89462682e+05 4.16513056e+05
 4.45124448e+05 4.73615686e+05 5.04554357e+05 5.37365164e+05
 5.68648365e+05 6.01688602e+05 6.33543261e+05 6.67774240e+05
 7.03293734e+05 7.37364546e+05 7.71176824e+05 8.03896725e+05
 8.38466304e+05 8.74493988e+05 9.07016237e+05 9.37988818e+05
 9.67977494e+05 9.98988344e+05 1.02984125e+06 1.05724475e+06
 1.08267132e+06 1.10690379e+06 1.13041537e+06 1.15219267e+06
 1.17103399e+06 1.18779005e+06 1.20235836e+06 1.21483660e+06
 1.22057410e+06 1.21747154e+06 1.20781414e+06 1.19353056e+06
 1.17587806e+06 1.15633952e+06 1.13529386e+06 1.11243777e+06
 1.08766233e+06 1.06120335e+06 1.03227240e+06 1.00113623e+06
 9.67259145e+05 9.31013784e+05 8.93557187e+05 8.56920701e+05
 8.21656173e+05 7.87712795e+05 7.54965428e+05 7.22790780e+05
 6.90740172e+05 6.59121413e+05 6.27993726e+05 5.97525326e+05
 5.67599239e+05 5.38439828e+05 5.09641072e+05 4.81924505e+05
 4.55422970e+05 4.30225376e+05 4.06007954e+05 3.82596243e+05
 3.59979982e+05 3.37540602e+05 3.15350744e+05 2.93447260e+05
 2.71758888e+05 2.50362792e+05 2.29469385e+05 2.08170069e+05
 1.87275879e+05 1.66648686e+05 1.45567673e+05 1.24738829e+05
 1.04627471e+05 8.57136135e+04 6.84138095e+04 5.29517142e+04
 3.95348628e+04 2.80679374e+04 1.87043537e+04 1.15304665e+04
 6.49321862e+03 3.19724520e+03 1.56883953e+03 4.89430218e+02
 3.45353059e+04 3.05543609e+04 2.69767282e+04 2.37690335e+04
 2.08996947e+04 1.83389530e+04 1.60588820e+04 1.40333789e+04
 1.22381386e+04 1.06506144e+04 9.24996583e+03 8.01699790e+03
 6.93409178e+03 5.98512984e+03 5.15541631e+03 4.43159517e+03
 3.80156651e+03 3.25440262e+03 2.78026469e+03 2.37032109e+03
 2.01666793e+03 1.71225238e+03 1.45079930e+03 1.22674154e+03
 1.03515404e+03 8.71692008e+02 7.32533215e+02 6.14324384e+02
 5.14131674e+02 4.29395157e+02 3.57887143e+02 2.97674222e+02
 2.47082809e+02 2.04668030e+02 1.69185704e+02 1.39567240e+02
 1.14897212e+02 9.43934084e+01]",1,0.9974580078684123,,1220574.0955246282
95,9747,459810.31,23.156682,23.609994,24.010082,790.56372,790.55582-790.57163,26369871.37678154,1286647.2112197876,87,1286347.0416122647,100.0,1286347.0416122647,100.0,[3.8],"[301.2173, 327.233]",[301.21844],[7.71937],"[22.990015 23.000015 23.010015 23.020015 23.030015 23.040015 23.050015
 23.060015 23.070015 23.080015 23.090015 23.100015 23.110015 23.120015
 23.130015 23.140015 23.150015 23.160015 23.170015 23.180015 23.190015
 23.200015 23.210015 23.220015 23.220015 23.230121 23.239574 23.249237
 23.258889 23.268694 23.27863  23.288235 23.297857 23.307459 23.317239
 23.327122 23.336696 23.34635  23.355987 23.365961 23.37579  23.385199
 23.394677 23.404455 23.414374 23.424229 23.433629 23.443229 23.453188
 23.463001 23.473125 23.48263  23.49221  23.502169 23.512392 23.522351
 23.531965 23.541509 23.550943 23.560991 23.571105 23.58062  23.590065
 23.600015 23.609994 23.619973 23.629923 23.639368 23.648883 23.658997
 23.669045 23.678479 23.688023 23.697637 23.707596 23.717819 23.727778
 23.737358 23.746863 23.756987 23.7668   23.776759 23.786359 23.795759
 23.805614 23.815533 23.825311 23.834789 23.844198 23.854027 23.864001
 23.873638 23.883292 23.892866 23.902749 23.912529 23.922131 23.931753
 23.941358 23.951294 23.961099 23.970751 23.980414 23.989867 23.999973
 23.999973 24.009973 24.019973 24.029973 24.039973 24.049973 24.059973
 24.069973 24.079973 24.089973 24.099973 24.109973 24.119973 24.129973
 24.139973 24.149973 24.159973 24.169973 24.179973 24.189973 24.199973
 24.209973 24.219973 24.229973 24.239973]","[1.16570370e+02 1.56431344e+02 2.08932708e+02 2.77738537e+02
 3.67462402e+02 4.83878951e+02 6.34172793e+02 8.27228592e+02
 1.07396598e+03 1.38772229e+03 1.78468535e+03 2.28437716e+03
 2.91018779e+03 3.68995674e+03 4.65659632e+03 5.84874869e+03
 7.31146467e+03 9.09688839e+03 1.12649275e+04 1.38838845e+04
 1.70310191e+04 2.07930087e+04 2.52662676e+04 3.05570835e+04
 3.05570835e+04 3.68529501e+04 4.37197484e+04 5.18364743e+04
 6.11780217e+04 7.20672292e+04 8.46871134e+04 9.85452426e+04
 1.14201417e+05 1.31728414e+05 1.51667031e+05 1.74081586e+05
 1.98075488e+05 2.24632095e+05 2.53576132e+05 2.86139508e+05
 3.20838535e+05 3.56461897e+05 3.94673109e+05 4.36444542e+05
 4.81110869e+05 5.27579508e+05 5.73619667e+05 6.22101102e+05
 6.73621867e+05 7.25225741e+05 7.78886833e+05 8.29210741e+05
 8.79413810e+05 9.30538154e+05 9.81313585e+05 1.02854299e+06
 1.07151515e+06 1.11113779e+06 1.14688001e+06 1.18073811e+06
 1.20998228e+06 1.23270173e+06 1.25037243e+06 1.26348586e+06
 1.28634704e+06 1.27827523e+06 1.25988092e+06 1.23473379e+06
 1.20490605e+06 1.17221010e+06 1.13775811e+06 1.10082105e+06
 1.06019946e+06 1.01625054e+06 9.69465088e+05 9.20052287e+05
 8.69397087e+05 8.18670273e+05 7.69068729e+05 7.21013191e+05
 6.74115789e+05 6.29008519e+05 5.85193652e+05 5.42379309e+05
 5.00889425e+05 4.60501471e+05 4.21206512e+05 3.83240981e+05
 3.47175932e+05 3.11825324e+05 2.77525127e+05 2.43555008e+05
 2.09662416e+05 1.75863802e+05 1.42467630e+05 1.11283887e+05
 8.28459935e+04 5.84788350e+04 3.88983573e+04 2.41329060e+04
 1.38478796e+04 7.23170612e+03 3.35526590e+03 1.26684043e+03
 5.72203741e+02 3.05570835e+04 2.52662676e+04 2.07930087e+04
 1.70310191e+04 1.38838845e+04 1.12649275e+04 9.09688839e+03
 7.31146467e+03 5.84874869e+03 4.65659632e+03 3.68995674e+03
 2.91018779e+03 2.28437716e+03 1.78468535e+03 1.38772229e+03
 1.07396598e+03 8.27228592e+02 6.34172793e+02 4.83878951e+02
 3.67462402e+02 2.77738537e+02 2.08932708e+02 1.56431344e+02
 1.16570370e+02 8.64568940e+01]",1,0.9971920137292124,,1286347.0416122647
96,4752,164560.91,11.440584,11.604956,11.896213,794.49872,794.49077-794.50666,8881559.234794948,738323.4737892151,47,624012.8054242388,84.5,694521.1665741507,94.1,[0.46],"[301.2173, 327.233]",[301.21744],[100.0],"[11.280584 11.290584 11.300584 11.310584 11.320584 11.330584 11.340584
 11.350584 11.360584 11.370584 11.380584 11.390584 11.400584 11.410584
 11.420584 11.430584 11.440584 11.450493 11.459791 11.46876  11.478646
 11.488449 11.498508 11.50798  11.517179 11.527373 11.53646  11.54645
 11.555955 11.565648 11.575845 11.585082 11.595029 11.604956 11.614883
 11.62483  11.634067 11.644264 11.653957 11.663462 11.673452 11.682539
 11.692733 11.701932 11.711404 11.721463 11.731266 11.741152 11.750121
 11.759419 11.769328 11.779328 11.789328 11.799328 11.809328 11.819328
 11.829328 11.839328 11.849328 11.859328 11.869328 11.879328 11.889328
 11.899328 11.909328 11.919328 11.929328]","[8.69954711e+01 1.48605079e+02 2.49747944e+02 4.12953785e+02
 6.71787999e+02 1.07521247e+03 1.69311946e+03 2.62308383e+03
 3.99823209e+03 5.99590981e+03 8.84653993e+03 1.28417158e+04
 1.83401939e+04 2.57700971e+04 3.56253752e+04 4.84544979e+04
 9.91038171e+04 1.09710490e+05 1.24309752e+05 1.43521887e+05
 1.68104711e+05 1.98915490e+05 2.36855800e+05 2.82573086e+05
 3.36526394e+05 3.96932287e+05 4.61391012e+05 5.26237597e+05
 5.87453591e+05 6.41567563e+05 6.85795449e+05 7.17562832e+05
 7.35312868e+05 7.37717456e+05 7.37923961e+05 7.09233677e+05
 6.73803693e+05 6.26556670e+05 5.75617278e+05 5.21881786e+05
 4.63399277e+05 4.10088226e+05 3.51873314e+05 3.02050895e+05
 2.54422520e+05 2.08674231e+05 1.69313394e+05 1.34978850e+05
 1.08390906e+05 8.51573569e+04 6.48395526e+04 4.84544979e+04
 3.56253752e+04 2.57700971e+04 1.83401939e+04 1.28417158e+04
 8.84653993e+03 5.99590981e+03 3.99823209e+03 2.62308383e+03
 1.69311946e+03 1.07521247e+03 6.71787999e+02 4.12953785e+02
 2.49747944e+02 1.48605079e+02 8.69954711e+01]",1,0.9956819303319083,,737923.9610842231
97,4595,217215.84,10.987189,11.251714,11.440584,794.49927,794.49132-794.50721,12895252.9281393,919314.3579616547,44,735305.2438482915,80.0,805606.4154213424,87.6,"[2.99, 1.03]","[301.2173, 327.233]","[301.2182, 327.23334]","[26.00472, 51.23024]","[10.912844 10.922844 10.932844 10.942844 10.952844 10.962844 10.972844
 10.982844 10.992844 11.002844 11.012844 11.022844 11.032844 11.042844
 11.052844 11.062844 11.062844 11.072573 11.082607 11.091442 11.100997
 11.110781 11.120681 11.130739 11.139788 11.1493   11.159448 11.169353
 11.179656 11.189924 11.199595 11.20996  11.220116 11.230824 11.24143
 11.251714 11.261998 11.272604 11.283312 11.293468 11.303833 11.313504
 11.323772 11.334075 11.34398  11.354128 11.36364  11.372689 11.382747
 11.392647 11.402431 11.411986 11.420821 11.430855 11.440584 11.440584
 11.450584 11.460584 11.470584 11.480584 11.490584 11.500584 11.510584
 11.520584 11.530584 11.540584 11.550584 11.560584 11.570584 11.580584
 11.590584 11.600584]","[1.32028691e+02 2.21732842e+02 3.66604290e+02 5.96720387e+02
 9.56202824e+02 1.50846411e+03 2.34274896e+03 3.58197325e+03
 5.39168779e+03 7.98974553e+03 1.16559311e+04 1.67404377e+04
 2.36696839e+04 3.29476104e+04 4.51503580e+04 6.09122002e+04
 6.09122002e+04 8.02976269e+04 1.05129968e+05 1.31553839e+05
 1.65366264e+05 2.05941316e+05 2.53250276e+05 3.07588718e+05
 3.61450160e+05 4.22390751e+05 4.91051670e+05 5.60049173e+05
 6.31751980e+05 7.00670581e+05 7.60879808e+05 8.17772650e+05
 8.63451029e+05 8.98537744e+05 9.18313177e+05 9.19311066e+05
 9.13222468e+05 8.95059427e+05 8.65082524e+05 8.23690445e+05
 7.71078104e+05 7.08455548e+05 6.38047378e+05 5.63464963e+05
 4.87573905e+05 4.14659633e+05 3.47270277e+05 2.88059569e+05
 2.37845858e+05 1.97036198e+05 1.65002099e+05 1.39981410e+05
 1.20924568e+05 1.06841963e+05 9.67179742e+04 6.09122002e+04
 4.51503580e+04 3.29476104e+04 2.36696839e+04 1.67404377e+04
 1.16559311e+04 7.98974553e+03 5.39168779e+03 3.58197325e+03
 2.34274896e+03 1.50846411e+03 9.56202824e+02 5.96720387e+02
 3.66604290e+02 2.21732842e+02 1.32028691e+02 7.73949140e+01]",1,0.9980284866079822,,919311.0660043355
98,5719,447691.06,13.69105,13.98466,14.223109,794.53534,794.52739-794.54328,27998146.414496154,2232432.3724823,56,2211333.9387968434,99.1,1839682.4064483356,82.4,[1.37],"[301.2173, 327.233]",[301.21771],[100.0],"[13.65105  13.66105  13.67105  13.68105  13.69105  13.700479 13.709946
 13.719612 13.728795 13.738079 13.74734  13.757231 13.766684 13.776028
 13.785516 13.794744 13.804099 13.813652 13.82327  13.832782 13.841959
 13.851502 13.861312 13.871041 13.880732 13.889868 13.899586 13.909576
 13.919013 13.928447 13.937496 13.946818 13.956646 13.965955 13.9753
 13.98466  13.99402  14.003365 14.012674 14.022502 14.031824 14.040873
 14.050307 14.059744 14.069734 14.079452 14.088588 14.098279 14.108008
 14.117818 14.127361 14.136538 14.14605  14.155668 14.165221 14.174576
 14.183804 14.193292 14.202636 14.212089 14.22198  14.231241 14.240525
 14.249708 14.259374 14.268841 14.27827  14.28827  14.29827  14.30827
 14.31827 ]","[7.05472453e+01 1.31135688e+02 2.39143637e+02 4.27852288e+02
 1.71882432e+04 1.75927571e+04 1.85793997e+04 2.04168025e+04
 2.32714715e+04 2.72144175e+04 3.23923704e+04 3.90433424e+04
 4.78277542e+04 5.96271688e+04 7.53117857e+04 9.68946684e+04
 1.25901662e+05 1.64227791e+05 2.13998668e+05 2.76682254e+05
 3.55063082e+05 4.51039022e+05 5.66037535e+05 7.01294853e+05
 8.55117925e+05 1.02439498e+06 1.20382516e+06 1.38610325e+06
 1.56447976e+06 1.73232957e+06 1.88383260e+06 2.01437737e+06
 2.11804372e+06 2.19059001e+06 2.22831756e+06 2.22917247e+06
 2.23084017e+06 2.19253031e+06 2.11954545e+06 2.00868647e+06
 1.87660013e+06 1.72900042e+06 1.56122672e+06 1.38589273e+06
 1.19923581e+06 1.02291407e+06 8.66481087e+05 7.14045398e+05
 5.77456689e+05 4.57707394e+05 3.58704122e+05 2.79133896e+05
 2.11608240e+05 1.57135329e+05 1.14890908e+05 8.31328690e+04
 5.94358331e+04 4.13852988e+04 2.84921061e+04 1.92015014e+04
 1.24756030e+04 8.19130075e+03 5.28497337e+03 3.37103273e+03
 2.06370801e+03 1.25430006e+03 7.50975868e+02 4.27852288e+02
 2.39143637e+02 1.31135688e+02 7.05472453e+01]",1,0.999785066721697,,2230840.1725615524
99,5962,1622297.0,14.223109,14.53144,15.026902,794.53577,794.52782-794.54371,110091433.97190167,7257011.531463623,83,6868046.408838948,94.6,6947217.737994344,95.7,[0.96],"[301.2173, 327.233]",[301.21759],[100.0],"[14.023109 14.033109 14.043109 14.053109 14.063109 14.073109 14.083109
 14.093109 14.103109 14.113109 14.123109 14.133109 14.143109 14.153109
 14.163109 14.173109 14.183109 14.193109 14.203109 14.213109 14.223109
 14.232737 14.242259 14.251873 14.261785 14.271335 14.280773 14.290618
 14.299911 14.309751 14.319731 14.32933  14.339187 14.348464 14.358441
 14.368527 14.378303 14.387671 14.396887 14.406624 14.416664 14.426066
 14.43542  14.444635 14.454482 14.464556 14.473921 14.483293 14.492636
 14.502855 14.512228 14.522128 14.53144  14.540752 14.550652 14.560025
 14.570244 14.579587 14.588959 14.598324 14.608398 14.618245 14.62746
 14.636814 14.646216 14.656256 14.665993 14.675209 14.684577 14.694353
 14.704439 14.714416 14.723693 14.73355  14.743149 14.753129 14.762969
 14.772262 14.782107 14.791545 14.801095 14.811007 14.820621 14.830143
 14.839771 14.849771 14.859771 14.869771 14.879771 14.889771 14.899771
 14.909771 14.919771 14.929771 14.939771 14.949771 14.959771 14.969771
 14.979771 14.989771 14.999771 15.009771 15.019771 15.029771 15.039771]","[7.08286236e+01 1.08588379e+02 1.65148811e+02 2.49163893e+02
 3.72917118e+02 5.53677768e+02 8.15491441e+02 1.19151437e+03
 1.72701741e+03 2.48320002e+03 3.54196483e+03 5.01180703e+03
 7.03496583e+03 9.79596442e+03 1.35316252e+04 1.85425849e+04
 2.52062447e+04 3.39909713e+04 4.54712148e+04 6.03430272e+04
 3.77218319e+05 3.83454182e+05 3.93159538e+05 4.07691226e+05
 4.27983005e+05 4.55588839e+05 4.91951507e+05 5.39831771e+05
 6.02733367e+05 6.82952082e+05 7.83758695e+05 9.06212132e+05
 1.05216834e+06 1.22338983e+06 1.42172068e+06 1.64774020e+06
 1.90506913e+06 2.19496287e+06 2.51634188e+06 2.87075417e+06
 3.25399948e+06 3.66114748e+06 4.08574333e+06 4.51922148e+06
 4.95489919e+06 5.38393298e+06 5.79571307e+06 6.18214804e+06
 6.53167956e+06 6.82899820e+06 7.06170758e+06 7.20850592e+06
 7.25753647e+06 7.27159959e+06 7.02301489e+06 6.74645959e+06
 6.40571085e+06 6.06465140e+06 5.70054722e+06 5.32098432e+06
 4.90221200e+06 4.48930137e+06 4.10543777e+06 3.72331881e+06
 3.35129540e+06 2.97162550e+06 2.62420836e+06 2.31659604e+06
 2.02664582e+06 1.74951421e+06 1.49122750e+06 1.26309110e+06
 1.07466862e+06 8.98346799e+05 7.48856779e+05 6.14913107e+05
 5.02381271e+05 4.12132480e+05 3.31628148e+05 2.67300023e+05
 2.13342700e+05 1.67527402e+05 1.31516967e+05 1.02733187e+05
 7.94392590e+04 6.03430272e+04 4.54712148e+04 3.39909713e+04
 2.52062447e+04 1.85425849e+04 1.35316252e+04 9.79596442e+03
 7.03496583e+03 5.01180703e+03 3.54196483e+03 2.48320002e+03
 1.72701741e+03 1.19151437e+03 8.15491441e+02 5.53677768e+02
 3.72917118e+02 2.49163893e+02 1.65148811e+02 1.08588379e+02
 7.08286236e+01]",1,0.9968716238497441,,7271599.588474211
100,5202,486844.62,12.543988,12.649717,12.803091,796.51349,796.50552-796.52145,18931042.737073753,1634753.793422699,27,390190.86837612535,23.9,1077059.6872844216,65.9,[2.89],"[301.2173, 327.233]",[301.21817],[100.0],"[12.176343 12.186343 12.196343 12.206343 12.216343 12.226343 12.236343
 12.246343 12.256343 12.266343 12.276343 12.286343 12.296343 12.306343
 12.316343 12.326343 12.336343 12.346343 12.356343 12.366343 12.376343
 12.386343 12.396343 12.406343 12.416343 12.426343 12.436343 12.446343
 12.456343 12.466343 12.476343 12.486343 12.496343 12.496343 12.505716
 12.514659 12.523903 12.533962 12.54397  12.553744 12.562859 12.572621
 12.582017 12.592235 12.601654 12.61079  12.620339 12.630301 12.640346
 12.649717 12.659088 12.669133 12.679095 12.688644 12.69778  12.707199
 12.717417 12.726813 12.736575 12.74569  12.755464 12.765472 12.775531
 12.784775 12.793718 12.803091 12.803091 12.813091 12.823091 12.833091
 12.843091 12.853091 12.863091 12.873091 12.883091 12.893091 12.903091
 12.913091 12.923091 12.933091 12.943091 12.953091 12.963091 12.973091
 12.983091 12.993091 13.003091 13.013091 13.023091 13.033091 13.043091
 13.053091 13.063091 13.073091 13.083091 13.093091 13.103091 13.113091
 13.123091 13.133091]","[1.15861367e+02 1.67682883e+02 2.40938044e+02 3.43707173e+02
 4.86786333e+02 6.84470482e+02 9.55515279e+02 1.32430224e+03
 1.82222986e+03 2.48934889e+03 3.37625270e+03 4.54622249e+03
 6.07761231e+03 8.06643923e+03 1.06291199e+04 1.39052663e+04
 1.80604215e+04 2.32885805e+04 2.98143071e+04 3.78942214e+04
 4.78176052e+04 5.99058482e+04 7.45104502e+04 9.20092984e+04
 1.12800965e+05 1.37296820e+05 1.65910819e+05 1.99046939e+05
 2.37084337e+05 2.80360477e+05 3.29152594e+05 3.83658072e+05
 4.43974435e+05 4.43974435e+05 5.05767198e+05 5.69351934e+05
 6.39599304e+05 7.20854861e+05 8.06079534e+05 8.92779123e+05
 9.75936044e+05 1.06649046e+06 1.15405785e+06 1.24840749e+06
 1.33327159e+06 1.41242969e+06 1.49056867e+06 1.56568127e+06
 1.63336777e+06 1.63480942e+06 1.62546739e+06 1.59082011e+06
 1.53241384e+06 1.45353249e+06 1.35959566e+06 1.25688707e+06
 1.15096946e+06 1.04591887e+06 9.44522594e+05 8.49353943e+05
 7.63562431e+05 6.88357985e+05 6.26164116e+05 5.77940260e+05
 5.43716357e+05 5.21486169e+05 4.43974435e+05 3.83658072e+05
 3.29152594e+05 2.80360477e+05 2.37084337e+05 1.99046939e+05
 1.65910819e+05 1.37296820e+05 1.12800965e+05 9.20092984e+04
 7.45104502e+04 5.99058482e+04 4.78176052e+04 3.78942214e+04
 2.98143071e+04 2.32885805e+04 1.80604215e+04 1.39052663e+04
 1.06291199e+04 8.06643923e+03 6.07761231e+03 4.54622249e+03
 3.37625270e+03 2.48934889e+03 1.82222986e+03 1.32430224e+03
 9.55515279e+02 6.84470482e+02 4.86786333e+02 3.43707173e+02
 2.40938044e+02 1.67682883e+02 1.15861367e+02 7.94795008e+01]",1,0.9920179760770051,,1634809.4232977186
101,5848,412214.31,14.154899,14.378303,14.666926,796.51447,796.5065-796.52243,106706894.11154215,8698346.432220459,53,8196981.771834929,94.2,8213468.731555439,94.4,[0.05],"[301.2173, 327.233]",[301.21729],[20.86772],"[14.004899 14.014899 14.024899 14.034899 14.044899 14.054899 14.064899
 14.074899 14.084899 14.094899 14.104899 14.114899 14.124899 14.134899
 14.144899 14.154899 14.164363 14.17433  14.18413  14.193576 14.203391
 14.213052 14.223109 14.232737 14.242259 14.251873 14.261785 14.271335
 14.280773 14.290618 14.299911 14.309751 14.319731 14.32933  14.339187
 14.348464 14.358441 14.368527 14.378303 14.388079 14.398165 14.408142
 14.417419 14.427276 14.436875 14.446855 14.456695 14.465988 14.475833
 14.485271 14.494821 14.504733 14.514347 14.523869 14.533497 14.543554
 14.553215 14.56303  14.572476 14.582276 14.592243 14.601707 14.611707
 14.621707 14.631707 14.641707 14.651707 14.661707 14.671707 14.681707
 14.691707 14.701707 14.711707 14.721707 14.731707 14.741707 14.751707]","[7.28642867e+01 1.34263259e+02 2.43378848e+02 4.34001925e+02
 7.61348786e+02 1.31388950e+03 2.23057691e+03 3.72527847e+03
 6.12045149e+03 9.89216513e+03 1.57283235e+04 2.46012224e+04
 3.78542042e+04 5.73000146e+04 8.53254374e+04 4.59999634e+05
 4.80405249e+05 5.13586191e+05 5.64710193e+05 6.40021967e+05
 7.47697956e+05 8.95570662e+05 1.09323645e+06 1.34917487e+06
 1.67083367e+06 2.06455662e+06 2.53290171e+06 3.07427206e+06
 3.67986806e+06 4.33405501e+06 5.02497221e+06 5.72608830e+06
 6.41782394e+06 7.06719729e+06 7.64269358e+06 8.11516397e+06
 8.45766706e+06 8.65305217e+06 8.69671750e+06 8.69000248e+06
 8.41586690e+06 8.02057386e+06 7.55826174e+06 6.98739223e+06
 6.37463638e+06 5.70243754e+06 5.02810823e+06 4.40007449e+06
 3.76156897e+06 3.18872383e+06 2.65803473e+06 2.16592429e+06
 1.74871566e+06 1.39380003e+06 1.09150104e+06 8.31902104e+05
 6.30937151e+05 4.69011629e+05 3.47335654e+05 2.50446749e+05
 1.76705618e+05 1.24992943e+05 8.53254374e+04 5.73000146e+04
 3.78542042e+04 2.46012224e+04 1.57283235e+04 9.89216513e+03
 6.12045149e+03 3.72527847e+03 2.23057691e+03 1.31388950e+03
 7.61348786e+02 4.34001925e+02 2.43378848e+02 1.34263259e+02
 7.28642867e+01]",1,0.9978618972809116,,8696717.49632439
102,5410,26699304.0,12.803091,13.183936,13.596121,796.51465,796.50668-796.52261,1692040393.7162983,119041857.72167969,83,118428918.74366488,99.5,112334275.36488935,94.4,[1.47],"[301.2173, 327.233]",[301.21774],[100.0],"[12.621751 12.631751 12.641751 12.651751 12.661751 12.671751 12.681751
 12.691751 12.701751 12.711751 12.721751 12.731751 12.741751 12.751751
 12.761751 12.771751 12.771751 12.78087  12.790635 12.800421 12.810441
 12.81999  12.829108 12.838706 12.848008 12.857721 12.867126 12.876121
 12.885883 12.895385 12.905051 12.91489  12.924136 12.934045 12.943951
 12.953632 12.963783 12.973297 12.983303 12.993525 13.002872 13.012708
 13.022156 13.031608 13.041917 13.051217 13.060857 13.070153 13.079276
 13.089378 13.098781 13.108132 13.117731 13.126732 13.136818 13.146361
 13.155606 13.165155 13.174133 13.183936 13.193739 13.202717 13.212266
 13.221511 13.231054 13.24114  13.250141 13.25974  13.269091 13.278494
 13.288596 13.297719 13.307015 13.316655 13.325955 13.336264 13.345716
 13.355164 13.365    13.374347 13.384569 13.394575 13.404089 13.41424
 13.423921 13.433827 13.443736 13.452982 13.462821 13.472487 13.481989
 13.491751 13.500746 13.510151 13.519864 13.529166 13.538764 13.547882
 13.557431 13.567451 13.577237 13.587002 13.596121 13.596121 13.606121
 13.616121 13.626121 13.636121 13.646121 13.656121 13.666121 13.676121
 13.686121 13.696121 13.706121 13.716121 13.726121 13.736121 13.746121
 13.756121]","[1.21583546e+02 1.93225513e+02 3.04675577e+02 4.76644218e+02
 7.39834414e+02 1.13935285e+03 1.74086650e+03 2.63910218e+03
 3.96945111e+03 5.92363406e+03 8.77060392e+03 1.28841060e+04
 1.87785732e+04 2.71552876e+04 3.89609678e+04 5.54611126e+04
 5.54611126e+04 7.60078151e+04 1.05748418e+05 1.46126712e+05
 2.01908113e+05 2.72762744e+05 3.61087689e+05 4.81709351e+05
 6.32548688e+05 8.34593900e+05 1.08384618e+06 1.38256400e+06
 1.78767860e+06 2.27926228e+06 2.89704427e+06 3.67030305e+06
 4.55241416e+06 5.69176126e+06 7.06104776e+06 8.65218759e+06
 1.06225434e+07 1.27803778e+07 1.54054980e+07 1.84938379e+07
 2.17000798e+07 2.54861934e+07 2.95312046e+07 3.39807361e+07
 3.92853689e+07 4.44577723e+07 5.01775511e+07 5.60000706e+07
 6.19597843e+07 6.87744101e+07 7.52445701e+07 8.17168824e+07
 8.83062682e+07 9.43437580e+07 1.00834329e+08 1.06597777e+08
 1.11729264e+08 1.16463937e+08 1.20308628e+08 1.18986668e+08
 1.18041942e+08 1.15991868e+08 1.12881990e+08 1.08796467e+08
 1.03837512e+08 9.81259256e+07 9.17835123e+07 8.49263633e+07
 7.76496136e+07 7.00486288e+07 6.22683855e+07 5.45373171e+07
 4.70961782e+07 4.01927903e+07 3.40324134e+07 2.87040734e+07
 2.42447440e+07 2.06551658e+07 1.78488264e+07 1.57295981e+07
 1.41784888e+07 1.30997783e+07 1.23820161e+07 1.19361635e+07
 1.16693720e+07 1.15079454e+07 1.13872249e+07 1.12620809e+07
 1.11036339e+07 1.08929375e+07 1.06237466e+07 1.02940396e+07
 9.91141893e+06 9.48660554e+06 9.03640072e+06 8.57783904e+06
 8.13311297e+06 7.72474028e+06 7.36748626e+06 7.07572396e+06
 6.85015928e+06 6.69124972e+06 6.58600975e+06 5.54611126e+04
 3.89609678e+04 2.71552876e+04 1.87785732e+04 1.28841060e+04
 8.77060392e+03 5.92363406e+03 3.96945111e+03 2.63910218e+03
 1.74086650e+03 1.13935285e+03 7.39834414e+02 4.76644218e+02
 3.04675577e+02 1.93225513e+02 1.21583546e+02 7.59046984e+01]",1,0.9794520543517997,,120308628.16063255
103,5602,1999347.5,13.596121,13.700479,14.154899,796.51471,796.50674-796.52267,125052652.16748878,9395397.075653076,59,2743230.950795993,29.2,8895888.341095345,94.7,[3.5],"[301.2173, 327.233]",[301.21835],[40.8559],"[13.596121 13.606032 13.615347 13.625065 13.634439 13.643654 13.653033
 13.662794 13.672471 13.681857 13.69105  13.700479 13.709946 13.719612
 13.728795 13.738079 13.74734  13.757231 13.766684 13.776028 13.785516
 13.794744 13.804099 13.813652 13.82327  13.832782 13.841959 13.851502
 13.861312 13.871041 13.880732 13.889868 13.899586 13.909576 13.919013
 13.928447 13.937496 13.946818 13.956646 13.965955 13.9753   13.98466
 13.994211 14.003575 14.012934 14.022271 14.031742 14.041136 14.050579
 14.05994  14.069291 14.078844 14.088238 14.097699 14.107069 14.11659
 14.126359 14.135847 14.145236 14.154899]","[6524695.86622969 6629338.69163145 6799005.71341935 7042082.93623418
 7356478.34109504 7725447.65576153 8124044.99222569 8520063.27019357
 8874726.32825951 9158256.23721148 9338586.57161804 9395624.06558481
 9309721.50515807 9078794.74790526 8710377.593157   8227080.19558556
 7663325.82494497 7052042.44204209 6425439.2584806  5809724.3304889
 5225127.31533295 4681951.14548947 4186010.47319244 3741574.22967013
 3344897.2197146  2997190.69557343 2696072.39199324 2442296.43599035
 2228437.199428   2050844.56445168 1902803.43340426 1781552.01369729
 1682736.43428798 1602328.31301743 1535763.17525914 1480278.33256294
 1432540.21286714 1390344.65648285 1350441.11449798 1311048.88986882
 1269818.70024724 1226921.77866067 1182277.80171486 1136467.75853762
 1088831.72528544 1040357.43838413  989429.56295595  936941.17258572
  883763.03953423  831258.60716742  780690.22392658  733482.45248031
  689629.1211388   649427.18922852  612041.16767362  577714.53518795
  545942.39877356  517437.33857811  492798.52203103  472866.87220409]",,,,9395624.065584807
104,1526,4182504.0,3.414545,3.5839923,3.9732456,796.55023,796.54227-796.5582,53050045.464865014,7509888.824970245,60,7504713.328656609,99.9,7504713.328656609,99.9,[1.98],"[301.2173, 327.233]",[301.2179],[40.5852],"[3.3420212 3.3511129 3.3600191 3.3690687 3.3780909 3.3870388 3.3960591
 3.4048505 3.413837  3.4227972 3.4317087 3.4406958 3.4496328 3.4586888
 3.4676358 3.4765203 3.4855034 3.494437  3.5034805 3.5123881 3.5212593
 3.5302316 3.5392551 3.5482245 3.5570947 3.5660855 3.5749218 3.5839923
 3.5930628 3.6018991 3.6108899 3.6197601 3.6287295 3.637753  3.6467253
 3.6555965 3.6645041 3.6735476 3.6824812 3.6914643 3.7003488 3.7092958
 3.7183518 3.7272888 3.7362759 3.7451874 3.7541476 3.7631341 3.7719255
 3.7809458 3.7898937 3.7989159 3.8079655 3.8168717 3.8259634 3.8350076
 3.844128  3.8532513 3.8622774 3.8713409 3.8805763 3.8898108 3.8989201
 3.9080581 3.9172583 3.9265905 3.9360254 3.9452102 3.9545221 3.963867 ]","[1.31092645e+02 2.92231105e+02 6.22243884e+02 1.30164750e+03
 2.63648274e+03 5.15443943e+03 9.83423305e+03 1.79335157e+04
 3.21819821e+04 5.59712949e+04 9.42504107e+04 1.54762409e+05
 2.46062178e+05 3.82017451e+05 5.72729108e+05 8.31621242e+05
 1.17725857e+06 1.61508124e+06 2.15880382e+06 2.78970950e+06
 3.49820204e+06 4.27027624e+06 5.06504736e+06 5.82597648e+06
 6.49882883e+06 7.04876341e+06 7.41643398e+06 7.50471333e+06
 7.42826531e+06 7.10155502e+06 6.56314012e+06 5.86605750e+06
 5.07141489e+06 4.24423147e+06 3.44565145e+06 2.71653473e+06
 2.09311392e+06 1.57468802e+06 1.17215645e+06 8.66319310e+05
 6.39317197e+05 4.74205216e+05 3.54410185e+05 2.68346229e+05
 2.03685247e+05 1.56819856e+05 1.21402484e+05 9.43775771e+04
 7.42587611e+04 5.88800196e+04 4.77008845e+04 3.93781882e+04
 3.32801805e+04 2.93198588e+04 2.61201473e+04 2.32660388e+04
 2.02047398e+04 1.67659960e+04 1.31882964e+04 1.00997857e+04
 7.74210902e+03 5.93544581e+03 4.65438308e+03 3.58736383e+03
 2.68963394e+03 1.86345809e+03 1.21466971e+03 7.00637712e+02
 3.57623090e+02 1.61530422e+02]",1,0.9994885756529175,,7504713.328656609
105,7415,782084.75,17.703732,17.996164,18.735042,796.55078,796.54282-796.55875,51393733.84737781,3377176.5112075806,108,3278893.313479667,97.1,3316701.0345899444,98.2,[1.17],"[301.2173, 327.233]",[301.21765],[79.93734],"[17.473111 17.482711 17.492562 17.50237  17.511943 17.521797 17.531344
 17.54095  17.550394 17.560163 17.569436 17.579008 17.588312 17.597728
 17.60696  17.61671  17.626708 17.635833 17.645246 17.654499 17.664205
 17.673644 17.682758 17.692178 17.701697 17.71141  17.720814 17.730238
 17.739694 17.748977 17.758487 17.768008 17.777682 17.787372 17.796731
 17.80609  17.815503 17.825007 17.834496 17.843926 17.853377 17.862811
 17.872363 17.881849 17.891298 17.900696 17.910185 17.920073 17.929487
 17.938844 17.948202 17.958037 17.967783 17.977128 17.986827 17.996164
 18.005501 18.0152   18.024545 18.034291 18.044126 18.053484 18.062841
 18.072255 18.082143 18.091632 18.10103  18.110479 18.119965 18.129517
 18.138951 18.148402 18.157832 18.167321 18.176825 18.186238 18.195597
 18.204956 18.214646 18.22432  18.233841 18.243351 18.252634 18.26209
 18.271514 18.280918 18.290631 18.30015  18.30957  18.318684 18.328123
 18.337829 18.347082 18.356495 18.36562  18.375618 18.385368 18.3946
 18.404016 18.41332  18.422892 18.432165 18.441934 18.451378 18.460984
 18.470531 18.480385 18.489958 18.499766 18.509617 18.519217 18.52895
 18.538296 18.548355 18.558626 18.568534 18.578164 18.587727 18.597325
 18.607304 18.617329 18.62713  18.636776 18.646604 18.656428 18.666372
 18.676105 18.685672 18.695236 18.705117 18.715736 18.725304 18.735042]","[1.03348085e+02 1.47958215e+02 2.12434539e+02 3.02539901e+02
 4.24546703e+02 5.97812471e+02 8.27642463e+02 1.14098789e+03
 1.55494570e+03 2.12818055e+03 2.84956332e+03 3.82803760e+03
 5.06985356e+03 6.69706686e+03 8.74728486e+03 1.15250080e+04
 1.51895389e+04 1.94269909e+04 2.48923804e+04 3.15755435e+04
 4.02697240e+04 5.07033249e+04 6.29732372e+04 7.83179874e+04
 9.70296172e+04 1.19974573e+05 1.46450496e+05 1.77770871e+05
 2.14626806e+05 2.56711666e+05 3.06530538e+05 3.63847589e+05
 4.30351948e+05 5.05920342e+05 5.87911623e+05 6.79139688e+05
 7.80481120e+05 8.92686361e+05 1.01457962e+06 1.14524226e+06
 1.28527131e+06 1.43342635e+06 1.59101670e+06 1.75387426e+06
 1.92096378e+06 2.09033125e+06 2.26268455e+06 2.44148947e+06
 2.60869453e+06 2.76966863e+06 2.92316295e+06 3.07389620e+06
 3.21006716e+06 3.32609093e+06 3.42937483e+06 3.37404227e+06
 3.37080737e+06 3.33117499e+06 3.25575479e+06 3.14801228e+06
 3.01330700e+06 2.85483997e+06 2.67811922e+06 2.48901873e+06
 2.29191963e+06 2.09418200e+06 1.89992766e+06 1.71227712e+06
 1.53395822e+06 1.36692287e+06 1.21126286e+06 1.06845911e+06
 9.38283686e+05 8.22221922e+05 7.18990682e+05 6.29631388e+05
 5.53811774e+05 4.89810768e+05 4.35857436e+05 3.89970910e+05
 3.50205128e+05 3.15302898e+05 2.85077989e+05 2.58788241e+05
 2.36501324e+05 2.17815986e+05 2.02350328e+05 1.90068499e+05
 1.80435015e+05 1.73162929e+05 1.67588144e+05 1.62875081e+05
 1.58702173e+05 1.54670510e+05 1.50634280e+05 1.46488888e+05
 1.42257404e+05 1.38330036e+05 1.35268094e+05 1.33143680e+05
 1.31983967e+05 1.31453648e+05 1.30730614e+05 1.29533238e+05
 1.27299303e+05 1.23994002e+05 1.19953894e+05 1.15545850e+05
 1.11234516e+05 1.07312527e+05 1.03986838e+05 1.01365226e+05
 9.92577340e+04 9.74825244e+04 9.61218321e+04 9.48469731e+04
 9.33841870e+04 9.16509434e+04 8.94747124e+04 8.67319992e+04
 8.34831746e+04 7.96528767e+04 7.55235183e+04 7.13253651e+04
 6.74363122e+04 6.41984866e+04 6.17564065e+04 6.00907389e+04
 5.90967398e+04 5.85860820e+04 5.83921966e+04 5.84192946e+04
 5.85458856e+04]",1,0.9915141169781538,,3429374.829120823
106,7026,1389795.6,16.591009,17.077073,17.352535,796.55109,796.54312-796.55905,73169101.91405477,6525177.554992676,78,6463944.565311496,99.1,6421524.155854801,98.4,[0.76],"[301.2173, 327.233]",[301.21753],[83.48397],"[16.591009 16.600581 16.61064  16.62048  16.630569 16.640593 16.650576
 16.660482 16.670384 16.680551 16.690559 16.700425 16.710582 16.720382
 16.730537 16.74039  16.749756 16.759682 16.769565 16.779555 16.789166
 16.798499 16.808718 16.818561 16.828687 16.838524 16.848221 16.858511
 16.86822  16.878203 16.888385 16.898205 16.908788 16.91839  16.928448
 16.938637 16.948461 16.959074 16.968587 16.978368 16.988768 16.998365
 17.008495 17.017815 17.027998 17.038598 17.048183 17.057791 17.067213
 17.077073 17.086933 17.096355 17.105963 17.115548 17.126148 17.136331
 17.145651 17.155781 17.165378 17.175778 17.185559 17.195072 17.205685
 17.215509 17.225698 17.235756 17.245358 17.255941 17.265761 17.275943
 17.285926 17.295635 17.305925 17.315622 17.325459 17.335585 17.345428
 17.355647 17.36498  17.374591 17.384581 17.394464 17.40439  17.413756
 17.423609 17.433764 17.443564 17.453721 17.463587]","[5.63956686e+04 5.79617838e+04 5.97208606e+04 6.15334373e+04
 6.36804744e+04 6.64202034e+04 6.99521860e+04 7.43671037e+04
 7.97171098e+04 8.57164029e+04 9.18861353e+04 9.80853746e+04
 1.03714028e+05 1.08864928e+05 1.13368539e+05 1.17455715e+05
 1.21392666e+05 1.25387291e+05 1.29957825e+05 1.35175591e+05
 1.41402496e+05 1.48896920e+05 1.58306180e+05 1.70365541e+05
 1.86455024e+05 2.08309945e+05 2.38092055e+05 2.78319316e+05
 3.31625583e+05 4.00829102e+05 4.89183141e+05 6.00178118e+05
 7.37985288e+05 9.07084412e+05 1.11310566e+06 1.36139438e+06
 1.65714487e+06 2.00257155e+06 2.39686740e+06 2.83755367e+06
 3.31491487e+06 3.81817064e+06 4.33064145e+06 4.83284691e+06
 5.30452522e+06 5.72539033e+06 6.07560553e+06 6.33506976e+06
 6.48828431e+06 6.52253655e+06 6.50414606e+06 6.29560314e+06
 6.01141112e+06 5.66631013e+06 5.22779666e+06 4.76648524e+06
 4.32396748e+06 3.83551400e+06 3.37812566e+06 2.90075846e+06
 2.47861394e+06 2.09955603e+06 1.71844557e+06 1.40744253e+06
 1.12778642e+06 8.93286832e+05 7.05559194e+05 5.35836442e+05
 4.09240737e+05 3.05028879e+05 2.25424225e+05 1.65721731e+05
 1.17876493e+05 8.43402459e+04 5.92417762e+04 4.05967710e+04
 2.77262674e+04 1.83930723e+04 1.24811062e+04 8.26477166e+03
 5.31032520e+03 3.38082628e+03 2.11845130e+03 1.34556525e+03
 8.23592470e+02 4.89475263e+02 2.92165489e+02 1.68703203e+02
 9.75819884e+01]",1,0.9981657579164439,,6522536.551099009
107,6296,252380.56,15.113677,15.219699,15.353645,798.53052,798.52253-798.5385,22633708.505832355,1922420.1415977478,25,425200.7426101903,22.1,927038.038632443,48.2,[1.78],"[301.2173, 327.233]",[327.23358],[14.66126],"[14.665753 14.675753 14.685753 14.695753 14.705753 14.715753 14.725753
 14.735753 14.745753 14.755753 14.765753 14.775753 14.785753 14.795753
 14.805753 14.815753 14.825753 14.835753 14.845753 14.855753 14.865753
 14.875753 14.885753 14.895753 14.905753 14.915753 14.925753 14.935753
 14.945753 14.955753 14.965753 14.975753 14.985753 14.995753 15.005753
 15.015753 15.025753 15.035753 15.045753 15.055753 15.065753 15.075753
 15.085753 15.085753 15.095113 15.104534 15.114202 15.124068 15.134004
 15.143395 15.152799 15.162275 15.171959 15.181943 15.191366 15.200809
 15.210247 15.219699 15.229151 15.238589 15.248032 15.257455 15.267439
 15.277123 15.286599 15.296003 15.305394 15.31533  15.325196 15.334864
 15.344285 15.353645 15.353645 15.363645 15.373645 15.383645 15.393645
 15.403645 15.413645 15.423645 15.433645 15.443645 15.453645 15.463645
 15.473645 15.483645 15.493645 15.503645 15.513645 15.523645 15.533645
 15.543645 15.553645 15.563645 15.573645 15.583645 15.593645 15.603645
 15.613645 15.623645 15.633645 15.643645 15.653645 15.663645 15.673645
 15.683645 15.693645 15.703645 15.713645 15.723645 15.733645 15.743645
 15.753645 15.763645 15.773645 15.783645]","[1.30053541e+02 1.78996407e+02 2.45041993e+02 3.33665104e+02
 4.51913309e+02 6.08798457e+02 8.15766795e+02 1.08725791e+03
 1.44136242e+03 1.90058756e+03 2.49273804e+03 3.25191713e+03
 4.21964939e+03 5.44612161e+03 6.99153234e+03 8.92753326e+03
 1.13387362e+04 1.43242502e+04 1.79992004e+04 2.24961705e+04
 2.79664955e+04 3.45813203e+04 4.25323288e+04 5.20320365e+04
 6.33135340e+04 7.66295642e+04 9.22508180e+04 1.10463339e+05
 1.31564941e+05 1.55860567e+05 1.83656541e+05 2.15253696e+05
 2.50939428e+05 2.90978740e+05 3.35604430e+05 3.85006605e+05
 4.39321790e+05 4.98621933e+05 5.62903671e+05 6.32078261e+05
 7.05962604e+05 7.84271815e+05 8.66613777e+05 8.66613777e+05
 9.46895801e+05 1.03031933e+06 1.11803816e+06 1.20900149e+06
 1.30121753e+06 1.38806939e+06 1.47385845e+06 1.55818549e+06
 1.64117577e+06 1.72228697e+06 1.79370903e+06 1.85936257e+06
 1.91820720e+06 1.92207778e+06 1.90918966e+06 1.87905104e+06
 1.82978085e+06 1.76163997e+06 1.67605377e+06 1.57551464e+06
 1.46634259e+06 1.35647463e+06 1.25171903e+06 1.15852690e+06
 1.08060311e+06 1.01920791e+06 9.73770311e+05 9.42447368e+05
 8.66613777e+05 7.84271815e+05 7.05962604e+05 6.32078261e+05
 5.62903671e+05 4.98621933e+05 4.39321790e+05 3.85006605e+05
 3.35604430e+05 2.90978740e+05 2.50939428e+05 2.15253696e+05
 1.83656541e+05 1.55860567e+05 1.31564941e+05 1.10463339e+05
 9.22508180e+04 7.66295642e+04 6.33135340e+04 5.20320365e+04
 4.25323288e+04 3.45813203e+04 2.79664955e+04 2.24961705e+04
 1.79992004e+04 1.43242502e+04 1.13387362e+04 8.92753326e+03
 6.99153234e+03 5.44612161e+03 4.21964939e+03 3.25191713e+03
 2.49273804e+03 1.90058756e+03 1.44136242e+03 1.08725791e+03
 8.15766795e+02 6.08798457e+02 4.51913309e+02 3.33665104e+02
 2.45041993e+02 1.78996407e+02 1.30053541e+02 9.39883696e+01]",1,0.9886676569537176,,1922077.782873182
108,8476,175783.77,20.39682,20.634296,21.38146,800.53931,800.5313-800.54731,14375003.288671857,641092.0296058655,102,497827.5019563362,77.7,623619.7970698173,97.3,[2.79],"[301.2173, 327.233]",[301.21814],[74.43281],"[20.09682  20.10682  20.11682  20.12682  20.13682  20.14682  20.15682
 20.16682  20.17682  20.18682  20.19682  20.20682  20.21682  20.22682
 20.23682  20.24682  20.25682  20.26682  20.27682  20.28682  20.29682
 20.30682  20.31682  20.32682  20.33682  20.34682  20.35682  20.36682
 20.37682  20.38682  20.39682  20.406475 20.416882 20.427763 20.438067
 20.448076 20.457723 20.467952 20.478241 20.488567 20.498143 20.5081
 20.517673 20.527443 20.537841 20.547457 20.557253 20.566935 20.576382
 20.586221 20.595919 20.60569  20.615127 20.624671 20.634296 20.643921
 20.653465 20.662902 20.672673 20.682371 20.69221  20.701657 20.711339
 20.721135 20.730751 20.741149 20.750919 20.760492 20.770449 20.780025
 20.790351 20.80064  20.810869 20.820516 20.830525 20.840829 20.85171
 20.862117 20.871772 20.881772 20.891772 20.901772 20.911772 20.921772
 20.931772 20.941772 20.951772 20.961772 20.971772 20.981772 20.991772
 21.001772 21.011772 21.021772 21.031772 21.041772 21.051772 21.061772
 21.071772 21.081772 21.091772 21.101772 21.111772 21.121772 21.131772
 21.141772 21.151772 21.161772 21.171772]","[8.63358911e+01 1.17700278e+02 1.59589347e+02 2.15214041e+02
 2.88654015e+02 3.85056891e+02 5.10872462e+02 6.74124922e+02
 8.84725549e+02 1.15482732e+03 1.49922160e+03 1.93577512e+03
 2.48590355e+03 3.17507466e+03 4.03333138e+03 5.09582101e+03
 6.40331285e+03 8.00268224e+03 9.94733447e+03 1.22975378e+04
 1.51206307e+04 1.84910658e+04 2.24902497e+04 2.72061386e+04
 3.27325494e+04 3.91681495e+04 4.66150948e+04 5.51772925e+04
 6.49582770e+04 7.60587010e+04 1.43680085e+05 1.44140854e+05
 1.46092959e+05 1.50255915e+05 1.57264341e+05 1.67957837e+05
 1.82768012e+05 2.01749497e+05 2.25041010e+05 2.52252909e+05
 2.82707802e+05 3.15707425e+05 3.50993489e+05 3.87607089e+05
 4.24866435e+05 4.62030501e+05 4.98463295e+05 5.31975762e+05
 5.62442039e+05 5.88437679e+05 6.09380095e+05 6.24897825e+05
 6.35344799e+05 6.40587569e+05 6.40890974e+05 6.53475429e+05
 6.35999706e+05 6.16173697e+05 5.93264350e+05 5.68445198e+05
 5.41490881e+05 5.14262215e+05 4.85328215e+05 4.55343472e+05
 4.25548660e+05 3.93290933e+05 3.63263303e+05 3.34379681e+05
 3.05155052e+05 2.78044431e+05 2.50102761e+05 2.23761326e+05
 1.99185246e+05 1.77558677e+05 1.56758962e+05 1.37106666e+05
 1.18278944e+05 1.02079135e+05 8.85734593e+04 7.60587010e+04
 6.49582770e+04 5.51772925e+04 4.66150948e+04 3.91681495e+04
 3.27325494e+04 2.72061386e+04 2.24902497e+04 1.84910658e+04
 1.51206307e+04 1.22975378e+04 9.94733447e+03 8.00268224e+03
 6.40331285e+03 5.09582101e+03 4.03333138e+03 3.17507466e+03
 2.48590355e+03 1.93577512e+03 1.49922160e+03 1.15482732e+03
 8.84725549e+02 6.74124922e+02 5.10872462e+02 3.85056891e+02
 2.88654015e+02 2.15214041e+02 1.59589347e+02 1.17700278e+02
 8.63358911e+01]",1,0.9867912373292521,,653475.4293384725
109,5340,457195.56,12.775531,13.033705,13.221511,806.5351,806.52703-806.54316,17940541.620840643,1859473.9004898071,47,1831833.198895279,98.5,1706189.2045080396,91.8,[2.38],"[301.2173, 327.233]",[301.21802],[100.0],"[12.745531 12.755531 12.765531 12.775531 12.784775 12.793718 12.803091
 12.813305 12.823192 12.832281 12.841365 12.851289 12.861213 12.870754
 12.879884 12.889021 12.898452 12.908226 12.917903 12.92711  12.936322
 12.946312 12.956439 12.966511 12.975831 12.985166 12.994883 13.005072
 13.015074 13.024403 13.033705 13.043007 13.052336 13.062338 13.072527
 13.082244 13.091579 13.100899 13.110971 13.121098 13.131088 13.1403
 13.149507 13.159184 13.168958 13.178389 13.187526 13.196656 13.206197
 13.216121 13.226045 13.235129 13.244218 13.254105 13.264319 13.273692
 13.282635 13.291879 13.301879 13.311879 13.321879]","[8.06707928e+01 1.61376024e+02 3.14916915e+02 2.11480828e+04
 2.23337708e+04 2.37028008e+04 2.53288366e+04 2.73972774e+04
 3.01137185e+04 3.41812290e+04 4.00680748e+04 4.93837925e+04
 6.34083842e+04 8.46253996e+04 1.15247961e+05 1.57652963e+05
 2.14823191e+05 2.88845714e+05 3.81792993e+05 4.93783439e+05
 6.26711686e+05 7.77704790e+05 9.42898876e+05 1.11695200e+06
 1.29080329e+06 1.45586796e+06 1.60256959e+06 1.72213928e+06
 1.80747339e+06 1.85291278e+06 1.85561058e+06 1.85384438e+06
 1.80938056e+06 1.72114826e+06 1.59450829e+06 1.44730807e+06
 1.28995770e+06 1.12541163e+06 9.47876842e+05 7.77632439e+05
 6.23938932e+05 4.98236766e+05 3.89631485e+05 2.94160704e+05
 2.16300791e+05 1.57205547e+05 1.12996680e+05 7.95785383e+04
 5.39613213e+04 3.51721173e+04 2.23723578e+04 1.44731073e+04
 9.17099797e+03 5.45475807e+03 3.10899461e+03 1.81420094e+03
 1.06332440e+03 5.99497333e+02 3.14916915e+02 1.61376024e+02
 8.06707928e+01]",1,0.9996722881472907,,1855610.583693476
110,5603,561546.62,13.443736,13.69105,14.454482,806.53552,806.52746-806.54359,43440193.43384822,2521921.4999198914,106,2373705.4133564755,94.1,2516995.734231846,99.8,[3.4],"[301.2173, 327.233]",[301.21832],[89.13987],"[13.283736 13.293736 13.303736 13.313736 13.323736 13.333736 13.343736
 13.353736 13.363736 13.373736 13.383736 13.393736 13.403736 13.413736
 13.423736 13.433736 13.443736 13.452982 13.462821 13.472487 13.481989
 13.491751 13.500746 13.510151 13.519864 13.529166 13.538764 13.547882
 13.557431 13.567451 13.577237 13.587002 13.596121 13.606032 13.615347
 13.625065 13.634439 13.643654 13.653033 13.662794 13.672471 13.681857
 13.69105  13.700243 13.709629 13.719306 13.729067 13.738446 13.747661
 13.757035 13.766753 13.776068 13.785979 13.795098 13.804863 13.814649
 13.824669 13.834218 13.843336 13.852934 13.862236 13.871949 13.881354
 13.890349 13.900111 13.909613 13.919279 13.929118 13.938364 13.948364
 13.958364 13.968364 13.978364 13.988364 13.998364 14.008364 14.018364
 14.028364 14.038364 14.048364 14.058364 14.068364 14.078364 14.088364
 14.098364]","[6.46911785e+01 1.05738631e+02 1.70830557e+02 2.72797688e+02
 4.30585170e+02 6.71770154e+02 1.03591852e+03 1.57896950e+03
 2.37883950e+03 3.54241791e+03 5.21408016e+03 7.58575595e+03
 1.09084560e+04 1.55049709e+04 2.17832101e+04 3.02493509e+04
 1.38269169e+05 1.43848145e+05 1.51630428e+05 1.62517153e+05
 1.77862735e+05 1.99075022e+05 2.28296755e+05 2.66179760e+05
 3.14983993e+05 3.75794826e+05 4.50688347e+05 5.40713613e+05
 6.46098053e+05 7.66794822e+05 9.01086132e+05 1.04745071e+06
 1.20450355e+06 1.37119614e+06 1.54548113e+06 1.72329702e+06
 1.89927414e+06 2.06470557e+06 2.21346752e+06 2.33725324e+06
 2.43165589e+06 2.49293558e+06 2.52065015e+06 2.50884961e+06
 2.41850037e+06 2.30387912e+06 2.16966654e+06 2.02678480e+06
 1.87675423e+06 1.71800764e+06 1.55075507e+06 1.39130824e+06
 1.22594462e+06 1.08024452e+06 9.33293584e+05 7.97150798e+05
 6.70513549e+05 5.62447123e+05 4.70866097e+05 3.86463115e+05
 3.15877960e+05 2.53157533e+05 2.02192244e+05 1.61513704e+05
 1.25229365e+05 9.67203836e+04 7.35713986e+04 5.50708023e+04
 4.15196319e+04 3.02493509e+04 2.17832101e+04 1.55049709e+04
 1.09084560e+04 7.58575595e+03 5.21408016e+03 3.54241791e+03
 2.37883950e+03 1.57896950e+03 1.03591852e+03 6.71770154e+02
 4.30585170e+02 2.72797688e+02 1.70830557e+02 1.05738631e+02
 6.46911785e+01]",1,0.9976281912991354,,2520650.1546007874
111,6051,647433.5,14.454482,14.753788,15.507892,806.53613,806.52807-806.5442,43048753.29677355,3091378.5427856445,109,3081687.807252649,99.7,3064848.5800335044,99.1,"[2.48, 3.46]","[301.2173, 327.233]","[301.21805, 327.23413]","[20.70323, 100.0]","[14.124464 14.134289 14.14417  14.153931 14.163291 14.172712 14.18238
 14.192246 14.202182 14.211573 14.220977 14.230453 14.240137 14.250121
 14.259544 14.268987 14.278425 14.287877 14.297591 14.30707  14.316985
 14.326363 14.335909 14.345431 14.355238 14.36503  14.374463 14.38414
 14.393899 14.403718 14.41394  14.423212 14.432782 14.442742 14.452249
 14.461885 14.47129  14.480674 14.490361 14.499646 14.509601 14.519021
 14.52844  14.537829 14.547359 14.557399 14.567252 14.57672  14.586634
 14.59656  14.606628 14.616265 14.626004 14.635867 14.645818 14.656013
 14.665384 14.675081 14.685034 14.694958 14.705232 14.714567 14.724542
 14.734228 14.743905 14.753788 14.763671 14.773348 14.783034 14.793009
 14.802344 14.812618 14.822542 14.832495 14.842192 14.851563 14.861758
 14.871709 14.881572 14.891311 14.900948 14.911016 14.920942 14.930856
 14.940324 14.950177 14.960217 14.969747 14.979136 14.988555 14.997975
 15.00793  15.017215 15.026902 15.036286 15.045691 15.055327 15.064834
 15.074794 15.084364 15.093636 15.103858 15.113677 15.123436 15.133113
 15.142546 15.152338 15.162145 15.171667 15.181213 15.190591 15.200506
 15.209985 15.219699 15.229151 15.238589 15.248032 15.257455 15.267439
 15.277123 15.286599 15.296003 15.305394 15.31533  15.325196 15.334864
 15.344285 15.353645 15.363406 15.373287 15.383112 15.39246  15.401817
 15.411474 15.421398 15.430945 15.440434 15.450103 15.459823 15.469338
 15.478859 15.488399 15.498119 15.507892]","[1.18123790e+02 1.54069138e+02 2.00578968e+02 2.59429932e+02
 3.30991524e+02 4.21668208e+02 5.38880080e+02 6.89832715e+02
 8.81606720e+02 1.10814348e+03 1.38906865e+03 1.73882385e+03
 2.18037496e+03 2.74392770e+03 3.39802890e+03 4.19698198e+03
 5.16721792e+03 6.34404118e+03 7.80806354e+03 9.53167494e+03
 1.17039288e+04 1.41678085e+04 1.71553587e+04 2.06976414e+04
 2.50296368e+04 3.01589994e+04 3.59787021e+04 4.29797329e+04
 5.12516714e+04 6.09782341e+04 7.28109133e+04 8.52508993e+04
 1.00010444e+05 1.17693663e+05 1.37041252e+05 1.59388681e+05
 1.84137585e+05 2.12011695e+05 2.44434654e+05 2.79302336e+05
 3.21161163e+05 3.65374163e+05 4.14391249e+05 4.68359685e+05
 5.28675632e+05 5.98597678e+05 6.73907223e+05 7.52795112e+05
 8.42502688e+05 9.39814462e+05 1.04634840e+06 1.15580418e+06
 1.27388033e+06 1.40105473e+06 1.53697090e+06 1.68389739e+06
 1.82549364e+06 1.97821085e+06 2.14098358e+06 2.30870641e+06
 2.48723464e+06 2.65295571e+06 2.83278384e+06 3.00910739e+06
 3.18585987e+06 3.08534223e+06 3.08512179e+06 3.03619212e+06
 2.94480685e+06 2.81737551e+06 2.65980579e+06 2.48053711e+06
 2.28715916e+06 2.08414797e+06 1.87896700e+06 1.67623297e+06
 1.48383211e+06 1.30609624e+06 1.14603999e+06 1.00559967e+06
 8.85678531e+05 7.83861363e+05 6.98992573e+05 6.28135019e+05
 5.69245454e+05 5.20492792e+05 4.80203980e+05 4.46866531e+05
 4.18498813e+05 3.93725553e+05 3.71091233e+05 3.49670490e+05
 3.29099247e+05 3.09902081e+05 2.91990670e+05 2.75051335e+05
 2.58740280e+05 2.42865621e+05 2.27131915e+05 2.11877207e+05
 1.97019607e+05 1.83102257e+05 1.70414805e+05 1.59300882e+05
 1.49334468e+05 1.40356655e+05 1.32175258e+05 1.24675160e+05
 1.17532064e+05 1.10984506e+05 1.04918797e+05 9.93779716e+04
 9.41497259e+04 8.93128665e+04 8.50038252e+04 8.09894933e+04
 7.71283276e+04 7.35355589e+04 7.01704969e+04 6.70468042e+04
 6.41085273e+04 6.11135816e+04 5.79823389e+04 5.45173709e+04
 5.10925145e+04 4.77128022e+04 4.46672608e+04 4.20834994e+04
 3.98460927e+04 3.79126671e+04 3.62275621e+04 3.46778917e+04
 3.31123841e+04 3.15316088e+04 2.99161359e+04 2.83274747e+04
 2.67946976e+04 2.53891008e+04 2.42465497e+04 2.31727694e+04
 2.23908803e+04 2.18630543e+04 2.15964115e+04 2.16248742e+04]",1,0.9879648579651737,,3185859.8714553355
112,2518,4306205.0,5.7134195,5.9478737,7.6130958,808.49323,808.48514-808.50131,227976878.3665277,11883338.22220993,189,10830333.290824525,91.1,11830526.13799091,99.6,"[1.98, 4.57]","[301.2173, 327.233]","[301.2179, 327.2345]","[16.82235, 17.80935]","[5.5034195 5.5134195 5.5234195 5.5334195 5.5434195 5.5534195 5.5634195
 5.5734195 5.5834195 5.5934195 5.6034195 5.6134195 5.6234195 5.6334195
 5.6434195 5.6534195 5.6634195 5.6734195 5.6834195 5.6934195 5.7034195
 5.7134195 5.7245504 5.7352466 5.7456704 5.7563903 5.7667178 5.7768462
 5.7869674 5.7972981 5.8077805 5.8181261 5.8285814 5.8383038 5.8484504
 5.8587242 5.8683593 5.8786024 5.8882608 5.8984668 5.9082513 5.917633
 5.9277918 5.9378593 5.9478737 5.9578881 5.9679556 5.9781144 5.9874961
 5.9972806 6.0074866 6.017145  6.0273881 6.0370232 6.047297  6.0574436
 6.067166  6.0776213 6.0879669 6.0984493 6.10878   6.1189012 6.1290296
 6.1393571 6.150077  6.1605008 6.171197  6.1823279 6.1923279 6.2023279
 6.2123279 6.2223279 6.2323279 6.2423279 6.2523279 6.2623279 6.2723279
 6.2823279 6.2923279 6.3023279 6.3123279 6.3223279 6.3323279 6.3423279
 6.3523279 6.3623279 6.3723279 6.3823279 6.3923279]","[6.40340426e+01 1.09973624e+02 1.86557192e+02 3.12594475e+02
 5.17364282e+02 8.45780037e+02 1.36572815e+03 2.17829621e+03
 3.43174850e+03 5.34022815e+03 8.20823941e+03 1.24619516e+04
 1.86882205e+04 2.76818864e+04 4.05013274e+04 5.85313680e+04
 8.35514393e+04 1.17805357e+05 1.64067283e+05 2.25696475e+05
 3.06671495e+05 9.50628436e+05 9.97226180e+05 1.07180499e+06
 1.18748567e+06 1.35571471e+06 1.58884451e+06 1.90298242e+06
 2.30647448e+06 2.81057629e+06 3.41286547e+06 4.10725470e+06
 4.87861446e+06 5.70335099e+06 6.55663180e+06 7.41106126e+06
 8.23993631e+06 9.02352662e+06 9.73780867e+06 1.03641180e+07
 1.08909040e+07 1.13071985e+07 1.16087571e+07 1.17994853e+07
 1.18796965e+07 1.18595855e+07 1.16512886e+07 1.13007663e+07
 1.08629784e+07 1.03046407e+07 9.63091940e+06 8.92775002e+06
 8.13515311e+06 7.36645755e+06 6.54362548e+06 5.74735757e+06
 5.01536346e+06 4.27591301e+06 3.60347187e+06 2.98941385e+06
 2.45396879e+06 1.99686553e+06 1.60425847e+06 1.26670468e+06
 9.77547591e+05 7.49563934e+05 5.62882818e+05 4.11592911e+05
 3.06671495e+05 2.25696475e+05 1.64067283e+05 1.17805357e+05
 8.35514393e+04 5.85313680e+04 4.05013274e+04 2.76818864e+04
 1.86882205e+04 1.24619516e+04 8.20823941e+03 5.34022815e+03
 3.43174850e+03 2.17829621e+03 1.36572815e+03 8.45780037e+02
 5.17364282e+02 3.12594475e+02 1.86557192e+02 1.09973624e+02
 6.40340426e+01]",1,0.9978868954258047,,11879696.47376089
113,2354,434426.56,5.2737929,5.5902361,5.7134195,808.49347,808.48538-808.50155,21152399.32505582,1698900.8441505432,41,1698595.64557666,100.0,649232.4626402943,38.2,"[1.47, 0.75]","[301.2173, 327.233]","[301.21774, 327.23325]","[87.98507, 100.0]","[5.2324058 5.2424058 5.2524058 5.2624058 5.2724058 5.2824058 5.2924058
 5.3022169 5.311785  5.3219211 5.3316533 5.3415626 5.3520948 5.3618304
 5.3723794 5.3825387 5.3929819 5.4037033 5.4138058 5.424599  5.4348158
 5.4452632 5.4559407 5.4664177 5.477344  5.4877253 5.4978537 5.5085829
 5.5193846 5.5294679 5.539685  5.5495736 5.5600267 5.5705445 5.5803251
 5.5902361 5.6001471 5.6099277 5.6204455 5.6308986 5.6407872 5.6510043
 5.6610876 5.6718893 5.6826185 5.6927469 5.7031282 5.7140545 5.7245315
 5.735209  5.7456564 5.7558732 5.7666664 5.7767689 5.7874903 5.7979335
 5.8080928 5.8186418 5.8283774 5.8389096 5.8488189 5.8585511 5.8686872
 5.8782553 5.8880664 5.8980664 5.9080664 5.9180664 5.9280664 5.9380664
 5.9480664]","[8.81387504e+01 1.53893218e+02 2.64382172e+02 4.46894436e+02
 7.43254975e+02 1.21627225e+03 7.32894071e+01 2.90801047e+02
 8.41237548e+02 1.99738949e+03 4.19404240e+03 8.10320117e+03
 1.44566694e+04 2.41547344e+04 3.83959903e+04 5.82769341e+04
 8.52872741e+04 1.20881028e+05 1.66662463e+05 2.24068784e+05
 2.94484354e+05 3.78825180e+05 4.77194296e+05 5.88636961e+05
 7.11725646e+05 8.42118081e+05 9.76873259e+05 1.11048915e+06
 1.23887638e+06 1.35732858e+06 1.46288950e+06 1.55109321e+06
 1.61990741e+06 1.66742973e+06 1.69350166e+06 1.69859565e+06
 1.69154431e+06 1.67606003e+06 1.63109715e+06 1.55964808e+06
 1.47076579e+06 1.36139177e+06 1.24067219e+06 1.10285166e+06
 9.62917282e+05 8.32769094e+05 7.05327714e+05 5.81132941e+05
 4.73942574e+05 3.78033765e+05 2.97634328e+05 2.31577429e+05
 1.74412945e+05 1.31495051e+05 9.56899731e+04 6.89644687e+04
 4.93041749e+04 3.41870870e+04 2.39966631e+04 1.60823156e+04
 1.08566378e+04 7.26713931e+03 4.70660633e+03 3.07601035e+03
 1.95832092e+03 1.21627225e+03 7.43254975e+02 4.46894436e+02
 2.64382172e+02 1.53893218e+02 8.81387504e+01]",1,0.9998290743677212,,1698595.64557666
114,5262,6769178.0,12.57252,12.832281,13.832782,808.49353,808.48545-808.50162,489727520.29912084,39374959.30053711,130,39374174.138692506,100.0,39303839.34253397,99.8,"[2.38, 3.36]","[301.2173, 327.233]","[301.21802, 327.2341]","[36.91594, 100.0]","[12.250322 12.260473 12.269987 12.279993 12.290215 12.299562 12.309398
 12.318846 12.328298 12.338607 12.347907 12.357547 12.366843 12.375966
 12.386068 12.395471 12.404822 12.414421 12.423422 12.433508 12.443051
 12.452296 12.461845 12.470823 12.480626 12.490132 12.499394 12.508665
 12.517766 12.52773  12.537305 12.546586 12.555601 12.564719 12.574016
 12.583735 12.592965 12.601954 12.611601 12.621345 12.630857 12.640159
 12.649488 12.65949  12.669679 12.679396 12.688731 12.698051 12.708123
 12.71825  12.72824  12.737452 12.746659 12.756336 12.76611  12.775541
 12.784678 12.793808 12.803349 12.813273 12.823197 12.832281 12.841365
 12.851289 12.861213 12.870754 12.879884 12.889021 12.898452 12.908226
 12.917903 12.92711  12.936322 12.946312 12.956439 12.966511 12.975831
 12.985166 12.994883 13.005072 13.015074 13.024403 13.033705 13.043217
 13.052961 13.062608 13.071597 13.080827 13.090546 13.099843 13.108961
 13.117976 13.127257 13.136832 13.146796 13.155897 13.165168 13.17443
 13.183936 13.193739 13.202717 13.212266 13.221511 13.231054 13.24114
 13.250141 13.25974  13.269091 13.278494 13.288596 13.297719 13.307015
 13.316655 13.325955 13.336264 13.345716 13.355164 13.365    13.374347
 13.384569 13.394575 13.404089 13.41424  13.423921 13.433827 13.443736
 13.452982 13.462821 13.472487 13.481989 13.491751 13.500746 13.510151
 13.519864 13.529166 13.538764 13.547882 13.557431 13.567451 13.577237
 13.587002 13.596121 13.606032 13.615347 13.625065 13.634439 13.643654
 13.653033 13.662794 13.672471 13.681857 13.69105  13.700479 13.709946
 13.719612 13.728795 13.738079 13.74734  13.757231 13.766684 13.776028
 13.785516 13.794744 13.804099 13.813652 13.82327  13.832782]","[1.28568199e+02 1.90825585e+02 2.74756348e+02 4.00782892e+02
 5.85766919e+02 8.24246223e+02 1.17408336e+03 1.64026541e+03
 2.27966411e+03 3.24446982e+03 4.43656322e+03 6.10305125e+03
 8.25693810e+03 1.10526355e+04 1.51768337e+04 2.02761554e+04
 2.69040036e+04 3.57720309e+04 4.64930636e+04 6.20091472e+04
 8.09762146e+04 1.04323999e+05 1.34802626e+05 1.70685307e+05
 2.19645160e+05 2.78962083e+05 3.50305010e+05 4.37736032e+05
 5.42041440e+05 6.81063144e+05 8.43415586e+05 1.03221964e+06
 1.24981642e+06 1.50911506e+06 1.81962751e+06 2.20054879e+06
 2.62213384e+06 3.09502582e+06 3.67798626e+06 4.35367260e+06
 5.10480136e+06 5.93339332e+06 6.86372512e+06 7.97754188e+06
 9.24118550e+06 1.05710017e+07 1.19646376e+07 1.34691021e+07
 1.52191967e+07 1.71032274e+07 1.90751887e+07 2.09832021e+07
 2.29641258e+07 2.51104730e+07 2.73262433e+07 2.94892709e+07
 3.15873762e+07 3.36646693e+07 3.57904314e+07 3.79243726e+07
 3.99495519e+07 3.93741741e+07 3.91069571e+07 3.83102621e+07
 3.70217110e+07 3.52934798e+07 3.32008216e+07 3.08092763e+07
 2.82443807e+07 2.55906736e+07 2.29331821e+07 2.03581760e+07
 1.79387159e+07 1.57271726e+07 1.37642995e+07 1.20601539e+07
 1.06150598e+07 9.39969551e+06 8.39146697e+06 7.54670513e+06
 6.83057902e+06 6.21303899e+06 5.66255174e+06 5.15782280e+06
 4.68485601e+06 4.23304365e+06 3.79671488e+06 3.37408189e+06
 2.97191813e+06 2.59422906e+06 2.24704796e+06 1.93759686e+06
 1.66724146e+06 1.43476261e+06 1.23985885e+06 1.07590574e+06
 9.42117292e+05 8.33413509e+05 7.47389607e+05 6.78466206e+05
 6.23420021e+05 5.79317472e+05 5.41909664e+05 5.09568879e+05
 4.81342864e+05 4.56895776e+05 4.35081732e+05 4.16877321e+05
 4.01601911e+05 3.88831096e+05 3.77897103e+05 3.68410546e+05
 3.58902972e+05 3.48597592e+05 3.37869888e+05 3.25967960e+05
 3.13487736e+05 3.00575461e+05 2.87674629e+05 2.74609348e+05
 2.62793945e+05 2.51730292e+05 2.41900891e+05 2.33282965e+05
 2.25951416e+05 2.19897771e+05 2.14476279e+05 2.09361398e+05
 2.04088071e+05 1.98750318e+05 1.93604817e+05 1.88631066e+05
 1.83952017e+05 1.79790829e+05 1.76521082e+05 1.74049385e+05
 1.72705330e+05 1.72016592e+05 1.71711282e+05 1.70979455e+05
 1.69783605e+05 1.68627221e+05 1.67594706e+05 1.66610493e+05
 1.65778930e+05 1.64821018e+05 1.63340022e+05 1.61092764e+05
 1.57472799e+05 1.52454385e+05 1.46188835e+05 1.38767520e+05
 1.30447085e+05 1.21866913e+05 1.13838732e+05 1.06513486e+05
 9.98645071e+04 9.40934147e+04 8.89371477e+04 8.41491974e+04
 7.98754107e+04 7.62313835e+04 7.30210069e+04 7.01902346e+04
 6.72482553e+04 6.42602436e+04 6.13358588e+04]",1,0.9956834093535893,,39949551.923037075
115,5056,221802.58,12.139358,12.338407,12.543988,808.51447,808.50638-808.52255,15263298.18528755,914608.2250833511,41,428439.7874975698,46.8,746677.989032317,81.6,[2.28],"[301.2173, 327.233]",[301.21799],[100.0],"[11.902826 11.912826 11.922826 11.932826 11.942826 11.952826 11.962826
 11.972826 11.982826 11.992826 12.002826 12.012826 12.022826 12.032826
 12.042826 12.052826 12.062826 12.072826 12.082826 12.092826 12.102826
 12.112826 12.122826 12.132826 12.132826 12.142514 12.152146 12.161708
 12.170763 12.180101 12.190024 12.199701 12.209279 12.21843  12.228268
 12.237985 12.247863 12.258172 12.267839 12.277814 12.287892 12.297857
 12.308337 12.318153 12.328125 12.338407 12.348689 12.358661 12.368477
 12.378957 12.388922 12.399    12.408975 12.418642 12.428951 12.438829
 12.448546 12.458384 12.467535 12.477113 12.48679  12.496713 12.506051
 12.515106 12.524668 12.5343   12.543988 12.543988 12.553988 12.563988
 12.573988 12.583988 12.593988 12.603988 12.613988 12.623988 12.633988
 12.643988 12.653988 12.663988 12.673988 12.683988 12.693988 12.703988
 12.713988 12.723988 12.733988 12.743988 12.753988 12.763988 12.773988
 12.783988]","[1.41393703e+02 2.10005137e+02 3.09077537e+02 4.50757168e+02
 6.51411644e+02 9.32837653e+02 1.32371440e+03 1.86131636e+03
 2.59348519e+03 3.58084089e+03 4.89918627e+03 6.64202575e+03
 8.92308097e+03 1.18786418e+04 1.56695461e+04 2.04825358e+04
 2.65306996e+04 3.40526848e+04 4.33103496e+04 5.45845452e+04
 6.81687575e+04 8.43604205e+04 1.03449827e+05 1.25706715e+05
 1.25706715e+05 1.50510900e+05 1.78500157e+05 2.09669307e+05
 2.42317773e+05 2.79124044e+05 3.21565897e+05 3.65983160e+05
 4.12499678e+05 4.58853524e+05 5.10147356e+05 5.61547703e+05
 6.13668340e+05 6.66867765e+05 7.14613841e+05 7.60638478e+05
 8.02714755e+05 8.38928740e+05 8.70230686e+05 8.92459954e+05
 9.07418912e+05 9.13853981e+05 9.06335955e+05 8.91032660e+05
 8.68075816e+05 8.38597897e+05 8.03141431e+05 7.62857088e+05
 7.18221448e+05 6.70298312e+05 6.19712447e+05 5.67258922e+05
 5.13341526e+05 4.58896377e+05 4.05508750e+05 3.54686735e+05
 3.08381441e+05 2.67943624e+05 2.33659445e+05 2.05528841e+05
 1.83196855e+05 1.66303939e+05 1.53995250e+05 1.25706715e+05
 1.03449827e+05 8.43604205e+04 6.81687575e+04 5.45845452e+04
 4.33103496e+04 3.40526848e+04 2.65306996e+04 2.04825358e+04
 1.56695461e+04 1.18786418e+04 8.92308097e+03 6.64202575e+03
 4.89918627e+03 3.58084089e+03 2.59348519e+03 1.86131636e+03
 1.32371440e+03 9.32837653e+02 6.51411644e+02 4.50757168e+02
 3.09077537e+02 2.10005137e+02 1.41393703e+02 9.43339231e+01]",1,0.9988864991940682,,913853.9807835881
116,4896,217621.38,11.68202,11.953504,12.139358,808.51471,808.50662-808.52279,15731348.49142336,1037068.220410347,47,937577.2887971553,90.4,551547.2364135818,53.2,[2.58],"[301.2173, 327.233]",[301.21808],[100.0],"[11.48202  11.49202  11.50202  11.51202  11.52202  11.53202  11.54202
 11.55202  11.56202  11.57202  11.58202  11.59202  11.60202  11.61202
 11.62202  11.63202  11.64202  11.65202  11.66202  11.67202  11.68202
 11.691634 11.701659 11.711412 11.72115  11.730641 11.741045 11.750787
 11.760369 11.770596 11.780234 11.790282 11.799918 11.809728 11.819998
 11.829492 11.839167 11.848742 11.858925 11.868529 11.877819 11.886974
 11.896213 11.906067 11.916042 11.925273 11.934512 11.943727 11.953504
 11.963281 11.972496 11.981735 11.990966 12.000941 12.010795 12.020034
 12.029189 12.038479 12.048083 12.058266 12.067841 12.077516 12.08701
 12.09728  12.10709  12.116726 12.126774 12.136412 12.146639 12.156221
 12.165963 12.176367 12.185858 12.195596 12.205349 12.215374 12.224988
 12.234988 12.244988 12.254988 12.264988 12.274988 12.284988 12.294988
 12.304988 12.314988 12.324988 12.334988 12.344988 12.354988 12.364988
 12.374988 12.384988 12.394988 12.404988 12.414988 12.424988]","[8.43478685e+01 1.21041239e+02 1.72494879e+02 2.44119599e+02
 3.43093654e+02 4.78857525e+02 6.63717920e+02 9.13575336e+02
 1.24878820e+03 1.69518382e+03 2.28522206e+03 3.05931089e+03
 4.06726446e+03 5.36988281e+03 7.04061828e+03 9.16727766e+03
 1.18536901e+04 1.52212509e+04 1.94102316e+04 2.45807249e+04
 9.51261515e+04 9.76271140e+04 1.01557469e+05 1.07078198e+05
 1.14246544e+05 1.23138548e+05 1.33663567e+05 1.45819179e+05
 1.59567194e+05 1.75166213e+05 1.93267339e+05 2.14960670e+05
 2.41604615e+05 2.74597042e+05 3.14771334e+05 3.62825174e+05
 4.18587077e+05 4.80968374e+05 5.48212309e+05 6.18088855e+05
 6.90047631e+05 7.61495587e+05 8.30649493e+05 8.93792973e+05
 9.47588047e+05 9.89460785e+05 1.01793570e+06 1.03354984e+06
 1.03696143e+06 1.05420456e+06 1.00935846e+06 9.60606142e+05
 9.08850554e+05 8.50377123e+05 7.90922706e+05 7.34447230e+05
 6.78484451e+05 6.22339358e+05 5.65600732e+05 5.07517237e+05
 4.55352944e+05 4.05456844e+05 3.59533437e+05 3.13476938e+05
 2.73128821e+05 2.37008935e+05 2.03022887e+05 1.73862755e+05
 1.46449825e+05 1.23881983e+05 1.03818455e+05 8.53425282e+04
 7.09050764e+04 5.82465677e+04 4.75187231e+04 3.82827631e+04
 3.09130780e+04 2.45807249e+04 1.94102316e+04 1.52212509e+04
 1.18536901e+04 9.16727766e+03 7.04061828e+03 5.36988281e+03
 4.06726446e+03 3.05931089e+03 2.28522206e+03 1.69518382e+03
 1.24878820e+03 9.13575336e+02 6.63717920e+02 4.78857525e+02
 3.43093654e+02 2.44119599e+02 1.72494879e+02 1.21041239e+02
 8.43478685e+01]",1,0.9887545884350127,,1054204.5568111998
117,6574,4112326.5,15.565371,15.932966,16.452235,808.5509,808.54282-808.55899,356711789.08985054,17771434.5111084,93,17701613.4279372,99.6,15367572.377796732,86.5,[1.57],"[301.2173, 327.233]",[301.21777],[100.0],"[15.485371 15.495371 15.505371 15.515371 15.525371 15.535371 15.545371
 15.555371 15.565371 15.574927 15.585082 15.594467 15.60432  15.61329
 15.622933 15.632803 15.641834 15.651506 15.660518 15.670707 15.680369
 15.689961 15.698987 15.707981 15.718026 15.727893 15.737253 15.746954
 15.755932 15.765228 15.774527 15.783969 15.793078 15.802086 15.811286
 15.82074  15.830336 15.83946  15.848477 15.857755 15.867303 15.876908
 15.886085 15.895125 15.904679 15.914452 15.923745 15.932966 15.942187
 15.95148  15.961253 15.970807 15.979847 15.989024 15.998629 16.008177
 16.017455 16.026472 16.035596 16.045192 16.054646 16.063846 16.072854
 16.081963 16.091405 16.100704 16.11     16.118978 16.128679 16.138039
 16.147906 16.157951 16.166945 16.175971 16.185563 16.195225 16.205414
 16.214426 16.224098 16.233129 16.242999 16.252642 16.261612 16.271465
 16.28085  16.291005 16.300561 16.310561 16.320561 16.330561 16.340561
 16.350561 16.360561 16.370561 16.380561]","[8.19084427e+01 1.43299445e+02 2.47455935e+02 4.21782708e+02
 7.09605865e+02 1.17837400e+03 1.93146407e+03 3.12483900e+03
 6.27575055e+04 6.57701423e+04 6.94250975e+04 7.43227880e+04
 8.14650110e+04 9.25302617e+04 1.08965351e+05 1.32827371e+05
 1.66054364e+05 2.11202984e+05 2.70556985e+05 3.48214208e+05
 4.48210710e+05 5.76616906e+05 7.39837054e+05 9.46750139e+05
 1.20496803e+06 1.52332801e+06 1.91501373e+06 2.38817597e+06
 2.95002907e+06 3.60843541e+06 4.37102847e+06 5.23474933e+06
 6.19626617e+06 7.24462308e+06 8.35772765e+06 9.51050404e+06
 1.06754815e+07 1.18145187e+07 1.28886123e+07 1.38794943e+07
 1.47596602e+07 1.55231163e+07 1.61721791e+07 1.67103594e+07
 1.71446685e+07 1.74683211e+07 1.76823876e+07 1.77703680e+07
 1.75956865e+07 1.75900347e+07 1.73717861e+07 1.69557058e+07
 1.63905939e+07 1.56645247e+07 1.47643540e+07 1.37558252e+07
 1.26964562e+07 1.16194853e+07 1.05086817e+07 9.34471661e+06
 8.22696098e+06 7.18687882e+06 6.22905988e+06 5.33256164e+06
 4.48769142e+06 3.74378229e+06 3.08837145e+06 2.53724613e+06
 2.02763936e+06 1.61432255e+06 1.25388058e+06 9.56928560e+05
 7.42909247e+05 5.70158859e+05 4.25394862e+05 3.12891161e+05
 2.23352998e+05 1.63909055e+05 1.16213258e+05 8.33727386e+04
 5.72942803e+04 3.92299664e+04 2.72821039e+04 1.80866891e+04
 1.20839204e+04 7.71024591e+03 4.99006483e+03 3.12483900e+03
 1.93146407e+03 1.17837400e+03 7.09605865e+02 4.21782708e+02
 2.47455935e+02 1.43299445e+02 8.19084427e+01]",1,0.999627119379436,,17770368.01470903
118,6770,586810.88,16.452235,16.522372,17.027998,808.55109,808.543-808.55917,56358508.1871232,2507685.3814868927,58,104757.73465373274,4.2,2121363.3435990033,84.6,"[0.96, 0.46]","[301.2173, 327.233]","[301.21759, 327.23285]","[89.1339, 19.8674]","[15.536746 15.546746 15.556746 15.566746 15.576746 15.586746 15.596746
 15.606746 15.616746 15.626746 15.636746 15.646746 15.656746 15.666746
 15.676746 15.686746 15.696746 15.706746 15.716746 15.726746 15.736746
 15.746746 15.756746 15.766746 15.776746 15.786746 15.796746 15.806746
 15.816746 15.826746 15.836746 15.846746 15.856746 15.866746 15.876746
 15.886746 15.896746 15.906746 15.916746 15.926746 15.936746 15.946746
 15.956746 15.966746 15.976746 15.986746 15.996746 16.006746 16.016746
 16.016746 16.026929 16.036249 16.046379 16.055976 16.066376 16.076157
 16.08567  16.096283 16.106107 16.116296 16.126354 16.135956 16.146539
 16.156359 16.166541 16.176524 16.186233 16.196523 16.20622  16.216057
 16.226183 16.236026 16.246245 16.255578 16.265189 16.275179 16.285062
 16.294988 16.304354 16.314207 16.324362 16.334162 16.344319 16.354185
 16.364193 16.37436  16.384262 16.394168 16.404151 16.414175 16.424264
 16.434104 16.444163 16.453735 16.463697 16.473122 16.482965 16.493291
 16.502914 16.512757 16.522372 16.531987 16.54183  16.551453 16.561779
 16.571622 16.581047 16.591009 16.600581 16.61064  16.62048  16.630569
 16.640593 16.650576 16.660482 16.670384 16.680551 16.690559 16.700425
 16.710582 16.720382 16.730537 16.74039  16.749756 16.759682 16.769565
 16.779555 16.789166 16.798499 16.808718 16.818561 16.828687 16.838524
 16.848221 16.858511 16.86822  16.878203 16.888385 16.898205 16.908788
 16.91839  16.928448 16.938637 16.948461 16.959074 16.968587 16.978368
 16.988768 16.998365 17.008495 17.017815 17.027998 17.027998 17.037998
 17.047998 17.057998 17.067998 17.077998 17.087998 17.097998 17.107998
 17.117998 17.127998 17.137998 17.147998 17.157998 17.167998 17.177998
 17.187998 17.197998 17.207998 17.217998 17.227998 17.237998 17.247998
 17.257998 17.267998 17.277998 17.287998 17.297998 17.307998 17.317998
 17.327998 17.337998 17.347998 17.357998 17.367998 17.377998 17.387998
 17.397998 17.407998 17.417998 17.427998 17.437998 17.447998 17.457998
 17.467998 17.477998 17.487998 17.497998 17.507998 17.517998]","[1.02639063e+02 1.27290912e+02 1.57498282e+02 1.94423140e+02
 2.39449421e+02 2.94220776e+02 3.60683759e+02 4.41137061e+02
 5.38287394e+02 6.55312693e+02 7.95933267e+02 9.64491580e+02
 1.16604129e+03 1.40644621e+03 1.69248968e+03 2.03199502e+03
 2.43395731e+03 2.90868693e+03 3.46796502e+03 4.12521078e+03
 4.89566042e+03 5.79655732e+03 6.84735256e+03 8.06991483e+03
 9.48874814e+03 1.11312156e+04 1.30277668e+04 1.52121662e+04
 1.77217194e+04 2.05974927e+04 2.38845226e+04 2.76320101e+04
 3.18934939e+04 3.67269975e+04 4.21951425e+04 4.83652234e+04
 5.53092341e+04 6.31038413e+04 7.18302960e+04 8.15742748e+04
 9.24256458e+04 1.04478150e+05 1.17828991e+05 1.32578332e+05
 1.48828686e+05 1.66684207e+05 1.86249864e+05 2.07630515e+05
 2.30929867e+05 2.30929867e+05 2.56732117e+05 2.82271657e+05
 3.12206948e+05 3.42737810e+05 3.78290492e+05 4.14137420e+05
 4.51297244e+05 4.95474529e+05 5.38957549e+05 5.86704147e+05
 6.36480582e+05 6.86432681e+05 7.44197649e+05 8.00277567e+05
 8.60857789e+05 9.22550056e+05 9.84603772e+05 1.05242083e+06
 1.11808578e+06 1.18624252e+06 1.25779467e+06 1.32845292e+06
 1.40267736e+06 1.47097101e+06 1.54152065e+06 1.61477360e+06
 1.68682402e+06 1.75841383e+06 1.82492435e+06 1.89345173e+06
 1.96214910e+06 2.02621138e+06 2.08990180e+06 2.14876028e+06
 2.20507269e+06 2.25841783e+06 2.30629693e+06 2.34986310e+06
 2.38909859e+06 2.42351691e+06 2.45288582e+06 2.47624051e+06
 2.49455332e+06 2.50664240e+06 2.51361294e+06 2.51489614e+06
 2.51071428e+06 2.50029462e+06 2.48509018e+06 2.46415776e+06
 2.50755337e+06 2.50562600e+06 2.49800204e+06 2.48659441e+06
 2.47261560e+06 2.45962068e+06 2.44826083e+06 2.43835709e+06
 2.42995072e+06 2.42096074e+06 2.41114699e+06 2.40013409e+06
 2.38712316e+06 2.37092305e+06 2.34939857e+06 2.32134331e+06
 2.28713724e+06 2.24389311e+06 2.19179684e+06 2.12929649e+06
 2.05657743e+06 1.97394004e+06 1.88392679e+06 1.78860211e+06
 1.69161347e+06 1.59518412e+06 1.50048322e+06 1.40915457e+06
 1.32083421e+06 1.23722376e+06 1.15950746e+06 1.08792428e+06
 1.02335425e+06 9.64141491e+05 9.09760715e+05 8.58167752e+05
 8.09373778e+05 7.62558268e+05 7.17547615e+05 6.74281228e+05
 6.33436316e+05 5.95566135e+05 5.60897516e+05 5.29617306e+05
 5.01048822e+05 4.74659712e+05 4.50159574e+05 4.27726784e+05
 4.07388721e+05 3.89207842e+05 3.73517011e+05 3.60569544e+05
 2.30929867e+05 2.07630515e+05 1.86249864e+05 1.66684207e+05
 1.48828686e+05 1.32578332e+05 1.17828991e+05 1.04478150e+05
 9.24256458e+04 8.15742748e+04 7.18302960e+04 6.31038413e+04
 5.53092341e+04 4.83652234e+04 4.21951425e+04 3.67269975e+04
 3.18934939e+04 2.76320101e+04 2.38845226e+04 2.05974927e+04
 1.77217194e+04 1.52121662e+04 1.30277668e+04 1.11312156e+04
 9.48874814e+03 8.06991483e+03 6.84735256e+03 5.79655732e+03
 4.89566042e+03 4.12521078e+03 3.46796502e+03 2.90868693e+03
 2.43395731e+03 2.03199502e+03 1.69248968e+03 1.40644621e+03
 1.16604129e+03 9.64491580e+02 7.95933267e+02 6.55312693e+02
 5.38287394e+02 4.41137061e+02 3.60683759e+02 2.94220776e+02
 2.39449421e+02 1.94423140e+02 1.57498282e+02 1.27290912e+02
 1.02639063e+02 8.25698824e+01]",1,0.9929591996628307,,2514896.1430135593
119,7187,508544.41,17.286476,17.51608,18.385368,808.55164,808.54355-808.55972,67579515.99999045,2191082.4938106537,116,508624.43625084125,23.2,2133635.846076242,97.4,"[3.5, 0.09]","[301.2173, 327.233]","[301.21835, 327.23297]","[81.56706, 25.03201]","[17.286476 17.295698 17.304856 17.314578 17.324807 17.334286 17.343387
 17.352535 17.362434 17.372662 17.382003 17.39106  17.400384 17.410476
 17.420573 17.429942 17.439138 17.448507 17.458334 17.468353 17.477994
 17.487184 17.496691 17.505975 17.51608  17.525637 17.534702 17.544368
 17.553615 17.563269 17.572729 17.581803 17.591499 17.600755 17.610389
 17.619899 17.628978 17.638274 17.647511 17.656853 17.666171 17.675257
 17.68482  17.694299 17.703732 17.712972 17.722029 17.731276 17.740542
 17.750109 17.759377 17.768454 17.777656 17.78693  17.796754 17.806234
 17.815327 17.824539 17.834184 17.843717 17.853083 17.862657 17.871926
 17.88151  17.891433 17.901185 17.910434 17.919888 17.929222 17.93912
 17.94887  17.958166 17.967632 17.976943 17.98696  17.996164 18.005501
 18.0152   18.024545 18.034291 18.044126 18.053484 18.062841 18.072255
 18.082143 18.091632 18.10103  18.110479 18.119965 18.129517 18.138951
 18.148402 18.157832 18.167321 18.176825 18.186238 18.195597 18.204956
 18.214646 18.22432  18.233841 18.243351 18.252634 18.26209  18.271514
 18.280918 18.290631 18.30015  18.30957  18.318684 18.328123 18.337829
 18.347082 18.356495 18.36562  18.375618 18.385368]","[1626466.00252764 1646788.52679213 1668884.70389386 1690953.18547255
 1711592.69255198 1730202.27498504 1747980.78344266 1764318.17878026
 1778712.41300141 1792093.1288165  1804640.87610402 1818526.21027579
 1837396.34592196 1863905.51719873 1897376.63070638 1939303.54775966
 1986187.65851496 2033501.1462918  2078317.83237142 2117203.76719399
 2148786.0558928  2170096.79848352 2183036.27581159 2189631.09802872
 2190476.79198309 2189883.68156472 2189279.09445189 2188347.39671966
 2186154.42729306 2183165.23440279 2176214.96412461 2164733.87494441
 2148775.37941206 2127259.09929609 2099087.0871647  2062685.03006425
 2018389.79031293 1964240.85789115 1900569.87341691 1829975.25226205
 1753715.78615068 1675277.85872178 1596577.2264116  1519333.99658483
 1443826.41519795 1371686.28780117 1302177.84455206 1235670.58405129
 1171324.15280352 1110933.17786768 1053717.08650109  999828.74468213
  949125.83682994  900877.51408094  855264.75810098  813454.55576021
  776069.73678803  744337.90969462  716955.80285399  692639.95056934
  670103.70127006  649324.43427492  629121.54910847  611260.75368562
  595552.11899951  583361.02984947  573733.7953748   566204.06678503
  560203.68801246  554964.15831757  549751.70461561  543655.54354773
  536447.865289    527304.55026342  516884.57488084  505311.80114675
  492957.98730446  480241.45932324  466506.69432869  451967.42063687
  436852.77287343  422049.52127845  407220.51202992  392332.04273922
  377122.72020333  361196.61963938  344636.76327237  327354.72556503
  310034.59514491  292698.41379389  275970.70351081  259594.98402697
  243580.93912225  227641.48047319  211779.38854473  196541.94013765
  182088.93639254  168836.57562985  156325.0407158   144571.89161513
  133345.2715338   122586.65448821  112462.62717173  103342.30179832
   95291.69385613   88391.42592997   82643.47037569   77762.40800685
   73692.2885579    70125.05814797   66864.50441874   63856.02690226
   61142.93079849   58817.61907542   56813.21091466   55337.28368308
   54284.63105013]",,,,2190476.791983085
120,7074,382692.41,17.027998,17.209355,17.286476,808.5517,808.54361-808.55978,19502192.73137115,1768005.3265285492,27,1381251.7697192144,78.1,85589.44195399806,4.8,[2.8],"[301.2173, 327.233]",[327.23392],[88.50672],"[16.797998 16.807998 16.817998 16.827998 16.837998 16.847998 16.857998
 16.867998 16.877998 16.887998 16.897998 16.907998 16.917998 16.927998
 16.937998 16.947998 16.957998 16.967998 16.977998 16.987998 16.997998
 17.007998 17.017998 17.027998 17.038598 17.048183 17.057791 17.067213
 17.077073 17.08732  17.096638 17.106036 17.115286 17.125149 17.134959
 17.144065 17.153276 17.1624   17.171844 17.182009 17.191149 17.200236
 17.209355 17.218474 17.227561 17.236701 17.246866 17.25631  17.265434
 17.274645 17.283751 17.293561 17.303424 17.312674 17.322072 17.33139
 17.341637 17.351497 17.360919 17.370527 17.380112 17.390712 17.400712
 17.410712 17.420712 17.430712 17.440712 17.450712 17.460712 17.470712
 17.480712 17.490712 17.500712 17.510712 17.520712 17.530712 17.540712
 17.550712 17.560712 17.570712 17.580712 17.590712 17.600712 17.610712
 17.620712]","[6.46889910e+01 1.05226184e+02 1.69150231e+02 2.68705588e+02
 4.21828707e+02 6.54411460e+02 1.00327731e+03 1.52000989e+03
 2.27576372e+03 3.36715613e+03 4.92328151e+03 7.11379611e+03
 1.01578896e+04 1.43337853e+04 1.99881974e+04 2.75449314e+04
 3.75115571e+04 5.04828445e+04 6.71394646e+04 8.82403577e+04
 1.14607220e+05 1.47099780e+05 1.86580993e+05 3.58945078e+05
 3.75905283e+05 4.01104588e+05 4.37114566e+05 4.86953749e+05
 5.52831444e+05 6.36062717e+05 7.37620366e+05 8.54977374e+05
 9.84406710e+05 1.12095744e+06 1.25687568e+06 1.38370416e+06
 1.49644614e+06 1.58932966e+06 1.66087144e+06 1.71104213e+06
 1.74381794e+06 1.76109247e+06 1.76744180e+06 1.78404119e+06
 1.74978904e+06 1.69915119e+06 1.62554979e+06 1.54301088e+06
 1.45260198e+06 1.35310028e+06 1.24903357e+06 1.13333376e+06
 1.01606674e+06 9.07584505e+05 8.00864843e+05 7.00176946e+05
 5.96872672e+05 5.05910915e+05 4.27349250e+05 3.55911268e+05
 2.93331367e+05 2.33871934e+05 1.86580993e+05 1.47099780e+05
 1.14607220e+05 8.82403577e+04 6.71394646e+04 5.04828445e+04
 3.75115571e+04 2.75449314e+04 1.99881974e+04 1.43337853e+04
 1.01578896e+04 7.11379611e+03 4.92328151e+03 3.36715613e+03
 2.27576372e+03 1.52000989e+03 1.00327731e+03 6.54411460e+02
 4.21828707e+02 2.68705588e+02 1.69150231e+02 1.05226184e+02
 6.46889910e+01]",1,0.9915302544686927,,1784041.1908881161
121,1839,1839236.0,4.03029,4.315215,4.6524431,808.58655,808.57846-808.59463,32661156.154498234,3958618.936826706,65,3953306.0482979002,99.9,3953306.0482979002,99.9,[2.8],"[301.2173, 327.233]",[327.23392],[37.66753],"[4.0353081 4.0448962 4.0543077 4.0636754 4.0730667 4.0826945 4.092542
 4.102056  4.1115259 4.1209945 4.1305983 4.1400644 4.149625  4.1590718
 4.1683858 4.1776544 4.1874619 4.1971417 4.2062415 4.2153457 4.224439
 4.2336129 4.2429566 4.2519028 4.2609822 4.2699957 4.279064  4.2882108
 4.2970817 4.3061733 4.315215  4.3242567 4.3333483 4.3422192 4.351366
 4.3604343 4.3694478 4.3785272 4.3874734 4.3968171 4.405991  4.4150843
 4.4241885 4.4332883 4.4429681 4.4527756 4.4620442 4.4713582 4.480805
 4.4903656 4.4998317 4.5094355 4.5189041 4.528374  4.537888  4.5477355
 4.5573633 4.5667546 4.5761223 4.5855338 4.5951219 4.6048677 4.6142505
 4.6236098 4.6331494 4.6427501]","[1.81102384e+02 3.43902591e+02 6.32226082e+02 1.13574047e+03
 2.00223214e+03 3.50583279e+03 6.08171665e+03 1.01378291e+04
 1.65136289e+04 2.63476049e+04 4.14356985e+04 6.34102037e+04
 9.54309308e+04 1.39998790e+05 2.00206935e+05 2.80195607e+05
 3.91356823e+05 5.32548799e+05 6.97559843e+05 8.96540824e+05
 1.13018860e+06 1.40036315e+06 1.70764909e+06 2.02631305e+06
 2.36556173e+06 2.70717677e+06 3.04265765e+06 3.35810872e+06
 3.62784834e+06 3.85362503e+06 3.95330605e+06 3.85904273e+06
 3.67062576e+06 3.40279183e+06 3.07951866e+06 2.72186937e+06
 2.35383137e+06 1.99480640e+06 1.66006323e+06 1.35929866e+06
 1.09727647e+06 8.76096078e+05 6.93731693e+05 5.44276515e+05
 4.24767534e+05 3.27994255e+05 2.51383386e+05 1.90066647e+05
 1.42618607e+05 1.06183399e+05 7.85888595e+04 5.82938754e+04
 4.33591716e+04 3.22843528e+04 2.41046316e+04 1.78940450e+04
 1.31925789e+04 9.51589091e+03 6.62177927e+03 4.40641859e+03
 2.81295322e+03 1.63668641e+03 8.66595213e+02 4.22635076e+02
 1.83319742e+02 5.12735371e+01]",1,0.9994451067787171,,3953306.0482979002
122,4704,493686.38,11.103251,11.440584,11.585082,810.50439,810.49629-810.5125,5231965.715445006,424929.57813215256,35,424837.91077043646,100.0,160511.6157568461,37.8,[2.58],"[301.2173, 327.233]",[301.21808],[100.0],"[11.171052 11.181052 11.191052 11.201052 11.211052 11.221052 11.231052
 11.241052 11.251714 11.261998 11.272604 11.283312 11.293468 11.303833
 11.313504 11.323772 11.334075 11.34398  11.354128 11.36364  11.372689
 11.382747 11.392647 11.402431 11.411986 11.420821 11.430855 11.440584
 11.450313 11.460347 11.469182 11.478737 11.488521 11.498421 11.508479
 11.517528 11.52704  11.537188 11.547093 11.557396 11.567664 11.577335
 11.5877   11.597856 11.608564 11.61917  11.629454 11.640116 11.650116
 11.660116 11.670116 11.680116 11.690116 11.700116 11.710116]","[7.40533616e+01 1.43506364e+02 2.70879103e+02 4.98032637e+02
 8.91903906e+02 1.55580903e+03 2.64345833e+03 3.62295507e+02
 1.33112373e+03 3.80364230e+03 8.70060563e+03 1.76383362e+04
 3.10343574e+04 5.04706947e+04 7.57780919e+04 1.05935918e+05
 1.39942886e+05 1.76590178e+05 2.13981048e+05 2.51438822e+05
 2.89491083e+05 3.25467313e+05 3.58970427e+05 3.86550764e+05
 4.06194771e+05 4.18474183e+05 4.23997992e+05 4.24837911e+05
 4.24563850e+05 4.22587195e+05 4.11728683e+05 3.91155467e+05
 3.62033010e+05 3.26301749e+05 2.85960622e+05 2.48238023e+05
 2.09027737e+05 1.69493566e+05 1.34567215e+05 1.02993076e+05
 7.67376174e+04 5.67056762e+04 3.98984866e+04 2.75082108e+04
 1.80481060e+04 1.15407565e+04 7.27216373e+03 4.37488470e+03
 2.64345833e+03 1.55580903e+03 8.91903906e+02 4.98032637e+02
 2.70879103e+02 1.43506364e+02 7.40533616e+01]",1,0.9986961176611748,,424837.91077043646
123,2816,181810.38,6.4057598,6.7491352,6.9195652,810.50885,810.50075-810.51696,11267112.490136577,495548.9317752123,50,310774.04624280625,62.7,162310.09005687397,32.8,[1.47],"[301.2173, 327.233]",[301.21686],[18.28768],"[6.4057598 6.4156024 6.4258672 6.4365435 6.4471196 6.4574973 6.4672763
 6.4775035 6.4883702 6.4990943 6.5093827 6.519231  6.5295534 6.5403492
 6.5510065 6.5608201 6.5709873 6.5819623 6.5927255 6.6034269 6.6138797
 6.6247089 6.6350863 6.645761  6.6566473 6.6663655 6.6768047 6.6875962
 6.6981852 6.7085369 6.7180181 6.7281051 6.7387805 6.7491352 6.7590989
 6.768578  6.7785703 6.789043  6.7994706 6.8094051 6.8188926 6.8288485
 6.8389686 6.8493301 6.8593131 6.8687936 6.8789739 6.8897597 6.899876
 6.9098623 6.9195652]","[176875.49598276 181011.76810818 186086.50572188 192250.49914679
 199430.12176227 207444.24229868 216119.16152735 225059.31295098
 234459.87082772 243985.63485505 254211.54440038 265307.50638171
 277384.07762816 290302.68546709 304086.69449544 318242.08959312
 332591.32411958 346847.36174015 360400.96035466 373371.21835788
 385487.64346017 397171.86009785 408675.47228222 419916.14222735
 430858.84241439 440833.66124805 449961.35074768 458373.97302658
 466378.34085331 474342.52641102 481992.01601613 488480.63278475
 493094.81390916 495497.95032194 494972.06485052 492101.50784576
 486410.67398544 478238.06385251 468090.48380845 456447.24125009
 443963.92506636 430683.86111984 417160.60910861 403535.47382236
 389741.44597806 376369.42824697 363579.25963283 351710.64512118
 341146.83958658 332549.47780573 325890.4153304 ]",,,,495497.9503219399
124,2972,201765.08,6.9195652,7.1017007,7.9926402,810.50928,810.50117-810.51738,13205429.463171668,609577.447455883,109,275977.00848133257,45.3,598061.4517287937,98.1,[2.14],"[301.2173, 327.233]",[327.2323],[14.40472],"[6.9195652 6.9297207 6.9402051 6.9502464 6.9604173 6.9707036 6.9807068
 6.9911514 7.0012177 7.0117402 7.0213305 7.0313349 7.0416678 7.0518358
 7.0622866 7.0721469 7.0821906 7.0920736 7.1017007 7.1121507 7.1218516
 7.1319631 7.1410165 7.1502224 7.1600056 7.1696978 7.1797423 7.1889328
 7.1981306 7.2082569 7.2179673 7.2282129 7.2375603 7.2470798 7.2569662
 7.2665444 7.2767808 7.2867215 7.296512  7.3057957 7.3151353 7.3246882
 7.334465  7.3441615 7.3535457 7.362741  7.3725145 7.3815986 7.3905973
 7.4001861 7.409309  7.4188012 7.4281478 7.4372728 7.4474516 7.4566736
 7.4663912 7.4755609 7.4851745 7.4954049 7.5048157 7.514374  7.5236437
 7.5335824 7.5439636 7.5534479 7.5632229 7.5731803 7.5835924 7.5938558
 7.6033375 7.6130958 7.6230062 7.6332799 7.6435329 7.6529933 7.6627609
 7.6725507 7.6829068 7.6926153 7.7020038 7.7111966 7.7209053 7.7313329
 7.7417303 7.7511116 7.7610017 7.7708484 7.781425  7.7919053 7.8013636
 7.811363  7.8212282 7.8312225 7.8417714 7.8513053 7.8613104 7.8713084
 7.8812709 7.8917695 7.9012987 7.9111938 7.9216309 7.9322821 7.9422268
 7.9516053 7.9616425 7.972005  7.9821751 7.9926402]","[323863.91368466 328659.85485564 335498.55181042 345050.58210109
 357280.19482221 372043.47541025 389160.43693121 408333.9380549
 429248.50442998 451713.01520261 475535.48697875 500208.49009259
 524407.69545602 547319.70230659 567448.01084144 583849.42297951
 596681.35090269 605135.55902741 609164.8687464  608875.92516568
 603944.79478955 594883.89722342 581771.04099024 565788.12790023
 547112.34279406 525925.94880168 502501.79843534 477307.46666915
 450709.33978462 424128.17815831 398171.99880832 373211.39889106
 350189.06965817 328695.59724762 308680.6321903  290057.40384518
 272421.14992931 256620.74866156 241945.59832227 228912.47740717
 217436.29437693 207047.82478595 197463.41797199 188218.35597074
 178958.18015357 169904.78321665 160933.43746647 152691.19582479
 145279.4141899  138896.6059835  133535.2493611  128773.41452021
 123922.9395583  118986.03350778 113546.98032286 107766.94488209
 102228.84016737  97262.59629823  93145.66227126  89925.88820398
  87325.94730963  85264.46522421  83196.87743179  81075.69480986
  78590.0604261   75445.91923759  71917.2143113   68375.76744605
  65106.3405704   62407.50384164  60265.51409689  58336.55582641
  56722.36023451  54824.81914461  52388.08198133  49363.93658313
  45904.66570027  42459.80310257  39583.20094016  37592.86235168
  36616.10601609  36175.57887368  35782.36794863  35189.95143889
  34317.05910808  33278.16468284  32238.86403664  31049.10258767
  30089.09616361  29206.47251767  28362.63681175  27588.71544573
  26886.75148815  26118.71534745  25284.04348826  24180.42054221
  22991.68984121  21672.13893204  20334.17109952  19076.44320631
  17863.99029552  16824.60927738  15982.21997075  15209.65620008
  14401.62525974  13426.04471599  12336.10586887  11260.82565606
  10418.15412569   9981.3984562 ]",,,,609164.8687463985
125,6230,6704242.0,14.881572,15.133113,15.727893,810.52972,810.52162-810.53783,367394967.3393412,27059742.00653076,88,26318313.15467562,97.3,26883998.13526219,99.4,[1.47],"[301.2173, 327.233]",[301.21774],[98.48779],"[14.268333 14.278333 14.288333 14.298333 14.308333 14.318333 14.328333
 14.338333 14.348333 14.358333 14.368333 14.378333 14.388333 14.398333
 14.408333 14.418333 14.428333 14.438333 14.448333 14.458333 14.468333
 14.478333 14.488333 14.498333 14.508333 14.518333 14.528333 14.538333
 14.538333 14.5482   14.558245 14.567239 14.576265 14.585857 14.595519
 14.605708 14.61472  14.624392 14.633423 14.643293 14.652936 14.661906
 14.671759 14.681144 14.691299 14.700855 14.71009  14.719769 14.729128
 14.739287 14.748821 14.758334 14.768107 14.777827 14.787367 14.796888
 14.806403 14.816123 14.825792 14.835281 14.844828 14.854752 14.864409
 14.873766 14.883114 14.892939 14.90282  14.912581 14.921941 14.931362
 14.94103  14.950896 14.960832 14.970223 14.979627 14.989103 14.998787
 15.008771 15.018194 15.027637 15.037075 15.046527 15.056241 15.06572
 15.075635 15.085013 15.094559 15.104081 15.113888 15.12368  15.133113
 15.142546 15.152338 15.162145 15.171667 15.181213 15.190591 15.200506
 15.209985 15.219699 15.229151 15.238589 15.248032 15.257455 15.267439
 15.277123 15.286599 15.296003 15.305394 15.31533  15.325196 15.334864
 15.344285 15.353645 15.363406 15.373287 15.383112 15.39246  15.401817
 15.411474 15.421398 15.430945 15.440434 15.450103 15.459823 15.469338
 15.478859 15.488399 15.498119 15.507892 15.517405 15.526939 15.537098
 15.546457 15.556136 15.565371 15.574927 15.585082 15.594467 15.60432
 15.61329  15.622933 15.632803 15.641834 15.651506 15.660518 15.670707
 15.680369 15.689961 15.698987 15.707981 15.718026 15.727893 15.727893
 15.737893 15.747893 15.757893 15.767893 15.777893 15.787893 15.797893
 15.807893 15.817893 15.827893 15.837893 15.847893 15.857893 15.867893
 15.877893 15.887893 15.897893 15.907893 15.917893 15.927893 15.937893
 15.947893 15.957893 15.967893 15.977893 15.987893 15.997893 16.007893]","[1.15282648e+02 1.43046333e+02 1.77199524e+02 2.19139874e+02
 2.70553588e+02 3.33471117e+02 4.10332755e+02 5.04065742e+02
 6.18174681e+02 7.56847324e+02 9.25078060e+02 1.12881174e+03
 1.37511079e+03 1.67234892e+03 2.03043521e+03 2.46107253e+03
 2.97805507e+03 3.59760991e+03 4.33878822e+03 5.22391220e+03
 6.27908439e+03 7.53476665e+03 9.02643644e+03 1.07953291e+04
 1.28892746e+04 1.53636393e+04 1.82823814e+04 2.17192318e+04
 2.17192318e+04 2.57009180e+04 3.04540167e+04 3.54003346e+04
 4.11160616e+04 4.81329845e+04 5.63244908e+04 6.63650482e+04
 7.66166091e+04 8.92520672e+04 1.02779393e+05 1.19731797e+05
 1.38772718e+05 1.58971240e+05 1.84275773e+05 2.11794494e+05
 2.45809810e+05 2.82347302e+05 3.22341053e+05 3.69784070e+05
 4.21659225e+05 4.85431272e+05 5.53156976e+05 6.29195333e+05
 7.17077855e+05 8.15362066e+05 9.23493387e+05 1.04411832e+06
 1.17861965e+06 1.33183933e+06 1.50165466e+06 1.68677550e+06
 1.89318263e+06 2.13110655e+06 2.38752135e+06 2.66139807e+06
 2.96204385e+06 3.30948363e+06 3.69399060e+06 4.11106856e+06
 4.54835654e+06 5.02802294e+06 5.56430323e+06 6.16063118e+06
 6.81456554e+06 7.48493838e+06 8.21017185e+06 8.99856958e+06
 9.86720994e+06 1.08328146e+07 1.18125923e+07 1.28641584e+07
 1.39878258e+07 1.51888190e+07 1.65048919e+07 1.78717477e+07
 1.93915174e+07 2.09160280e+07 2.25568684e+07 2.42848807e+07
 2.61615590e+07 2.81348270e+07 2.70566446e+07 2.69101438e+07
 2.63796324e+07 2.55121718e+07 2.43527899e+07 2.29563175e+07
 2.13716077e+07 1.96434357e+07 1.78337137e+07 1.60179737e+07
 1.42450342e+07 1.25673852e+07 1.10214426e+07 9.62286933e+06
 8.38933022e+06 7.31739268e+06 6.40939334e+06 5.66356498e+06
 5.06525192e+06 4.59992058e+06 4.25026113e+06 3.99019809e+06
 3.80343480e+06 3.67017358e+06 3.57608268e+06 3.50621459e+06
 3.44695889e+06 3.38474757e+06 3.31070486e+06 3.21853275e+06
 3.10583114e+06 2.96915711e+06 2.80865922e+06 2.62559370e+06
 2.42537992e+06 2.21568045e+06 2.00529542e+06 1.80145584e+06
 1.61153924e+06 1.43844575e+06 1.28407991e+06 1.14821903e+06
 1.02907898e+06 9.23824469e+05 8.29156859e+05 7.43683756e+05
 6.66717157e+05 5.97607631e+05 5.36111082e+05 4.81817582e+05
 4.33607072e+05 3.90530982e+05 3.52029528e+05 3.17600866e+05
 2.87325820e+05 2.61134055e+05 2.38836655e+05 2.20400432e+05
 2.05651528e+05 1.94999547e+05 1.88071732e+05 1.84537986e+05
 1.83744427e+05 2.17192318e+04 1.82823814e+04 1.53636393e+04
 1.28892746e+04 1.07953291e+04 9.02643644e+03 7.53476665e+03
 6.27908439e+03 5.22391220e+03 4.33878822e+03 3.59760991e+03
 2.97805507e+03 2.46107253e+03 2.03043521e+03 1.67234892e+03
 1.37511079e+03 1.12881174e+03 9.25078060e+02 7.56847324e+02
 6.18174681e+02 5.04065742e+02 4.10332755e+02 3.33471117e+02
 2.70553588e+02 2.19139874e+02 1.77199524e+02 1.43046333e+02
 1.15282648e+02 9.27521942e+01]",1,0.9822363957490807,,28134827.01581216
126,5938,3058284.2,14.203391,14.454482,14.715324,810.52985,810.52174-810.53795,140170410.05192205,10169461.580551147,53,9333846.033748552,91.8,9445169.18055838,92.9,"[2.79, 2.14]","[301.2173, 327.233]","[301.21814, 327.2323]","[91.93134, 26.15408]","[14.00364  14.01364  14.02364  14.03364  14.04364  14.05364  14.06364
 14.07364  14.08364  14.09364  14.10364  14.11364  14.12364  14.13364
 14.14364  14.15364  14.16364  14.17364  14.18364  14.19364  14.19364
 14.203633 14.213322 14.223011 14.232877 14.242038 14.251742 14.261554
 14.271587 14.281432 14.290661 14.300122 14.309462 14.319786 14.329521
 14.338661 14.348543 14.357947 14.368087 14.377524 14.386836 14.396736
 14.406109 14.416328 14.425671 14.435043 14.444408 14.454482 14.464556
 14.473921 14.483293 14.492636 14.502855 14.512228 14.522128 14.53144
 14.540877 14.551017 14.560421 14.570303 14.579443 14.589178 14.599502
 14.608842 14.618303 14.627532 14.637377 14.64741  14.657222 14.666926
 14.676087 14.685953 14.695642 14.705331 14.715324 14.715324 14.725324
 14.735324 14.745324 14.755324 14.765324 14.775324 14.785324 14.795324
 14.805324 14.815324 14.825324 14.835324 14.845324 14.855324 14.865324
 14.875324 14.885324 14.895324 14.905324 14.915324]","[1.06059005e+02 1.74347618e+02 2.83473146e+02 4.55863969e+02
 7.25080204e+02 1.14068116e+03 1.77488379e+03 2.73151140e+03
 4.15779955e+03 6.25967113e+03 9.32109475e+03 1.37280789e+04
 1.99976999e+04 2.88122892e+04 4.10584851e+04 5.78702708e+04
 8.06743630e+04 1.11235398e+05 1.51697324e+05 2.04616316e+05
 2.04616316e+05 2.72925478e+05 3.57101327e+05 4.62443333e+05
 5.95350399e+05 7.45568301e+05 9.36754096e+05 1.16760946e+06
 1.44668264e+06 1.76617990e+06 2.10898523e+06 2.50512371e+06
 2.94061656e+06 3.47165665e+06 4.01663174e+06 4.56247076e+06
 5.18256772e+06 5.79275165e+06 6.46069288e+06 7.07911329e+06
 7.67337727e+06 8.27305857e+06 8.79620456e+06 9.30144637e+06
 9.69092164e+06 1.00011400e+07 1.02220136e+07 1.01622400e+07
 1.01460460e+07 1.00108430e+07 9.76000832e+06 9.40122168e+06
 8.94603697e+06 8.40981544e+06 7.80485075e+06 7.15025965e+06
 6.46425262e+06 5.76789798e+06 5.08476437e+06 4.43281568e+06
 3.82645374e+06 3.27511217e+06 2.78407588e+06 2.35555697e+06
 1.98901472e+06 1.68156853e+06 1.42920287e+06 1.22763952e+06
 1.06887941e+06 9.48434326e+05 8.58322890e+05 7.94689580e+05
 7.51954902e+05 7.26133538e+05 7.12715576e+05 2.04616316e+05
 1.51697324e+05 1.11235398e+05 8.06743630e+04 5.78702708e+04
 4.10584851e+04 2.88122892e+04 1.99976999e+04 1.37280789e+04
 9.32109475e+03 6.25967113e+03 4.15779955e+03 2.73151140e+03
 1.77488379e+03 1.14068116e+03 7.25080204e+02 4.55863969e+02
 2.83473146e+02 1.74347618e+02 1.06059005e+02 6.38126113e+01]",1,0.9966363560845128,,10222013.641848633
127,5728,667952.88,13.394575,14.022271,14.203391,810.53247,810.52437-810.54058,39023673.61698509,3042015.9222183228,85,3001690.0871329075,98.7,2213295.291792606,72.8,[3.6],"[301.2173, 327.233]",[301.21622],[12.54451],"[13.394575 13.404089 13.41424  13.423921 13.433827 13.443736 13.452982
 13.462821 13.472487 13.481989 13.491751 13.500746 13.510151 13.519864
 13.529166 13.538764 13.547882 13.557431 13.567451 13.577237 13.587002
 13.596121 13.606032 13.615347 13.625065 13.634439 13.643654 13.653033
 13.662794 13.672471 13.681857 13.69105  13.700479 13.709946 13.719612
 13.728795 13.738079 13.74734  13.757231 13.766684 13.776028 13.785516
 13.794744 13.804099 13.813652 13.82327  13.832782 13.841959 13.851502
 13.861312 13.871041 13.880732 13.889868 13.899586 13.909576 13.919013
 13.928447 13.937496 13.946818 13.956646 13.965955 13.9753   13.98466
 13.994211 14.003575 14.012934 14.022271 14.031608 14.040967 14.050331
 14.059882 14.069242 14.078587 14.087896 14.097724 14.107046 14.116095
 14.125529 14.134966 14.144956 14.154674 14.16381  14.173501 14.18323
 14.19304  14.202583 14.21176  14.221272 14.23089  14.240443 14.249798
 14.259026 14.268514 14.277858 14.287311 14.297202 14.306463 14.315747
 14.32493  14.334596 14.344063 14.353492 14.362685 14.372071 14.381748]","[3.90470555e+04 3.96224382e+04 4.02534712e+04 4.08725133e+04
 4.13866692e+04 4.17279490e+04 4.19217922e+04 4.20778952e+04
 4.24592518e+04 4.31846737e+04 4.44522147e+04 4.61316797e+04
 4.78498746e+04 4.93609952e+04 5.03294095e+04 5.08442282e+04
 5.11393216e+04 5.15256924e+04 5.20970786e+04 5.29184820e+04
 5.38665301e+04 5.48035558e+04 5.56446728e+04 5.64768193e+04
 5.72943084e+04 5.80821519e+04 5.88986619e+04 5.99614906e+04
 6.10202305e+04 6.25108262e+04 6.42596549e+04 6.65917801e+04
 6.92944978e+04 7.27492278e+04 7.68563890e+04 8.16050331e+04
 8.68136491e+04 9.21401721e+04 9.76383239e+04 1.02875941e+05
 1.08025377e+05 1.14026231e+05 1.21959398e+05 1.33864050e+05
 1.50570311e+05 1.74297978e+05 2.06714289e+05 2.49029916e+05
 3.02594579e+05 3.68974085e+05 4.51734560e+05 5.52398042e+05
 6.75218548e+05 8.22328775e+05 9.94322478e+05 1.19101764e+06
 1.40751873e+06 1.63975284e+06 1.88059705e+06 2.12191826e+06
 2.35229851e+06 2.56041763e+06 2.73807026e+06 2.87698910e+06
 2.97466558e+06 3.02867824e+06 3.04168927e+06 3.04895358e+06
 2.96986522e+06 2.85248230e+06 2.69823879e+06 2.51923357e+06
 2.31968418e+06 2.10713254e+06 1.87538710e+06 1.65535285e+06
 1.44710354e+06 1.24040597e+06 1.04813480e+06 8.63452947e+05
 7.04199122e+05 5.73413869e+05 4.54442591e+05 3.54427197e+05
 2.71652816e+05 2.06645642e+05 1.56683464e+05 1.15945384e+05
 8.42619548e+04 6.04757231e+04 4.30891927e+04 3.04224328e+04
 2.09695045e+04 1.43324059e+04 9.61493340e+03 6.23577269e+03
 4.09871467e+03 2.65441226e+03 1.70391360e+03 1.05309668e+03
 6.47881761e+02 3.93710946e+02 2.38959018e+02 1.41532351e+02
 8.12688364e+01]",1,0.9964104993918836,,3048953.5792450113
128,6080,223239.53,14.715324,14.802344,14.881572,810.53247,810.52437-810.54058,7602173.857781274,793734.4461083412,17,76778.31830772152,9.7,55517.67961267347,7.0,"[2.79, 1.5]","[301.2173, 327.233]","[301.21814, 327.23349]","[52.91014, 17.12499]","[14.715324 14.724716 14.734187 14.74404  14.753788 14.763671 14.773348
 14.783034 14.793009 14.802344 14.812618 14.822542 14.832495 14.842192
 14.851563 14.861758 14.871709 14.881572]","[719271.88114082 725455.94306358 734064.5469755  745132.00402466
 757119.9455594  768609.28088879 778485.57554867 786098.85148857
 791230.4965318  793849.15070661 792596.5939666  787937.40247235
 779565.39878736 768172.54621899 755139.03086958 741415.84225339
 728215.90248444 716306.29126029]",,,,793849.1507066063
129,8502,10044570.0,20.244209,20.65364,22.467483,810.56641,810.5583-810.57451,720799620.839469,37415056.88415527,227,37298390.99652231,99.7,37374103.326703474,99.9,[0.86],"[301.2173, 327.233]",[301.21756],[100.0],"[19.645484 19.655418 19.665151 19.674881 19.68477  19.694635 19.70468
 19.714411 19.723899 19.733735 19.743671 19.75352  19.762933 19.772431
 19.782344 19.792205 19.801666 19.811143 19.820529 19.830495 19.840059
 19.849524 19.859027 19.868432 19.878235 19.887789 19.897253 19.906653
 19.915883 19.92582  19.93524  19.944669 19.954107 19.963472 19.973693
 19.983004 19.992266 20.001568 20.010869 20.020836 20.030132 20.039613
 20.048906 20.058444 20.067971 20.077903 20.087615 20.096974 20.106534
 20.115916 20.125288 20.135021 20.144663 20.154076 20.163458 20.172847
 20.182612 20.192392 20.201859 20.211241 20.220627 20.230397 20.24004
 20.249477 20.258877 20.268297 20.277892 20.287351 20.296779 20.30655
 20.316088 20.325613 20.335143 20.344601 20.354148 20.364036 20.373525
 20.383469 20.393059 20.402571 20.41232  20.42177  20.431696 20.441578
 20.451048 20.460786 20.470236 20.480142 20.490035 20.499486 20.509127
 20.518612 20.52831  20.538164 20.547565 20.557151 20.566961 20.57678
 20.586294 20.595894 20.605503 20.615329 20.624971 20.634531 20.644076
 20.65364  20.663204 20.672749 20.682309 20.691951 20.701777 20.711386
 20.720986 20.7305   20.740319 20.750129 20.759715 20.769116 20.77897
 20.788668 20.798153 20.807794 20.817245 20.827138 20.837044 20.846494
 20.856232 20.865702 20.875584 20.88551  20.89496  20.904709 20.914221
 20.923811 20.933755 20.943244 20.953132 20.962679 20.972137 20.981667
 20.991192 21.00073  21.010501 21.019929 21.029388 21.038983 21.048403
 21.057803 21.06724  21.076883 21.086653 21.096039 21.105421 21.114888
 21.124668 21.134433 21.143822 21.153204 21.162617 21.172259 21.181992
 21.191364 21.200746 21.210306 21.219665 21.229377 21.239309 21.248836
 21.258374 21.267667 21.277148 21.286444 21.296411 21.305712 21.315014
 21.324276 21.333587 21.343808 21.353173 21.362611 21.37204  21.38146
 21.391397 21.400627 21.410027 21.419491 21.429045 21.438848 21.448253
 21.457756 21.467221 21.476785 21.486751 21.496137 21.505614 21.515075
 21.524936 21.534849 21.544347 21.55376  21.563609 21.573545 21.583381
 21.592869 21.6026   21.612645 21.62251  21.632399 21.642129 21.651862
 21.661796 21.671308 21.681199 21.690955 21.701307 21.71103  21.720665
 21.730293 21.740195 21.750357 21.760294 21.769851 21.779564 21.789358
 21.799641 21.809354 21.819119 21.828811 21.838835 21.849489 21.859729
 21.869285 21.879185 21.88951  21.899706 21.909794 21.920135 21.930135
 21.940742 21.950691 21.9607   21.97096  21.981251 21.991264 22.001477
 22.011654 22.021921 22.031949 22.04258  22.05279  22.06313  22.072979
 22.083134 22.093635 22.103699 22.113935 22.124166 22.134247 22.144944
 22.154899 22.165244 22.175375 22.185692 22.196187 22.20626  22.215949
 22.22612  22.235589 22.246147 22.255871 22.265489 22.275983 22.285416
 22.295752 22.30527  22.314554 22.324478 22.333958 22.343909 22.353653
 22.362697 22.372214 22.382134 22.391917 22.401231 22.410261 22.419917
 22.429932 22.439598 22.448706 22.45785  22.467483]","[1.20375309e+02 1.49211803e+02 1.83837140e+02 2.26096998e+02
 2.78526198e+02 3.42338223e+02 4.21596771e+02 5.14943310e+02
 6.24797583e+02 7.62177542e+02 9.29998462e+02 1.13080964e+03
 1.36090870e+03 1.63791898e+03 1.98389668e+03 2.39632956e+03
 2.86768723e+03 3.42725974e+03 4.08250298e+03 4.90734796e+03
 5.84538295e+03 6.93886391e+03 8.22920441e+03 9.72675636e+03
 1.15588481e+04 1.36531910e+04 1.60756533e+04 1.88768681e+04
 2.20677034e+04 2.60636308e+04 3.04676629e+04 3.55642047e+04
 4.14528891e+04 4.81829274e+04 5.66788294e+04 6.56081958e+04
 7.57684157e+04 8.74204526e+04 1.00705816e+05 1.16988870e+05
 1.34323577e+05 1.54403789e+05 1.76718326e+05 2.02650818e+05
 2.31972355e+05 2.66601845e+05 3.04933734e+05 3.46520732e+05
 3.94219515e+05 4.46693031e+05 5.05283392e+05 5.73317809e+05
 6.48652855e+05 7.30557441e+05 8.21176908e+05 9.21653639e+05
 1.03746841e+06 1.16604000e+06 1.30351367e+06 1.45342146e+06
 1.61807555e+06 1.80626267e+06 2.01006363e+06 2.22814115e+06
 2.46494786e+06 2.72315769e+06 3.00904088e+06 3.31485107e+06
 3.64473382e+06 4.01451368e+06 4.40432213e+06 4.82347754e+06
 5.27414420e+06 5.75371488e+06 6.27177933e+06 6.84571838e+06
 7.43350624e+06 8.08961916e+06 8.76238068e+06 9.46942040e+06
 1.02359942e+07 1.10202207e+07 1.18881233e+07 1.27974920e+07
 1.37115044e+07 1.46947339e+07 1.56906057e+07 1.67780705e+07
 1.79077130e+07 1.90265027e+07 2.02063130e+07 2.14034095e+07
 2.26627507e+07 2.39766343e+07 2.52598481e+07 2.65954311e+07
 2.79873701e+07 2.94024640e+07 3.07907762e+07 3.22048341e+07
 3.36293081e+07 3.50907345e+07 3.65247241e+07 3.79415962e+07
 3.93464146e+07 3.74152099e+07 3.73057288e+07 3.69909251e+07
 3.64800452e+07 3.57697244e+07 3.48870966e+07 3.38550085e+07
 3.26908385e+07 3.14228722e+07 3.00576128e+07 2.86030557e+07
 2.70493636e+07 2.54306479e+07 2.37691019e+07 2.20965165e+07
 2.04348438e+07 1.88256217e+07 1.72734388e+07 1.57996593e+07
 1.44159850e+07 1.31226458e+07 1.19280771e+07 1.08309175e+07
 9.84193713e+06 8.95649134e+06 8.17532369e+06 7.49314809e+06
 6.90213442e+06 6.38709341e+06 5.95124664e+06 5.58535563e+06
 5.28011826e+06 5.02874552e+06 4.81843143e+06 4.64154508e+06
 4.49073375e+06 4.36096337e+06 4.25149054e+06 4.15334190e+06
 4.06894204e+06 3.99046354e+06 3.91526881e+06 3.84073718e+06
 3.76419509e+06 3.68392068e+06 3.60059085e+06 3.51292739e+06
 3.42164278e+06 3.32622949e+06 3.22594132e+06 3.11964444e+06
 3.00690889e+06 2.88546941e+06 2.75821083e+06 2.62212778e+06
 2.48024071e+06 2.33382869e+06 2.18520494e+06 2.03794773e+06
 1.89323168e+06 1.75333733e+06 1.62078022e+06 1.49521502e+06
 1.37815640e+06 1.27003880e+06 1.17009175e+06 1.07842234e+06
 9.94251104e+05 9.17223784e+05 8.47587539e+05 7.86261748e+05
 7.33476132e+05 6.88195389e+05 6.49433897e+05 6.16359745e+05
 5.86594073e+05 5.59420401e+05 5.34944034e+05 5.13022077e+05
 4.93881901e+05 4.78014059e+05 4.64699129e+05 4.53601661e+05
 4.43536739e+05 4.34548190e+05 4.25330472e+05 4.15362658e+05
 4.05051800e+05 3.93038805e+05 3.79304075e+05 3.64249748e+05
 3.48277904e+05 3.31928760e+05 3.16477224e+05 3.02593609e+05
 2.90920253e+05 2.81994137e+05 2.76004750e+05 2.72547846e+05
 2.70251733e+05 2.68686774e+05 2.66815306e+05 2.64282999e+05
 2.62257902e+05 2.60289807e+05 2.58745512e+05 2.57968504e+05
 2.57353429e+05 2.56944222e+05 2.56715669e+05 2.56399460e+05
 2.56274299e+05 2.56249421e+05 2.56211622e+05 2.55885974e+05
 2.55058098e+05 2.54052296e+05 2.52784468e+05 2.50880216e+05
 2.49161018e+05 2.47193578e+05 2.45109523e+05 2.43182179e+05
 2.40691617e+05 2.37437346e+05 2.33355605e+05 2.28705141e+05
 2.24098250e+05 2.20314347e+05 2.17308357e+05 2.15221234e+05
 2.13579957e+05 2.12313757e+05 2.10922071e+05 2.08963855e+05
 2.06485630e+05 2.03299421e+05 1.99733537e+05 1.96302616e+05
 1.93283023e+05 1.90723310e+05 1.88670976e+05 1.87029388e+05
 1.85566636e+05 1.84579622e+05 1.83557310e+05 1.82448508e+05
 1.80910695e+05 1.78913496e+05 1.76024123e+05 1.72392119e+05
 1.68309470e+05 1.63998178e+05 1.59762533e+05 1.55695045e+05
 1.51914481e+05 1.48315080e+05 1.44781788e+05 1.41193693e+05
 1.37362068e+05 1.33445359e+05 1.29255421e+05 1.24953106e+05
 1.20518904e+05 1.15871814e+05 1.10769870e+05 1.05001341e+05
 9.86191495e+04 9.19121340e+04 8.52711987e+04 7.91006259e+04
 7.36341514e+04 6.86810944e+04 6.42954681e+04 6.03629494e+04
 5.68828703e+04 5.39981529e+04 5.14130156e+04 4.92581718e+04
 4.73890026e+04 4.56958016e+04 4.41684277e+04 4.27474260e+04
 4.14224240e+04 4.01869271e+04 3.90184455e+04 3.79880962e+04]",1,0.9875900994134386,,39346414.55597006
130,5560,167111.69,13.212266,13.547882,14.050579,812.50238,812.49426-812.51051,8542957.067029364,581984.0615587234,88,581449.2938064545,99.9,581912.0284747608,100.0,[0.25],"[301.2173, 327.233]",[301.21722],[100.0],"[12.664628 12.674628 12.684628 12.694628 12.704628 12.714628 12.724628
 12.734628 12.744628 12.754628 12.764628 12.774628 12.784628 12.794628
 12.804628 12.814628 12.824628 12.834628 12.844628 12.854628 12.864628
 12.874628 12.884628 12.894628 12.904628 12.914628 12.924628 12.934628
 12.944628 12.954628 12.964628 12.974628 12.984628 12.994628 13.004628
 13.014628 13.024628 13.034628 13.044628 13.054628 13.054628 13.064022
 13.073493 13.08283  13.092189 13.101553 13.111104 13.120464 13.129809
 13.139118 13.148946 13.158268 13.167317 13.176751 13.186188 13.196178
 13.205896 13.215032 13.224723 13.234452 13.244262 13.253805 13.262982
 13.272494 13.282112 13.291665 13.30102  13.310248 13.319736 13.32908
 13.338533 13.348424 13.357685 13.366969 13.376152 13.385818 13.395285
 13.404714 13.413907 13.423293 13.43297  13.442731 13.45211  13.461325
 13.470699 13.480417 13.489732 13.499643 13.508762 13.518527 13.528313
 13.538333 13.547882 13.557431 13.567451 13.577237 13.587002 13.596121
 13.606032 13.615347 13.625065 13.634439 13.643654 13.653033 13.662794
 13.672471 13.681857 13.69105  13.700479 13.709946 13.719612 13.728795
 13.738079 13.74734  13.757231 13.766684 13.776028 13.785516 13.794744
 13.804099 13.813652 13.82327  13.832782 13.841959 13.851502 13.861312
 13.871041 13.880732 13.889868 13.899586 13.909576 13.919013 13.928447
 13.937496 13.946818 13.956646 13.965955 13.9753   13.98466  13.994211
 14.003575 14.012934 14.022271 14.031742 14.041136 14.041136 14.051136
 14.061136 14.071136 14.081136 14.091136 14.101136 14.111136 14.121136
 14.131136 14.141136 14.151136 14.161136 14.171136 14.181136 14.191136
 14.201136 14.211136 14.221136 14.231136 14.241136 14.251136 14.261136
 14.271136 14.281136 14.291136 14.301136 14.311136 14.321136 14.331136
 14.341136 14.351136 14.361136 14.371136 14.381136 14.391136 14.401136
 14.411136 14.421136 14.431136 14.441136]","[1.09797999e+02 1.23328840e+02 1.38470802e+02 1.55408624e+02
 1.74347355e+02 1.95514492e+02 2.19162319e+02 2.45570483e+02
 2.75048819e+02 3.07940455e+02 3.44625216e+02 3.85523361e+02
 4.31099670e+02 4.81867931e+02 5.38395846e+02 6.01310405e+02
 6.71303762e+02 7.49139653e+02 8.35660420e+02 9.31794672e+02
 1.03856565e+03 1.15710037e+03 1.28863953e+03 1.43454842e+03
 1.59632868e+03 1.77563118e+03 1.97427002e+03 2.19423776e+03
 2.43772190e+03 2.70712293e+03 3.00507377e+03 3.33446099e+03
 3.69844775e+03 4.10049868e+03 4.54440687e+03 5.03432307e+03
 5.57478727e+03 6.17076290e+03 6.82767378e+03 7.55144404e+03
 7.55144404e+03 8.29802313e+03 9.12214705e+03 1.00111176e+04
 1.09852175e+04 1.20503995e+04 1.32384552e+04 1.45110953e+04
 1.58980844e+04 1.74053715e+04 1.91447142e+04 2.09472525e+04
 2.28514616e+04 2.50123542e+04 2.73684583e+04 3.00930116e+04
 3.29905550e+04 3.59559232e+04 3.93786610e+04 4.31260228e+04
 4.72473276e+04 5.16146671e+04 5.61752073e+04 6.13057959e+04
 6.69451089e+04 7.30324930e+04 7.95012130e+04 8.64130929e+04
 9.41127785e+04 1.02329208e+05 1.11331414e+05 1.21552394e+05
 1.31923747e+05 1.43159005e+05 1.55159518e+05 1.68816942e+05
 1.83290249e+05 1.98866635e+05 2.15251746e+05 2.33291702e+05
 2.53380165e+05 2.75289561e+05 2.98015441e+05 3.22057986e+05
 3.48382924e+05 3.77805240e+05 4.08189951e+05 4.43034750e+05
 4.77548092e+05 5.17298848e+05 5.60236744e+05 6.07651310e+05
 5.81912028e+05 5.77682353e+05 5.65933482e+05 5.47103173e+05
 5.21535105e+05 4.90219500e+05 4.54884862e+05 4.17055609e+05
 3.78780004e+05 3.41087581e+05 3.05453779e+05 2.72434058e+05
 2.42502887e+05 2.15759297e+05 1.92205513e+05 1.71144785e+05
 1.52514287e+05 1.36367489e+05 1.22010348e+05 1.09676868e+05
 9.91998419e+04 9.03759192e+04 8.34426876e+04 7.80216209e+04
 7.38474725e+04 7.07037798e+04 6.83646150e+04 6.67345549e+04
 6.53645666e+04 6.44670489e+04 6.37848556e+04 6.33592862e+04
 6.29251242e+04 6.26288824e+04 6.23550930e+04 6.21812092e+04
 6.21212187e+04 6.18578470e+04 6.17126333e+04 6.09387554e+04
 5.89737006e+04 5.54761160e+04 5.01050109e+04 4.32097344e+04
 3.52087691e+04 2.69839058e+04 1.92648523e+04 1.27920267e+04
 7.75849832e+03 4.25697796e+03 2.06617178e+03 8.29808454e+02
 3.74806084e+02 7.55144404e+03 6.82767378e+03 6.17076290e+03
 5.57478727e+03 5.03432307e+03 4.54440687e+03 4.10049868e+03
 3.69844775e+03 3.33446099e+03 3.00507377e+03 2.70712293e+03
 2.43772190e+03 2.19423776e+03 1.97427002e+03 1.77563118e+03
 1.59632868e+03 1.43454842e+03 1.28863953e+03 1.15710037e+03
 1.03856565e+03 9.31794672e+02 8.35660420e+02 7.49139653e+02
 6.71303762e+02 6.01310405e+02 5.38395846e+02 4.81867931e+02
 4.31099670e+02 3.85523361e+02 3.44625216e+02 3.07940455e+02
 2.75048819e+02 2.45570483e+02 2.19162319e+02 1.95514492e+02
 1.74347355e+02 1.55408624e+02 1.38470802e+02 1.23328840e+02
 1.09797999e+02 9.77119202e+01]",1,0.9762574488007538,,607651.3097407625
131,5483,201798.47,13.146796,13.355164,13.813652,812.54633,812.5382-812.55445,7644621.398341833,632817.3519134521,68,632217.5528189564,99.9,630960.3995377232,99.7,[0.36],"[301.2173, 327.233]",[301.21741],[100.0],"[12.856676 12.866676 12.876676 12.886676 12.896676 12.896676 12.906229
 12.915584 12.924812 12.9343   12.943644 12.953097 12.962988 12.972249
 12.981533 12.990716 13.000382 13.009849 13.019278 13.028471 13.037857
 13.047534 13.057295 13.066674 13.075889 13.085263 13.094981 13.104296
 13.114207 13.123326 13.133091 13.142877 13.152897 13.162446 13.171564
 13.181162 13.190464 13.200177 13.209582 13.218577 13.228339 13.237841
 13.247507 13.257346 13.266592 13.276501 13.286407 13.296088 13.306239
 13.315753 13.325759 13.335981 13.345328 13.355164 13.365    13.374347
 13.384569 13.394575 13.404089 13.41424  13.423921 13.433827 13.443736
 13.452982 13.462821 13.472487 13.481989 13.491751 13.500746 13.510151
 13.519864 13.529166 13.538764 13.547882 13.557431 13.567451 13.577237
 13.587002 13.596121 13.606032 13.615347 13.625065 13.634439 13.643654
 13.653033 13.662794 13.672471 13.681857 13.69105  13.700479 13.709946
 13.719612 13.728795 13.738079 13.74734  13.757231 13.766684 13.776028
 13.785516 13.794744 13.804099 13.813652 13.813652 13.823652 13.833652
 13.843652 13.853652 13.863652]","[1.09148615e+02 1.47773055e+02 1.99021611e+02 2.66644842e+02
 3.55380914e+02 3.55380914e+02 4.65324838e+02 6.03090720e+02
 7.75411066e+02 9.99399959e+02 1.27724740e+03 1.62942706e+03
 2.09180691e+03 2.63077294e+03 3.29561522e+03 4.10013928e+03
 5.13547285e+03 6.37223050e+03 7.86325422e+03 9.60910525e+03
 1.17384501e+04 1.43594564e+04 1.75093328e+04 2.10858489e+04
 2.51973347e+04 3.00658465e+04 3.59335325e+04 4.24327799e+04
 5.03915883e+04 5.87593969e+04 6.89331677e+04 8.04923830e+04
 9.38505301e+04 1.08108891e+05 1.23191313e+05 1.40683740e+05
 1.59269339e+05 1.80427742e+05 2.02634814e+05 2.25448324e+05
 2.51913033e+05 2.79312885e+05 3.08745359e+05 3.40179783e+05
 3.70914726e+05 4.04927354e+05 4.39783325e+05 4.74385844e+05
 5.10898494e+05 5.44993479e+05 5.80336725e+05 6.15472899e+05
 6.46360255e+05 6.32217553e+05 6.29998430e+05 6.17859032e+05
 5.97704985e+05 5.71394990e+05 5.39820783e+05 5.04180273e+05
 4.65587208e+05 4.24628266e+05 3.82639651e+05 3.40554521e+05
 2.99688826e+05 2.60695589e+05 2.25143956e+05 1.93847137e+05
 1.67275509e+05 1.45493270e+05 1.28388196e+05 1.14796021e+05
 1.04105656e+05 9.58116195e+04 8.92450501e+04 8.37822519e+04
 7.90141678e+04 7.48841918e+04 7.10956942e+04 6.78387322e+04
 6.50062665e+04 6.22572794e+04 5.95503786e+04 5.65249585e+04
 5.33412634e+04 4.99638466e+04 4.66430487e+04 4.31589929e+04
 3.97023225e+04 3.60736648e+04 3.24256578e+04 2.86069436e+04
 2.45734979e+04 2.04557151e+04 1.62313320e+04 1.21785170e+04
 8.58633877e+03 5.62569427e+03 3.41535838e+03 1.85691952e+03
 8.85764538e+02 3.46560749e+02 3.55380914e+02 2.66644842e+02
 1.99021611e+02 1.47773055e+02 1.09148615e+02 8.01990404e+01]",1,0.9858210945021845,,646360.2546223466
132,8331,276505.5,19.868016,20.112716,20.672749,814.56238,814.55423-814.57052,26434923.92021861,1063316.234659195,81,544015.1961793992,51.2,1061744.8431977932,99.9,[3.55],"[301.2173, 327.233]",[327.23416],[21.99625],"[19.192683 19.202683 19.212683 19.222683 19.232683 19.242683 19.252683
 19.262683 19.272683 19.282683 19.292683 19.302683 19.312683 19.322683
 19.332683 19.342683 19.352683 19.362683 19.372683 19.382683 19.392683
 19.402683 19.412683 19.422683 19.432683 19.442683 19.452683 19.462683
 19.472683 19.482683 19.492683 19.502683 19.512683 19.522683 19.532683
 19.542683 19.552683 19.552683 19.562228 19.571792 19.581341 19.591136
 19.600761 19.610305 19.619742 19.629513 19.639211 19.64905  19.658497
 19.668179 19.677975 19.687591 19.697989 19.707759 19.717332 19.727289
 19.736865 19.747191 19.75748  19.767709 19.777356 19.787365 19.797669
 19.80855  19.818957 19.828612 19.838529 19.848892 19.859032 19.869151
 19.879036 19.88885  19.899455 19.910112 19.92001  19.930037 19.939818
 19.95063  19.961588 19.971164 19.981223 19.991072 20.00181  20.012379
 20.021978 20.032036 20.041921 20.052605 20.062161 20.071907 20.081816
 20.092675 20.102645 20.112716 20.122787 20.132757 20.143616 20.153525
 20.163271 20.172827 20.183511 20.193396 20.203454 20.213053 20.223622
 20.23436  20.244209 20.254268 20.263844 20.274802 20.285614 20.295395
 20.305422 20.31532  20.325977 20.336582 20.346396 20.356281 20.3664
 20.37654  20.386903 20.39682  20.406475 20.416882 20.427763 20.438067
 20.448076 20.457723 20.467952 20.478241 20.488567 20.498143 20.5081
 20.517673 20.527443 20.537841 20.547457 20.557253 20.566935 20.576382
 20.586221 20.595919 20.60569  20.615127 20.624671 20.634296 20.644091
 20.65364  20.663204 20.672749 20.672749 20.682749 20.692749 20.702749
 20.712749 20.722749 20.732749 20.742749 20.752749 20.762749 20.772749
 20.782749 20.792749 20.802749 20.812749 20.822749 20.832749 20.842749
 20.852749 20.862749 20.872749 20.882749 20.892749 20.902749 20.912749
 20.922749 20.932749 20.942749 20.952749 20.962749 20.972749 20.982749
 20.992749 21.002749 21.012749 21.022749 21.032749 21.042749]","[1.10073621e+02 1.32108525e+02 1.58268329e+02 1.89266072e+02
 2.25926462e+02 2.69201212e+02 3.20186119e+02 3.80139998e+02
 4.50505622e+02 5.32932789e+02 6.29303644e+02 7.41760377e+02
 8.72735403e+02 1.02498412e+03 1.20162030e+03 1.40615423e+03
 1.64253351e+03 1.91518661e+03 2.22906911e+03 2.58971248e+03
 3.00327531e+03 3.47659675e+03 4.01725199e+03 4.63360925e+03
 5.33488815e+03 6.13121873e+03 7.03370063e+03 8.05446184e+03
 9.20671621e+03 1.05048188e+04 1.19643181e+04 1.36020045e+04
 1.54359534e+04 1.74855615e+04 1.97715758e+04 2.23161137e+04
 2.51426718e+04 2.51426718e+04 2.81265209e+04 3.14196076e+04
 3.50343657e+04 3.91077645e+04 4.34980260e+04 4.82580430e+04
 5.33902180e+04 5.91794640e+04 6.54343510e+04 7.23304315e+04
 7.95038233e+04 8.74480516e+04 9.61282229e+04 1.05308723e+05
 1.16006692e+05 1.26820993e+05 1.38163236e+05 1.50772940e+05
 1.63707765e+05 1.78570114e+05 1.94348475e+05 2.11016247e+05
 2.27648824e+05 2.45855384e+05 2.65618276e+05 2.87615566e+05
 3.09736676e+05 3.31198118e+05 3.54169663e+05 3.79158118e+05
 4.04554280e+05 4.30795239e+05 4.57254790e+05 4.84285481e+05
 5.14287214e+05 5.45191777e+05 5.74499841e+05 6.04704661e+05
 6.34586579e+05 6.67995040e+05 7.02135356e+05 7.32094390e+05
 7.63578933e+05 7.94309949e+05 8.27571995e+05 8.59919787e+05
 8.88837787e+05 9.18540932e+05 9.47012645e+05 9.76838350e+05
 1.00255734e+06 1.02773780e+06 1.05213568e+06 1.07734186e+06
 1.09895293e+06 1.06321875e+06 1.06146409e+06 1.05481848e+06
 1.04501349e+06 1.03244548e+06 1.01785236e+06 1.00137661e+06
 9.82495782e+05 9.60109911e+05 9.33736436e+05 9.02968344e+05
 8.68269433e+05 8.29774523e+05 7.88718803e+05 7.46009953e+05
 7.02705286e+05 6.59784743e+05 6.18702246e+05 5.79241693e+05
 5.42765048e+05 5.08581690e+05 4.76994915e+05 4.47603630e+05
 4.20078856e+05 3.94087662e+05 3.69521520e+05 3.46125019e+05
 3.24135324e+05 3.03501431e+05 2.84340035e+05 2.67368366e+05
 2.52612290e+05 2.40088236e+05 2.29642899e+05 2.20578021e+05
 2.12370094e+05 2.04467618e+05 1.96684881e+05 1.88768100e+05
 1.80838832e+05 1.72804393e+05 1.63942584e+05 1.55095856e+05
 1.44944760e+05 1.33310518e+05 1.19741060e+05 1.04236765e+05
 8.72974570e+04 6.97682529e+04 5.27980975e+04 3.75577805e+04
 2.48654593e+04 1.51437740e+04 8.37850034e+03 4.10392846e+03
 1.68640917e+03 7.61713640e+02 2.51426718e+04 2.23161137e+04
 1.97715758e+04 1.74855615e+04 1.54359534e+04 1.36020045e+04
 1.19643181e+04 1.05048188e+04 9.20671621e+03 8.05446184e+03
 7.03370063e+03 6.13121873e+03 5.33488815e+03 4.63360925e+03
 4.01725199e+03 3.47659675e+03 3.00327531e+03 2.58971248e+03
 2.22906911e+03 1.91518661e+03 1.64253351e+03 1.40615423e+03
 1.20162030e+03 1.02498412e+03 8.72735403e+02 7.41760377e+02
 6.29303644e+02 5.32932789e+02 4.50505622e+02 3.80139998e+02
 3.20186119e+02 2.69201212e+02 2.25926462e+02 1.89266072e+02
 1.58268329e+02 1.32108525e+02 1.10073621e+02 9.15485008e+01]",1,0.9923955926495166,,1098952.929035938
133,9628,321613.88,22.382134,23.297001,24.580676,816.51611,816.50795-816.52428,40677134.89267062,1383951.9228630066,177,1383356.058165286,100.0,1329852.1627504877,96.1,[3.36],"[301.2173, 327.233]",[327.2341],[90.19835],"[22.802821 22.812821 22.822821 22.832821 22.842821 22.852821 22.862821
 22.872231 22.881474 22.891036 22.900903 22.910798 22.920188 22.929475
 22.939064 22.948682 22.958543 22.967956 22.977252 22.986963 22.996492
 23.006079 23.015517 23.024811 23.034554 23.043999 23.053436 23.062798
 23.072138 23.081564 23.091135 23.100525 23.109844 23.119016 23.128561
 23.138163 23.147538 23.156682 23.165936 23.175449 23.185216 23.194436
 23.203613 23.212821 23.222363 23.231896 23.241197 23.250361 23.259551
 23.268955 23.278535 23.287816 23.297001 23.306186 23.315467 23.325047
 23.334451 23.343641 23.352805 23.362106 23.371639 23.381181 23.390389
 23.399566 23.408786 23.418553 23.428066 23.43732  23.446464 23.455839
 23.465441 23.474986 23.484158 23.493477 23.502867 23.512438 23.521864
 23.531204 23.540566 23.550003 23.559448 23.569191 23.578485 23.587923
 23.59751  23.607039 23.61675  23.626046 23.635459 23.64532  23.654938
 23.664527 23.673814 23.683204 23.693099 23.702966 23.712528 23.721771
 23.731181 23.741181 23.751181 23.761181 23.771181 23.781181 23.791181]","[8.22142168e+01 1.23320149e+02 1.83387689e+02 2.70368032e+02
 3.95175056e+02 5.72628198e+02 5.51422977e+01 1.22083250e+02
 2.39179548e+02 4.93800778e+02 8.79838038e+02 1.47560229e+03
 2.27738800e+03 3.47122429e+03 5.06029608e+03 7.21154036e+03
 1.00650470e+04 1.38134194e+04 1.87477107e+04 2.50346181e+04
 3.31465749e+04 4.33083882e+04 5.62265329e+04 7.17830985e+04
 9.05970466e+04 1.12818501e+05 1.38831608e+05 1.69595656e+05
 2.05397273e+05 2.46922234e+05 2.94720616e+05 3.48254246e+05
 4.07528170e+05 4.71749253e+05 5.39986095e+05 6.11454310e+05
 6.85271424e+05 7.60185351e+05 8.33595472e+05 9.03035024e+05
 9.67252976e+05 1.02520628e+06 1.07818025e+06 1.12872553e+06
 1.17811572e+06 1.22487226e+06 1.26857503e+06 1.30656331e+06
 1.33681061e+06 1.35905153e+06 1.37328589e+06 1.38086550e+06
 1.38335606e+06 1.36306631e+06 1.36954038e+06 1.36555818e+06
 1.35120293e+06 1.32748793e+06 1.29481535e+06 1.25314776e+06
 1.20247221e+06 1.14476738e+06 1.08360001e+06 1.01844302e+06
 9.49941954e+05 8.75357254e+05 8.01968429e+05 7.30983205e+05
 6.62187239e+05 5.93900434e+05 5.27089688e+05 4.64446250e+05
 4.08238547e+05 3.55437219e+05 3.06802363e+05 2.62010766e+05
 2.22566392e+05 1.87914063e+05 1.57399046e+05 1.30647518e+05
 1.07593712e+05 8.73587103e+04 7.10684724e+04 5.71930580e+04
 4.55092453e+04 3.59782502e+04 2.80883992e+04 2.19935194e+04
 1.70381542e+04 1.29332885e+04 9.80464157e+03 7.38011173e+03
 5.56277920e+03 4.14829760e+03 3.02006476e+03 2.18220550e+03
 1.57998494e+03 1.14770175e+03 8.22630788e+02 5.72628198e+02
 3.95175056e+02 2.70368032e+02 1.83387689e+02 1.23320149e+02
 8.22142168e+01]",1,0.9990483785360709,,1383356.058165286
134,4580,179916.25,10.325672,11.134556,11.50798,816.51953,816.51137-816.5277,15573367.797027886,561086.953669548,111,560777.5813933515,99.9,426823.5962559189,76.1,[1.77],"[301.2173, 327.233]",[327.23242],[100.0],"[10.311132 10.321132 10.331132 10.341132 10.351132 10.361132 10.371132
 10.381132 10.391132 10.401132 10.411132 10.421132 10.431132 10.441132
 10.451132 10.461132 10.471132 10.481132 10.491132 10.501132 10.511132
 10.521132 10.531132 10.541132 10.551132 10.561132 10.571132 10.581132
 10.591132 10.601132 10.611132 10.621132 10.631132 10.641132 10.651132
 10.661132 10.671132 10.681132 10.691132 10.701132 10.711132 10.721132
 10.731132 10.741132 10.751132 10.761132 10.761132 10.770604 10.780663
 10.790466 10.800352 10.809321 10.818619 10.828528 10.838257 10.848291
 10.857126 10.866681 10.876465 10.886365 10.896423 10.905472 10.914984
 10.925132 10.935037 10.94534  10.955608 10.965279 10.975644 10.9858
 10.996508 11.007114 11.017398 11.02806  11.038416 11.04937  11.059927
 11.07065  11.080833 11.091333 11.10227  11.112858 11.123546 11.134556
 11.145566 11.156254 11.166842 11.177779 11.188279 11.198462 11.209185
 11.219742 11.230696 11.241052 11.251714 11.261998 11.272604 11.283312
 11.293468 11.303833 11.313504 11.323772 11.334075 11.34398  11.354128
 11.36364  11.372689 11.382747 11.392647 11.402431 11.411986 11.420821
 11.430855 11.440584 11.450493 11.459791 11.46876  11.478646 11.488449
 11.498508 11.50798  11.50798  11.51798  11.52798  11.53798  11.54798
 11.55798  11.56798  11.57798  11.58798  11.59798  11.60798  11.61798
 11.62798  11.63798  11.64798  11.65798  11.66798  11.67798  11.68798
 11.69798  11.70798  11.71798  11.72798  11.73798  11.74798  11.75798
 11.76798  11.77798  11.78798  11.79798  11.80798  11.81798  11.82798
 11.83798  11.84798  11.85798  11.86798  11.87798  11.88798  11.89798
 11.90798  11.91798  11.92798  11.93798  11.94798  11.95798  11.96798 ]","[1.01227599e+02 1.23866256e+02 1.51206771e+02 1.84142324e+02
 2.23717601e+02 2.71150771e+02 3.27857925e+02 3.95480144e+02
 4.75913291e+02 5.71340669e+02 6.84268578e+02 8.17564846e+02
 9.74500297e+02 1.15879309e+03 1.37465580e+03 1.62684508e+03
 1.92071346e+03 2.26226312e+03 2.65820092e+03 3.11599425e+03
 3.64392681e+03 4.25115359e+03 4.94775403e+03 5.74478209e+03
 6.65431220e+03 7.68947942e+03 8.86451256e+03 1.01947583e+04
 1.16966949e+04 1.33879334e+04 1.52872047e+04 1.74143300e+04
 1.97901741e+04 2.24365776e+04 2.53762686e+04 2.86327505e+04
 3.22301649e+04 3.61931298e+04 4.05465500e+04 4.53154011e+04
 5.05244859e+04 5.61981646e+04 6.23600585e+04 6.90327303e+04
 7.62373410e+04 8.39932885e+04 8.39932885e+04 9.18638242e+04
 1.00794688e+05 1.10077075e+05 1.20025062e+05 1.29564423e+05
 1.39971064e+05 1.51638640e+05 1.63666699e+05 1.76653794e+05
 1.88564298e+05 2.01927351e+05 2.16104352e+05 2.30925542e+05
 2.46433948e+05 2.60736467e+05 2.76084637e+05 2.92759033e+05
 3.09271424e+05 3.26624278e+05 3.44019150e+05 3.60419174e+05
 3.77927899e+05 3.94925529e+05 4.12574924e+05 4.29673710e+05
 4.45786217e+05 4.61897365e+05 4.76863945e+05 4.91851732e+05
 5.05371415e+05 5.18072443e+05 5.29084289e+05 5.39285586e+05
 5.48584639e+05 5.56225845e+05 5.62519625e+05 5.60777581e+05
 5.58943669e+05 5.54594742e+05 5.47610376e+05 5.38319318e+05
 5.27318205e+05 5.15442284e+05 5.03140378e+05 4.90874840e+05
 4.78557457e+05 4.66229648e+05 4.53161054e+05 4.39636434e+05
 4.25195559e+05 4.10228431e+05 3.93974936e+05 3.75926213e+05
 3.56173099e+05 3.34534186e+05 3.11525471e+05 2.87735079e+05
 2.63826795e+05 2.41120843e+05 2.20242854e+05 2.02144456e+05
 1.87240706e+05 1.75226171e+05 1.65448143e+05 1.57750447e+05
 1.51443579e+05 1.46607920e+05 1.42958193e+05 1.39805525e+05
 1.36881367e+05 1.33910815e+05 1.30735111e+05 1.27553643e+05
 1.24478043e+05 8.39932885e+04 7.62373410e+04 6.90327303e+04
 6.23600585e+04 5.61981646e+04 5.05244859e+04 4.53154011e+04
 4.05465500e+04 3.61931298e+04 3.22301649e+04 2.86327505e+04
 2.53762686e+04 2.24365776e+04 1.97901741e+04 1.74143300e+04
 1.52872047e+04 1.33879334e+04 1.16966949e+04 1.01947583e+04
 8.86451256e+03 7.68947942e+03 6.65431220e+03 5.74478209e+03
 4.94775403e+03 4.25115359e+03 3.64392681e+03 3.11599425e+03
 2.65820092e+03 2.26226312e+03 1.92071346e+03 1.62684508e+03
 1.37465580e+03 1.15879309e+03 9.74500297e+02 8.17564846e+02
 6.84268578e+02 5.71340669e+02 4.75913291e+02 3.95480144e+02
 3.27857925e+02 2.71150771e+02 2.23717601e+02 1.84142324e+02
 1.51206771e+02 1.23866256e+02 1.01227599e+02 8.25294626e+01]",1,0.9885455246180087,,562519.6254029932
135,10692,238346.11,25.489699,26.028239,26.638403,816.57843,816.57026-816.5866,26734820.47431989,652638.6322116852,115,404730.1308362471,62.0,547345.0702168668,83.9,[2.9],"[301.2173, 327.233]",[327.23395],[11.97546],"[25.489699 25.499587 25.509324 25.519426 25.528894 25.539047 25.549847
 25.559518 25.569602 25.579108 25.589416 25.599401 25.608966 25.619235
 25.628929 25.63932  25.648967 25.658554 25.669075 25.678883 25.68896
 25.698646 25.708409 25.718129 25.728088 25.738043 25.748112 25.757751
 25.767467 25.777577 25.787762 25.797904 25.80757  25.817329 25.827647
 25.837852 25.848041 25.857707 25.868055 25.877672 25.887622 25.89788
 25.907765 25.917926 25.927606 25.937684 25.948091 25.957724 25.967944
 25.977614 25.988101 25.998418 26.008249 26.018472 26.028239 26.038563
 26.048477 26.058226 26.068542 26.07824  26.088595 26.098581 26.108725
 26.118821 26.129121 26.138925 26.148951 26.159344 26.16952  26.179565
 26.189378 26.199672 26.210054 26.220169 26.230002 26.239742 26.250022
 26.26042  26.270603 26.280392 26.290131 26.300038 26.310308 26.320571
 26.330191 26.339894 26.349817 26.36019  26.370342 26.379953 26.390064
 26.399728 26.40982  26.41999  26.42953  26.439674 26.449261 26.459427
 26.469592 26.479277 26.489275 26.498876 26.509022 26.519457 26.529041
 26.539047 26.548595 26.558806 26.568911 26.57853  26.588487 26.598201
 26.608429 26.618606 26.628266 26.638403]","[242643.82885588 244995.51439653 247591.4244727  250665.26665849
 253830.03566342 257558.74499047 262039.75214699 267560.99223146
 274198.71493573 281636.27283191 289719.8256327  297874.36183347
 305955.29599706 313341.58862694 320464.66442585 327593.5044545
 335267.52368065 344161.70215989 353856.53460749 364945.88311384
 377040.21869379 389790.42647465 402788.42103699 415971.37577936
 428950.49460807 441871.6029466  454525.2454166  467249.14228485
 479640.10298289 491289.8705023  502016.60743886 511766.74845989
 520599.57544803 528944.79670489 536801.48589999 544493.33685321
 552939.75752127 562220.70623674 572464.3027678  583646.02350483
 594383.2694242  604013.06599041 611343.90851129 616494.75160711
 619764.82159892 622165.36506219 623800.08788763 625863.80324286
 629052.58036148 633286.0614994  638586.62939507 643752.04561014
 648190.80142541 651270.71559138 652569.89133591 652160.56819681
 649978.76033829 645814.7241131  640009.90456278 633030.58323196
 625361.02821264 618106.73649932 610351.85744896 601898.35212787
 592316.4702333  580917.08597131 567951.46381391 552500.9157621
 534718.17440462 515033.92013629 494450.38097328 473883.54929752
 454306.06815779 436379.75672508 420041.1988828  405062.17670837
 390804.98600951 377061.39129577 363183.48603158 349202.66295206
 335149.65873713 321073.00495811 307409.83792365 294044.51107023
 281006.24798822 268312.12844339 256129.67502496 244569.70236813
 233614.79868844 223079.91290153 213145.95060564 203848.76721205
 195317.20096017 187809.3323861  181036.76269238 174897.09220743
 169173.76266082 163922.22106448 158580.77794591 153441.42453096
 148176.47699995 142905.45171588 137764.03178342 133013.43358676
 128710.78145592 124815.78003262 121335.34064671 117876.09136818
 114619.66582    111774.18916348 109482.18304604 108012.21022963
 107322.81256972 107543.18564207 108269.15330265 109406.56542126]",,,,652569.8913359051
136,3971,146889.31,9.255349,9.5243907,9.9466271,818.49945,818.49127-818.50764,14686710.799690777,1138978.928144455,66,1125532.9655734575,98.8,1086012.4659534204,95.3,[7.14],"[301.2173, 327.233]",[301.21945],[10.30703],"[9.235349  9.245349  9.255349  9.2658357 9.276281  9.2860577 9.2956753
 9.3063904 9.3169914 9.327452  9.3374306 9.3473785 9.358252  9.3688749
 9.3792628 9.3892848 9.3992578 9.409872  9.4206041 9.4308675 9.4411327
 9.4509428 9.4618032 9.4724009 9.4829321 9.4931375 9.5033384 9.5137828
 9.5243907 9.5349986 9.545443  9.5556439 9.5658493 9.5763805 9.5869782
 9.5978386 9.6076487 9.6179139 9.6281773 9.6389094 9.6495236 9.6594966
 9.6695186 9.6799065 9.6905294 9.7014029 9.7113508 9.7213294 9.73179
 9.742391  9.7531061 9.7627237 9.7725004 9.7829457 9.7934324 9.8034324
 9.8134324]","[6.31669863e+01 1.22951147e+02 1.19870768e+04 1.24612148e+04
 1.32821327e+04 1.44695158e+04 1.62233223e+04 1.86661369e+04
 2.20792210e+04 2.69057242e+04 3.36703774e+04 4.31041386e+04
 5.64086221e+04 7.48113428e+04 1.00406597e+05 1.35212791e+05
 1.80956291e+05 2.39440782e+05 3.12465248e+05 3.99010566e+05
 4.98287975e+05 6.07491470e+05 7.21767552e+05 8.34384044e+05
 9.38078661e+05 1.02544206e+06 1.09078055e+06 1.12923101e+06
 1.13897510e+06 1.13017631e+06 1.08632965e+06 1.01968953e+06
 9.34053452e+05 8.31675465e+05 7.20826459e+05 6.05782295e+05
 5.05583998e+05 4.08458176e+05 3.21961292e+05 2.44501620e+05
 1.81363889e+05 1.33726011e+05 9.61701444e+04 6.66585147e+04
 4.46395292e+04 2.88130413e+04 1.88412682e+04 1.20212669e+04
 7.31965663e+03 4.31305599e+03 2.46032240e+03 1.45286455e+03
 8.31823950e+02 4.47232450e+02 2.33778380e+02 1.22951147e+02
 6.31669863e+01]",1,0.999440435840394,,1138975.1009230972
137,5024,184625.03,12.08905,12.259048,12.74569,820.51447,820.50626-820.52267,11045817.01418863,749667.2022781372,67,567776.8713524973,75.7,684023.9523468417,91.2,[1.77],"[301.2173, 327.233]",[301.21783],[100.0],"[11.80905  11.81905  11.82905  11.83905  11.84905  11.85905  11.86905
 11.87905  11.88905  11.89905  11.90905  11.91905  11.92905  11.93905
 11.94905  11.95905  11.96905  11.97905  11.98905  11.99905  12.00905
 12.01905  12.02905  12.03905  12.04905  12.05905  12.06905  12.07905
 12.08905  12.099517 12.109431 12.119524 12.129715 12.139358 12.149919
 12.159659 12.169611 12.179641 12.189316 12.199572 12.209179 12.219297
 12.229422 12.239119 12.24904  12.259048 12.269056 12.278977 12.288674
 12.298799 12.308917 12.318524 12.32878  12.338455 12.348485 12.358437
 12.368177 12.378738 12.388381 12.398572 12.408665 12.418579 12.429046
 12.439046 12.449046 12.459046 12.469046 12.479046 12.489046 12.499046
 12.509046 12.519046 12.529046 12.539046 12.549046 12.559046 12.569046
 12.579046 12.589046 12.599046 12.609046 12.619046 12.629046 12.639046
 12.649046 12.659046 12.669046 12.679046 12.689046 12.699046 12.709046]","[7.23943877e+01 1.04215214e+02 1.48949109e+02 2.11361193e+02
 2.97778375e+02 4.16525522e+02 5.78456411e+02 7.97590953e+02
 1.09186856e+03 1.48402446e+03 2.00259126e+03 2.68302139e+03
 3.56891753e+03 4.71334738e+03 6.18020590e+03 8.04557337e+03
 1.03990009e+04 1.33446377e+04 1.70020982e+04 2.15069494e+04
 2.70106891e+04 3.36800770e+04 4.16956785e+04 5.12494932e+04
 6.25415533e+04 7.57754129e+04 9.11524862e+04 1.08865253e+05
 1.78652240e+05 1.82964766e+05 1.91092433e+05 2.04520277e+05
 2.23998466e+05 2.50656609e+05 2.85060140e+05 3.26208047e+05
 3.73709396e+05 4.25482771e+05 4.79909193e+05 5.34782739e+05
 5.88169543e+05 6.37970388e+05 6.81610413e+05 7.15978114e+05
 7.39296948e+05 7.49320843e+05 7.42412639e+05 7.02675037e+05
 6.61357014e+05 6.16347228e+05 5.70218751e+05 5.26027111e+05
 4.79105000e+05 4.35656635e+05 3.91976845e+05 3.50454502e+05
 3.11922880e+05 2.72806653e+05 2.39707822e+05 2.07570001e+05
 1.78671384e+05 1.53111017e+05 1.29089409e+05 1.08865253e+05
 9.11524862e+04 7.57754129e+04 6.25415533e+04 5.12494932e+04
 4.16956785e+04 3.36800770e+04 2.70106891e+04 2.15069494e+04
 1.70020982e+04 1.33446377e+04 1.03990009e+04 8.04557337e+03
 6.18020590e+03 4.71334738e+03 3.56891753e+03 2.68302139e+03
 2.00259126e+03 1.48402446e+03 1.09186856e+03 7.97590953e+02
 5.78456411e+02 4.16525522e+02 2.97778375e+02 2.11361193e+02
 1.48949109e+02 1.04215214e+02 7.23943877e+01]",1,0.9890998418393618,,749320.8428011183
138,4594,603109.88,11.081524,11.241052,11.440584,820.51477,820.50657-820.52298,28793352.315698206,2258879.4878730774,35,1377016.3148916466,61.0,1954781.8416817046,86.5,[1.67],"[301.2173, 327.233]",[301.2178],[85.2443],"[10.83152  10.84152  10.85152  10.86152  10.87152  10.88152  10.89152
 10.90152  10.91152  10.92152  10.93152  10.94152  10.95152  10.96152
 10.97152  10.98152  10.99152  11.00152  11.01152  11.02152  11.03152
 11.04152  11.04152  11.051249 11.061283 11.070118 11.079673 11.089457
 11.099357 11.109415 11.118464 11.127976 11.138124 11.148029 11.158332
 11.1686   11.178271 11.188636 11.198792 11.2095   11.220106 11.23039
 11.241052 11.251714 11.261998 11.272604 11.283312 11.293468 11.303833
 11.313504 11.323772 11.334075 11.34398  11.354128 11.36364  11.372689
 11.382747 11.392647 11.402431 11.411986 11.420821 11.430855 11.440584
 11.440584 11.450584 11.460584 11.470584 11.480584 11.490584 11.500584
 11.510584 11.520584 11.530584 11.540584 11.550584 11.560584 11.570584
 11.580584 11.590584 11.600584 11.610584 11.620584 11.630584 11.640584
 11.650584 11.660584]","[1.02538270e+02 1.63135384e+02 2.56705316e+02 3.99526932e+02
 6.15009416e+02 9.36358109e+02 1.41002461e+03 2.10008038e+03
 3.09363910e+03 4.50741853e+03 6.49547073e+03 9.25801500e+03
 1.30511757e+04 1.81972558e+04 2.50949694e+04 3.42288215e+04
 4.61765764e+04 6.16135199e+04 8.13120323e+04 1.06134876e+05
 1.37020620e+05 1.74959788e+05 1.74959788e+05 2.19599177e+05
 2.74588403e+05 3.31250145e+05 4.01859218e+05 4.84713471e+05
 5.79706837e+05 6.87668424e+05 7.94292907e+05 9.15313211e+05
 1.05320525e+06 1.19468748e+06 1.34655424e+06 1.49959289e+06
 1.64210340e+06 1.78936215e+06 1.92427700e+06 2.05219339e+06
 2.16025531e+06 2.24380744e+06 2.25856159e+06 2.23359866e+06
 2.17231488e+06 2.07914440e+06 1.96069725e+06 1.82248667e+06
 1.67030835e+06 1.50859517e+06 1.34244360e+06 1.17844428e+06
 1.02120055e+06 8.75707028e+05 7.45515101e+05 6.32601272e+05
 5.37276379e+05 4.60525104e+05 4.01322596e+05 3.58858655e+05
 3.30965626e+05 3.14238938e+05 3.05917661e+05 1.74959788e+05
 1.37020620e+05 1.06134876e+05 8.13120323e+04 6.16135199e+04
 4.61765764e+04 3.42288215e+04 2.50949694e+04 1.81972558e+04
 1.30511757e+04 9.25801500e+03 6.49547073e+03 4.50741853e+03
 3.09363910e+03 2.10008038e+03 1.41002461e+03 9.36358109e+02
 6.15009416e+02 3.99526932e+02 2.56705316e+02 1.63135384e+02
 1.02538270e+02 6.37453202e+01]",1,0.9955062494430598,,2258561.585590742
139,4543,227491.88,10.437386,10.925068,11.081524,820.51501,820.50681-820.52322,27651700.565518614,2139888.1325645447,63,2125774.6574920914,99.3,1257569.9151646928,58.8,[2.58],"[301.2173, 327.233]",[301.21808],[20.73992],"[10.437386 10.447597 10.457803 10.468176 10.477731 10.487545 10.49793
 10.508153 10.518518 10.528164 10.538321 10.548617 10.559129 10.569625
 10.579345 10.589866 10.600129 10.610744 10.62089  10.630514 10.640568
 10.650854 10.661176 10.671041 10.680608 10.690577 10.701063 10.711386
 10.721458 10.731078 10.741418 10.751787 10.762004 10.771463 10.781435
 10.791914 10.802206 10.812589 10.822391 10.83276  10.843058 10.853524
 10.863724 10.873835 10.884177 10.89465  10.905075 10.915111 10.925068
 10.935025 10.945061 10.955486 10.965959 10.976301 10.986412 10.996612
 11.007078 11.017376 11.027745 11.037547 11.04793  11.058222 11.068701
 11.078673 11.088132 11.098349 11.108718 11.119058 11.128678 11.13875
 11.149073 11.159559 11.169528 11.179095 11.18896  11.199282 11.209568
 11.219622 11.229246 11.239392 11.250007 11.26027  11.270791 11.280511
 11.291007 11.301519 11.311815 11.321972]","[7.09248983e+03 1.06890469e+04 1.47124034e+04 1.82942820e+04
 2.20917830e+04 2.62958096e+04 3.14455746e+04 3.80722758e+04
 4.54431638e+04 5.40327316e+04 6.27021002e+04 7.07888525e+04
 7.82549450e+04 8.55298326e+04 9.26852674e+04 1.00596759e+05
 1.09135175e+05 1.18488446e+05 1.27945868e+05 1.36180415e+05
 1.43093640e+05 1.48908879e+05 1.53727023e+05 1.58334497e+05
 1.62340527e+05 1.66747003e+05 1.71926343e+05 1.78420766e+05
 1.86881091e+05 1.98718920e+05 2.15235856e+05 2.39211006e+05
 2.72675613e+05 3.19156379e+05 3.81560012e+05 4.62863263e+05
 5.64113680e+05 6.86754350e+05 8.29474861e+05 9.88636729e+05
 1.16096402e+06 1.33913027e+06 1.51596359e+06 1.68307409e+06
 1.83279207e+06 1.95791434e+06 2.05265628e+06 2.11372335e+06
 2.13911519e+06 2.13778937e+06 2.03300150e+06 1.90705046e+06
 1.76694710e+06 1.61938534e+06 1.47019909e+06 1.31849072e+06
 1.16512055e+06 1.01955813e+06 8.80901948e+05 7.58901229e+05
 6.40607865e+05 5.35247210e+05 4.40445576e+05 3.61782941e+05
 2.97168708e+05 2.37630555e+05 1.87176379e+05 1.45803412e+05
 1.14352406e+05 8.77042574e+04 6.60523895e+04 4.89319728e+04
 3.63783790e+04 2.70903814e+04 1.97794222e+04 1.40701834e+04
 9.90447340e+03 6.94880849e+03 4.89826600e+03 3.35072775e+03
 2.22506047e+03 1.48018164e+03 9.62958159e+02 6.40336774e+02
 4.07368284e+02 2.55849264e+02 1.60327230e+02 9.99543069e+01]",1,0.9863957308184711,,2139115.1858637882
140,6642,1037042.9,15.737253,16.139588,16.660482,820.55078,820.54258-820.55899,70044717.37854913,4518347.274612427,92,4515426.701488151,99.9,4396785.833373581,97.3,[2.34],"[301.2173, 327.233]",[327.23376],[84.18592],"[15.488694 15.498694 15.508694 15.518694 15.528694 15.538694 15.548694
 15.558694 15.568694 15.578694 15.588694 15.598694 15.608694 15.618694
 15.618694 15.6286   15.638583 15.648607 15.658696 15.668536 15.678595
 15.688167 15.698129 15.707554 15.717397 15.727723 15.737346 15.747189
 15.756804 15.766548 15.776823 15.786681 15.797252 15.807294 15.817136
 15.826941 15.836578 15.846984 15.856748 15.866991 15.877496 15.887156
 15.897293 15.906966 15.91657  15.927046 15.936831 15.947068 15.956768
 15.966253 15.976357 15.986092 15.996034 16.005723 16.015145 16.024964
 16.034498 16.044498 16.05397  16.063352 16.072929 16.082371 16.092222
 16.101644 16.110904 16.120397 16.129783 16.139588 16.149393 16.158779
 16.168272 16.177532 16.186954 16.196805 16.206247 16.215824 16.225206
 16.234678 16.244678 16.254212 16.264031 16.273453 16.283142 16.293084
 16.302819 16.312923 16.322408 16.332108 16.342345 16.35213  16.362606
 16.37221  16.381883 16.39202  16.40168  16.412185 16.422428 16.432192
 16.442598 16.452235 16.46204  16.471882 16.481924 16.492495 16.502353
 16.512628 16.522372 16.531987 16.54183  16.551453 16.561779 16.571622
 16.581047 16.591009 16.600581 16.61064  16.62048  16.630569 16.640593
 16.650576 16.660482 16.660482 16.670482 16.680482 16.690482 16.700482
 16.710482 16.720482 16.730482 16.740482 16.750482 16.760482 16.770482
 16.780482 16.790482 16.800482]","[1.23570289e+02 1.61901356e+02 2.11411116e+02 2.75135138e+02
 3.56866029e+02 4.61323168e+02 5.94355426e+02 7.63181978e+02
 9.76676840e+02 1.24570320e+03 1.58350406e+03 2.00615595e+03
 2.53309284e+03 3.18770727e+03 3.18770727e+03 3.98959489e+03
 4.98526360e+03 6.21415008e+03 7.73064043e+03 9.53406330e+03
 1.17735382e+04 1.43459374e+04 1.75641809e+04 2.12058482e+04
 2.57352770e+04 3.14201433e+04 3.77212257e+04 4.53294361e+04
 5.40706517e+04 6.44457343e+04 7.72823657e+04 9.16889896e+04
 1.09735666e+05 1.29707007e+05 1.52301831e+05 1.78147297e+05
 2.07166755e+05 2.42979275e+05 2.81260856e+05 3.26792003e+05
 3.79760849e+05 4.34590451e+05 4.98974350e+05 5.67455759e+05
 6.42742060e+05 7.33701216e+05 8.27492072e+05 9.35247319e+05
 1.04686216e+06 1.16530529e+06 1.30191872e+06 1.44397875e+06
 1.59980444e+06 1.76219023e+06 1.93004763e+06 2.11529013e+06
 2.30499772e+06 2.51402231e+06 2.72101979e+06 2.93411609e+06
 3.15921254e+06 3.38780018e+06 3.63232234e+06 3.87086582e+06
 4.10860902e+06 4.35445815e+06 4.59828834e+06 4.51542670e+06
 4.47002177e+06 4.37381709e+06 4.22999263e+06 4.04540234e+06
 3.82932402e+06 3.59062698e+06 3.33750176e+06 3.07414362e+06
 2.80760566e+06 2.54420179e+06 2.28807242e+06 2.04533663e+06
 1.81975893e+06 1.61350447e+06 1.42779327e+06 1.26331983e+06
 1.11827021e+06 9.93428795e+05 8.87226916e+05 7.97690185e+05
 7.22193547e+05 6.58693278e+05 6.04703492e+05 5.57946515e+05
 5.17224136e+05 4.81238677e+05 4.49647204e+05 4.22144167e+05
 3.97890491e+05 3.76833367e+05 3.58154453e+05 3.41654204e+05
 3.26623445e+05 3.12717192e+05 2.99786990e+05 2.87658278e+05
 2.76274864e+05 2.65045686e+05 2.53792722e+05 2.41976306e+05
 2.29459720e+05 2.16235906e+05 2.02992611e+05 1.89968167e+05
 1.77250629e+05 1.65334271e+05 1.54175798e+05 1.44257270e+05
 1.35673218e+05 1.28949871e+05 1.23938372e+05 1.20602444e+05
 1.18778774e+05 3.18770727e+03 2.53309284e+03 2.00615595e+03
 1.58350406e+03 1.24570320e+03 9.76676840e+02 7.63181978e+02
 5.94355426e+02 4.61323168e+02 3.56866029e+02 2.75135138e+02
 2.11411116e+02 1.61901356e+02 1.23570289e+02 9.39979859e+01]",1,0.9881892464316526,,4598288.339396909
141,6364,300315.53,15.171667,15.469338,15.737253,820.55127,820.54306-820.55948,16147971.671627063,1209880.4482192993,59,1140999.888727622,94.3,1207921.929147418,99.8,"[0.56, 2.43]","[301.2173, 327.233]","[301.21747, 327.2338]","[27.21688, 81.18769]","[15.100783 15.110783 15.120783 15.130783 15.140783 15.150783 15.160783
 15.170783 15.180783 15.190783 15.200783 15.210783 15.210783 15.22065
 15.230695 15.239689 15.248715 15.258307 15.267969 15.278158 15.28717
 15.296842 15.305873 15.315743 15.325386 15.334356 15.344209 15.353594
 15.363749 15.373305 15.38254  15.392219 15.401578 15.411737 15.421271
 15.430784 15.440557 15.450277 15.459817 15.469338 15.478859 15.488399
 15.498119 15.507892 15.517405 15.526939 15.537098 15.546457 15.556136
 15.565371 15.574927 15.585082 15.594467 15.60432  15.61329  15.622933
 15.632803 15.641834 15.651506 15.660518 15.670707 15.680369 15.689961
 15.698987 15.707981 15.718026 15.727893 15.727893 15.737893 15.747893
 15.757893 15.767893 15.777893 15.787893 15.797893 15.807893 15.817893
 15.827893 15.837893 15.847893]","[1.36764482e+02 2.27628245e+02 3.73328806e+02 6.03350084e+02
 9.60859259e+02 1.50786586e+03 2.33172947e+03 3.55308945e+03
 5.33515015e+03 7.89404646e+03 1.15097326e+04 1.65364895e+04
 1.65364895e+04 2.33059958e+04 3.25680992e+04 4.33953405e+04
 5.71929794e+04 7.56933063e+04 9.90191279e+04 1.29504288e+05
 1.62127827e+05 2.03612940e+05 2.48771775e+05 3.05436493e+05
 3.68113393e+05 4.32566359e+05 5.09446298e+05 5.87493802e+05
 6.75538200e+05 7.59807510e+05 8.40427077e+05 9.21627457e+05
 9.94479874e+05 1.06445726e+06 1.11904420e+06 1.16073091e+06
 1.18858535e+06 1.20011292e+06 1.19527555e+06 1.20792193e+06
 1.20767019e+06 1.19520024e+06 1.17195156e+06 1.13913321e+06
 1.09659446e+06 1.04554807e+06 9.85709171e+05 9.18958063e+05
 8.46786157e+05 7.70746479e+05 6.92847440e+05 6.13745281e+05
 5.34896370e+05 4.57552850e+05 3.83034079e+05 3.13336652e+05
 2.49563566e+05 1.92636033e+05 1.43201180e+05 1.01554194e+05
 6.78817969e+04 4.25423612e+04 2.44319552e+04 1.27756220e+04
 5.95620903e+03 2.31343468e+03 6.27336027e+02 1.65364895e+04
 1.15097326e+04 7.89404646e+03 5.33515015e+03 3.55308945e+03
 2.33172947e+03 1.50786586e+03 9.60859259e+02 6.03350084e+02
 3.73328806e+02 2.27628245e+02 1.36764482e+02 8.09716571e+01]",1,0.9978123609617965,,1207921.929147418
142,6006,9625718.0,14.164363,14.685953,15.267439,822.53003,822.5218-822.53825,821179164.8895998,41111645.23760986,114,40019452.36086317,97.3,39773281.8337412,96.7,[3.64],"[301.2173, 327.233]",[327.23419],[91.69869],"[13.864467 13.874467 13.884467 13.894467 13.904467 13.914467 13.924467
 13.934467 13.944467 13.954467 13.964467 13.974467 13.984467 13.994467
 14.004467 14.014467 14.024467 14.034467 14.044467 14.054467 14.064467
 14.074467 14.084467 14.094467 14.104467 14.104467 14.114451 14.123874
 14.133317 14.142755 14.152207 14.161921 14.1714   14.181315 14.190693
 14.200239 14.209761 14.219568 14.22936  14.238793 14.24847  14.258229
 14.268048 14.27827  14.287542 14.297112 14.307072 14.316579 14.326215
 14.33562  14.345004 14.354691 14.363976 14.373931 14.383351 14.39277
 14.402159 14.411689 14.421729 14.431582 14.44105  14.450964 14.46089
 14.470958 14.480595 14.490334 14.500197 14.510148 14.520343 14.529714
 14.539411 14.549364 14.559288 14.569562 14.578897 14.588872 14.598558
 14.608235 14.618118 14.627866 14.637719 14.64719  14.656582 14.666575
 14.676264 14.685953 14.695642 14.705331 14.715324 14.724716 14.734187
 14.74404  14.753788 14.763671 14.773348 14.783034 14.793009 14.802344
 14.812618 14.822542 14.832495 14.842192 14.851563 14.861758 14.871709
 14.881572 14.891311 14.900948 14.911016 14.920942 14.930856 14.940324
 14.950177 14.960217 14.969747 14.979136 14.988555 14.997975 15.00793
 15.017215 15.026902 15.036286 15.045691 15.055327 15.064834 15.074794
 15.084364 15.093636 15.103858 15.113677 15.123436 15.133113 15.142546
 15.152338 15.162145 15.171667 15.181213 15.190591 15.200506 15.209985
 15.219699 15.229151 15.238589 15.248032 15.257455 15.267439 15.267439
 15.277439 15.287439 15.297439 15.307439 15.317439 15.327439 15.337439
 15.347439 15.357439 15.367439 15.377439 15.387439 15.397439 15.407439
 15.417439 15.427439 15.437439 15.447439 15.457439 15.467439 15.477439
 15.487439 15.497439 15.507439 15.517439]","[1.28166275e+02 1.66497974e+02 2.15727973e+02 2.78783001e+02
 3.59325828e+02 4.61926523e+02 5.92269927e+02 7.57406071e+02
 9.66051325e+02 1.22894922e+03 1.55930112e+03 1.97327841e+03
 2.49062909e+03 3.13539359e+03 3.93674599e+03 4.92997867e+03
 6.15765006e+03 7.67091705e+03 9.53107500e+03 1.18113301e+04
 1.45988297e+04 1.79969785e+04 2.21280667e+04 2.71362395e+04
 3.31908346e+04 3.31908346e+04 4.04773228e+04 4.86992111e+04
 5.84775444e+04 7.00487812e+04 8.37360935e+04 1.00349291e+05
 1.19448171e+05 1.42965483e+05 1.69054360e+05 2.00031331e+05
 2.36022357e+05 2.79177648e+05 3.29309999e+05 3.85183792e+05
 4.51273376e+05 5.28098842e+05 6.17045188e+05 7.23649009e+05
 8.34216075e+05 9.63802534e+05 1.11724040e+06 1.28331826e+06
 1.47329429e+06 1.68185548e+06 1.91494584e+06 2.18420551e+06
 2.47205049e+06 2.81586101e+06 3.17751477e+06 3.57724754e+06
 4.01644658e+06 4.50676244e+06 5.07512376e+06 5.68791250e+06
 6.33117273e+06 7.06503430e+06 7.86469364e+06 8.74521438e+06
 9.65619202e+06 1.06469056e+07 1.17241461e+07 1.28881602e+07
 1.41625127e+07 1.54076719e+07 1.67708495e+07 1.82487272e+07
 1.98007270e+07 2.14881718e+07 2.30903391e+07 2.48717665e+07
 2.66664097e+07 2.85186181e+07 3.04658713e+07 3.24353318e+07
 3.44681144e+07 3.64545829e+07 3.84481984e+07 4.05861297e+07
 4.26657673e+07 4.11144372e+07 4.09119016e+07 4.03685959e+07
 3.94875266e+07 3.82715997e+07 3.67242931e+07 3.48725748e+07
 3.27607518e+07 3.04639827e+07 2.80560718e+07 2.56241107e+07
 2.32256170e+07 2.09259218e+07 1.87723263e+07 1.68059725e+07
 1.50320236e+07 1.34608715e+07 1.20791748e+07 1.08869823e+07
 9.86583121e+06 8.99476069e+06 8.25146042e+06 7.62051798e+06
 7.08191882e+06 6.61726970e+06 6.21030424e+06 5.84514395e+06
 5.50594839e+06 5.18425351e+06 4.87957846e+06 4.58408970e+06
 4.30416404e+06 4.03928232e+06 3.78870868e+06 3.54926434e+06
 3.31650286e+06 3.08838623e+06 2.86291639e+06 2.64439932e+06
 2.44085976e+06 2.25466559e+06 2.09253805e+06 1.95390889e+06
 1.83737711e+06 1.73666291e+06 1.65629743e+06 1.58866077e+06
 1.53290640e+06 1.48788219e+06 1.45301409e+06 1.42717165e+06
 1.40902392e+06 1.39605962e+06 1.38539083e+06 1.37575743e+06
 1.36783539e+06 1.36096987e+06 1.35645753e+06 1.35459104e+06
 1.35426186e+06 1.35497302e+06 3.31908346e+04 2.71362395e+04
 2.21280667e+04 1.79969785e+04 1.45988297e+04 1.18113301e+04
 9.53107500e+03 7.67091705e+03 6.15765006e+03 4.92997867e+03
 3.93674599e+03 3.13539359e+03 2.49062909e+03 1.97327841e+03
 1.55930112e+03 1.22894922e+03 9.66051325e+02 7.57406071e+02
 5.92269927e+02 4.61926523e+02 3.59325828e+02 2.78783001e+02
 2.15727973e+02 1.66497974e+02 1.28166275e+02 9.84013119e+01]",1,0.987443220266185,,42665767.26368818
143,5558,10649286.0,13.17443,13.547882,13.841959,822.53009,822.52187-822.53832,615375045.8630452,43942344.56567383,70,43613142.59352134,99.3,37408821.070941724,85.1,[3.29],"[301.2173, 327.233]",[301.21829],[100.0],"[13.08443  13.09443  13.10443  13.11443  13.12443  13.13443  13.14443
 13.15443  13.16443  13.17443  13.183936 13.193739 13.202717 13.212266
 13.221511 13.231054 13.24114  13.250141 13.25974  13.269091 13.278494
 13.288596 13.297719 13.307015 13.316655 13.325955 13.336264 13.345716
 13.355164 13.365    13.374347 13.384569 13.394575 13.404089 13.41424
 13.423921 13.433827 13.443736 13.452982 13.462821 13.472487 13.481989
 13.491751 13.500746 13.510151 13.519864 13.529166 13.538764 13.547882
 13.557    13.566598 13.5759   13.585613 13.595018 13.604013 13.613775
 13.623277 13.632943 13.642782 13.652028 13.661937 13.671843 13.681524
 13.691675 13.701189 13.711195 13.721417 13.730764 13.7406   13.750048
 13.7595   13.769809 13.779109 13.788749 13.798045 13.807168 13.81727
 13.826673 13.836024 13.845623 13.854624 13.86471  13.874253 13.883498
 13.893047 13.902025 13.911828 13.921334 13.931334 13.941334 13.951334
 13.961334 13.971334 13.981334 13.991334 14.001334 14.011334]","[7.99622477e+01 1.38224047e+02 2.36197365e+02 3.98987530e+02
 6.66248783e+02 1.09978139e+03 1.79460609e+03 2.89484116e+03
 4.61607837e+03 2.40377215e+05 2.64609824e+05 2.99997471e+05
 3.50086686e+05 4.21302092e+05 5.20085334e+05 6.53280724e+05
 8.26237523e+05 1.04247774e+06 1.30288261e+06 1.60471571e+06
 1.94022012e+06 2.29882558e+06 2.66949627e+06 3.04144303e+06
 3.40558487e+06 3.76281694e+06 4.11845719e+06 4.49068481e+06
 4.90831985e+06 5.41371441e+06 6.05321027e+06 6.88967055e+06
 7.99076201e+06 9.40928726e+06 1.11964414e+07 1.33659884e+07
 1.59290303e+07 1.88298337e+07 2.20076888e+07 2.53542768e+07
 2.87533404e+07 3.20611196e+07 3.51440370e+07 3.78837319e+07
 4.01881741e+07 4.19826751e+07 4.32190976e+07 4.38533117e+07
 4.38852191e+07 4.44840753e+07 4.30228947e+07 4.12325810e+07
 3.90249072e+07 3.66184115e+07 3.41286043e+07 3.12856887e+07
 2.84443637e+07 2.55443271e+07 2.26439524e+07 2.00145975e+07
 1.73438557e+07 1.48610348e+07 1.26394772e+07 1.05427801e+07
 8.79914389e+06 7.19408406e+06 5.78689778e+06 4.69276152e+06
 3.72327926e+06 2.95002608e+06 2.31318744e+06 1.75355592e+06
 1.35156321e+06 1.02105185e+06 7.71255327e+05 5.79974983e+05
 4.18286815e+05 3.05329288e+05 2.21018311e+05 1.56968319e+05
 1.12787978e+05 7.70176384e+04 5.31064411e+04 3.66772690e+04
 2.47666839e+04 1.69578773e+04 1.10955793e+04 7.27636438e+03
 4.61607837e+03 2.89484116e+03 1.79460609e+03 1.09978139e+03
 6.66248783e+02 3.98987530e+02 2.36197365e+02 1.38224047e+02
 7.99622477e+01]",1,0.994235449781765,,44484075.266016535
144,5694,1771739.9,13.841959,13.909576,14.164363,822.53015,822.52193-822.53838,81912888.18534641,6738620.177246094,34,258508.7376049636,3.8,5639921.93993292,83.7,[0.76],"[301.2173, 327.233]",[301.21753],[98.67726],"[13.314789 13.324789 13.334789 13.344789 13.354789 13.364789 13.374789
 13.384789 13.394789 13.404789 13.414789 13.424789 13.434789 13.444789
 13.454789 13.464789 13.474789 13.484789 13.494789 13.504789 13.514789
 13.524789 13.534789 13.544789 13.554789 13.564789 13.574789 13.584789
 13.594789 13.604789 13.614789 13.624789 13.634789 13.644789 13.654789
 13.654789 13.664253 13.673916 13.683305 13.692793 13.702562 13.712083
 13.721453 13.730914 13.740308 13.749861 13.759212 13.768573 13.778016
 13.78741  13.796881 13.806218 13.815577 13.824941 13.834492 13.843852
 13.853197 13.862506 13.872334 13.881656 13.890705 13.900139 13.909576
 13.919013 13.928447 13.937496 13.946818 13.956646 13.965955 13.9753
 13.98466  13.994211 14.003575 14.012934 14.022271 14.031742 14.041136
 14.050579 14.05994  14.069291 14.078844 14.088238 14.097699 14.107069
 14.11659  14.126359 14.135847 14.145236 14.154899 14.164363 14.164363
 14.174363 14.184363 14.194363 14.204363 14.214363 14.224363 14.234363
 14.244363 14.254363 14.264363 14.274363 14.284363 14.294363 14.304363
 14.314363 14.324363 14.334363 14.344363 14.354363 14.364363 14.374363
 14.384363 14.394363 14.404363 14.414363 14.424363 14.434363 14.444363
 14.454363 14.464363 14.474363 14.484363 14.494363 14.504363 14.514363]","[1.00865220e+02 1.43376085e+02 2.02661111e+02 2.84854146e+02
 3.98137508e+02 5.53352742e+02 7.64767568e+02 1.05103041e+03
 1.43634750e+03 1.95192079e+03 2.63768713e+03 3.54440053e+03
 4.73609853e+03 6.29299069e+03 8.31480124e+03 1.09245883e+04
 1.42730474e+04 1.85432888e+04 2.39560516e+04 3.07752890e+04
 3.93140208e+04 4.99403073e+04 6.30831514e+04 7.92380857e+04
 9.89721472e+04 1.22927892e+05 1.51826051e+05 1.86466399e+05
 2.27726356e+05 2.76556857e+05 3.33975023e+05 4.01053185e+05
 4.78903901e+05 5.68660683e+05 6.71454292e+05 6.71454292e+05
 7.81741152e+05 9.08326418e+05 1.04565638e+06 1.19948355e+06
 1.37425817e+06 1.56099164e+06 1.76073653e+06 1.97843180e+06
 2.21017653e+06 2.46114630e+06 2.72083493e+06 2.99347183e+06
 3.27977268e+06 3.57393153e+06 3.87769174e+06 4.18172306e+06
 4.48826416e+06 4.79377508e+06 5.10085039e+06 5.39395595e+06
 5.67543824e+06 5.94136733e+06 6.20277627e+06 6.42900491e+06
 6.62546488e+06 6.80325064e+06 6.73490673e+06 6.70095320e+06
 6.61707639e+06 6.48561030e+06 6.30863045e+06 6.09096550e+06
 5.83397901e+06 5.54160729e+06 5.21971522e+06 4.87402009e+06
 4.51581917e+06 4.15413336e+06 3.79909851e+06 3.45447059e+06
 3.12831297e+06 2.82441240e+06 2.54434570e+06 2.29119232e+06
 2.06305006e+06 1.85971215e+06 1.68144085e+06 1.52813722e+06
 1.39921159e+06 1.29318472e+06 1.20885731e+06 1.14307351e+06
 1.09314379e+06 1.05661172e+06 6.71454292e+05 5.68660683e+05
 4.78903901e+05 4.01053185e+05 3.33975023e+05 2.76556857e+05
 2.27726356e+05 1.86466399e+05 1.51826051e+05 1.22927892e+05
 9.89721472e+04 7.92380857e+04 6.30831514e+04 4.99403073e+04
 3.93140208e+04 3.07752890e+04 2.39560516e+04 1.85432888e+04
 1.42730474e+04 1.09245883e+04 8.31480124e+03 6.29299069e+03
 4.73609853e+03 3.54440053e+03 2.63768713e+03 1.95192079e+03
 1.43634750e+03 1.05103041e+03 7.64767568e+02 5.53352742e+02
 3.98137508e+02 2.84854146e+02 2.02661111e+02 1.43376085e+02
 1.00865220e+02 7.05609766e+01]",1,0.9941994760456956,,6803250.643750573
145,6327,509189.94,15.267439,15.411474,15.774527,822.53027,822.52205-822.5385,29171806.72371619,2036887.40940094,53,695025.8761362324,34.1,1861810.0524523158,91.4,[2.38],"[301.2173, 327.233]",[301.21802],[92.06304],"[14.728421 14.738421 14.748421 14.758421 14.768421 14.778421 14.788421
 14.798421 14.808421 14.818421 14.828421 14.838421 14.848421 14.858421
 14.868421 14.878421 14.888421 14.898421 14.908421 14.918421 14.928421
 14.938421 14.948421 14.958421 14.968421 14.978421 14.988421 14.998421
 15.008421 15.018421 15.028421 15.038421 15.048421 15.048421 15.05772
 15.067016 15.075994 15.085695 15.095055 15.104922 15.114967 15.123961
 15.132987 15.142579 15.152241 15.16243  15.171442 15.181114 15.190145
 15.200015 15.209658 15.218628 15.228481 15.237866 15.248021 15.257577
 15.266812 15.276491 15.28585  15.296009 15.305543 15.315056 15.324829
 15.334549 15.344089 15.35361  15.363125 15.372845 15.382514 15.392003
 15.40155  15.411474 15.421398 15.430945 15.440434 15.450103 15.459823
 15.469338 15.478859 15.488399 15.498119 15.507892 15.517405 15.526939
 15.537098 15.546457 15.556136 15.565371 15.574927 15.585082 15.594467
 15.60432  15.61329  15.622933 15.632803 15.641834 15.651506 15.660518
 15.670707 15.680369 15.689961 15.698987 15.707981 15.718026 15.727893
 15.737253 15.746954 15.755932 15.765228 15.774527 15.774527 15.784527
 15.794527 15.804527 15.814527 15.824527 15.834527 15.844527 15.854527
 15.864527 15.874527 15.884527 15.894527 15.904527 15.914527 15.924527
 15.934527 15.944527 15.954527 15.964527 15.974527 15.984527 15.994527
 16.004527 16.014527 16.024527 16.034527 16.044527 16.054527 16.064527
 16.074527 16.084527 16.094527 16.104527]","[1.04985352e+02 1.30626344e+02 1.62179936e+02 2.00922125e+02
 2.48383468e+02 3.06395159e+02 3.77142433e+02 4.63226274e+02
 5.67734463e+02 6.94323105e+02 8.47309868e+02 1.03178022e+03
 1.25370806e+03 1.52009219e+03 1.83911007e+03 2.22029051e+03
 2.67470674e+03 3.21519137e+03 3.85657489e+03 4.61594897e+03
 5.51295586e+03 6.57010512e+03 7.81311845e+03 9.27130323e+03
 1.09779551e+04 1.29707892e+04 1.52923996e+04 1.79907457e+04
 2.11196626e+04 2.47393950e+04 2.89171482e+04 3.37276539e+04
 3.92537446e+04 3.92537446e+04 4.51146086e+04 5.17517529e+04
 5.89829201e+04 6.78037801e+04 7.74139503e+04 8.88413377e+04
 1.01989127e+05 1.15191431e+05 1.29931246e+05 1.47384129e+05
 1.67000176e+05 1.90106391e+05 2.12797084e+05 2.39704082e+05
 2.67404029e+05 3.00745975e+05 3.36649273e+05 3.73212492e+05
 4.17133359e+05 4.62864538e+05 5.16905652e+05 5.72345940e+05
 6.30387663e+05 6.96172931e+05 7.64834900e+05 8.45244696e+05
 9.26505159e+05 1.01339251e+06 1.10889317e+06 1.21032822e+06
 1.31629435e+06 1.42850319e+06 1.54717560e+06 1.67521282e+06
 1.80943126e+06 1.94778290e+06 2.09355477e+06 2.03618120e+06
 2.01943409e+06 1.97659933e+06 1.90712662e+06 1.81233035e+06
 1.69572530e+06 1.56270756e+06 1.41972846e+06 1.27413463e+06
 1.13232739e+06 9.98703534e+05 8.76526443e+05 7.67799095e+05
 6.72156239e+05 5.89551236e+05 5.18342184e+05 4.58249683e+05
 4.07780779e+05 3.66484472e+05 3.33343457e+05 3.06942529e+05
 2.86323845e+05 2.70367414e+05 2.58036841e+05 2.48010566e+05
 2.39238744e+05 2.31356400e+05 2.23720144e+05 2.16521190e+05
 2.09073022e+05 2.01997955e+05 1.95124171e+05 1.89144249e+05
 1.83938912e+05 1.80005911e+05 1.77889401e+05 1.77150003e+05
 1.77393023e+05 1.78140004e+05 3.92537446e+04 3.37276539e+04
 2.89171482e+04 2.47393950e+04 2.11196626e+04 1.79907457e+04
 1.52923996e+04 1.29707892e+04 1.09779551e+04 9.27130323e+03
 7.81311845e+03 6.57010512e+03 5.51295586e+03 4.61594897e+03
 3.85657489e+03 3.21519137e+03 2.67470674e+03 2.22029051e+03
 1.83911007e+03 1.52009219e+03 1.25370806e+03 1.03178022e+03
 8.47309868e+02 6.94323105e+02 5.67734463e+02 4.63226274e+02
 3.77142433e+02 3.06395159e+02 2.48383468e+02 2.00922125e+02
 1.62179936e+02 1.30626344e+02 1.04985352e+02 8.41958975e+01]",1,0.9769043747137993,,2093554.771611055
146,5299,718601.75,12.679095,12.975831,13.17443,822.53235,822.52412-822.54057,31280621.54521957,2362761.592815399,52,2235959.8467064206,94.6,2090409.5955374977,88.5,[1.78],"[301.2173, 327.233]",[327.23358],[11.19121],"[12.607232 12.617232 12.627232 12.637232 12.647232 12.657232 12.667232
 12.677232 12.687232 12.697232 12.707232 12.717232 12.727232 12.737232
 12.747232 12.757232 12.767232 12.777232 12.777232 12.786494 12.795765
 12.804866 12.81483  12.824405 12.833686 12.842701 12.851819 12.861116
 12.870835 12.880065 12.889054 12.898701 12.908445 12.917957 12.927259
 12.936588 12.94659  12.956779 12.966496 12.975831 12.985166 12.994883
 13.005072 13.015074 13.024403 13.033705 13.043217 13.052961 13.062608
 13.071597 13.080827 13.090546 13.099843 13.108961 13.117976 13.127257
 13.136832 13.146796 13.155897 13.165168 13.17443  13.17443  13.18443
 13.19443  13.20443  13.21443  13.22443  13.23443  13.24443  13.25443
 13.26443  13.27443  13.28443  13.29443  13.30443  13.31443  13.32443
 13.33443  13.34443  13.35443 ]","[1.28645395e+02 2.17904793e+02 3.63772836e+02 5.98528307e+02
 9.70577170e+02 1.55119500e+03 2.44339491e+03 3.79325363e+03
 5.80391503e+03 8.75227906e+03 1.30080505e+04 1.90543535e+04
 2.75085164e+04 3.91409233e+04 5.48890747e+04 7.58632949e+04
 1.03339996e+05 1.38738222e+05 1.38738222e+05 1.79909842e+05
 2.30464108e+05 2.90338819e+05 3.68744500e+05 4.57710753e+05
 5.57255083e+05 6.66598770e+05 7.89493217e+05 9.26561420e+05
 1.08075134e+06 1.23508416e+06 1.38991258e+06 1.55726202e+06
 1.72294733e+06 1.87654465e+06 2.01421744e+06 2.13530645e+06
 2.24152651e+06 2.32023539e+06 2.36441771e+06 2.36248607e+06
 2.35294597e+06 2.31423013e+06 2.24686406e+06 2.15289422e+06
 2.03450045e+06 1.89470983e+06 1.73786209e+06 1.56928137e+06
 1.39460688e+06 1.22106347e+06 1.05314179e+06 8.97104059e+05
 7.56378313e+05 6.32894182e+05 5.27850984e+05 4.41680034e+05
 3.72616796e+05 3.19503842e+05 2.79174631e+05 2.50063351e+05
 2.29598195e+05 1.38738222e+05 1.03339996e+05 7.58632949e+04
 5.48890747e+04 3.91409233e+04 2.75085164e+04 1.90543535e+04
 1.30080505e+04 8.75227906e+03 5.80391503e+03 3.79325363e+03
 2.44339491e+03 1.55119500e+03 9.70577170e+02 5.98528307e+02
 3.63772836e+02 2.17904793e+02 1.28645395e+02 7.48535938e+01]",1,0.9982459468154902,,2364417.710152695
147,1563,2474354.0,3.4770923,3.6555965,4.0493165,822.56616,822.55794-822.57439,45086597.97879485,5481611.502994537,61,5471421.988904187,99.8,5470656.829191678,99.8,[2.38],"[301.2173, 327.233]",[301.21802],[71.90173],"[3.3096909 3.3192066 3.3285016 3.3379474 3.347326  3.3566709 3.3659828
 3.3751676 3.3846025 3.3939347 3.4031349 3.4122729 3.4213822 3.4306167
 3.4398521 3.4489156 3.4579417 3.467065  3.4761854 3.4852296 3.4943213
 3.5032275 3.5122771 3.5212993 3.5302472 3.5392675 3.5480589 3.5570454
 3.5660056 3.5749171 3.5839042 3.5928412 3.6018972 3.6108442 3.6197287
 3.6287118 3.6376454 3.6466889 3.6555965 3.6645041 3.6735476 3.6824812
 3.6914643 3.7003488 3.7092958 3.7183518 3.7272888 3.7362759 3.7451874
 3.7541476 3.7631341 3.7719255 3.7809458 3.7898937 3.7989159 3.8079655
 3.8168717 3.8259634 3.8350076 3.844128  3.8532513 3.8622774 3.8713409
 3.8805763 3.8898108 3.8989201 3.9080581 3.9172583 3.9265905 3.9360254
 3.9452102 3.9545221 3.963867  3.9732456 3.9826914 3.9919864 4.0015021
 4.0110171 4.0205692 4.03029   4.0397551 4.0493165]","[1.10364122e+02 1.91674375e+02 3.24132128e+02 5.45115996e+02
 9.00685564e+02 1.46504755e+03 2.34641416e+03 3.68398954e+03
 5.77457976e+03 8.88320423e+03 1.34000007e+04 1.98914007e+04
 2.91048990e+04 4.22384976e+04 6.04777534e+04 8.48932115e+04
 1.17468872e+05 1.60987639e+05 2.17716791e+05 2.89895608e+05
 3.81565724e+05 4.93111826e+05 6.31716270e+05 7.98290943e+05
 9.94097688e+05 1.22430415e+06 1.48137333e+06 1.77737063e+06
 2.10438548e+06 2.45805944e+06 2.83854272e+06 3.23397525e+06
 3.64354301e+06 4.04710021e+06 4.43601161e+06 4.80572921e+06
 5.13836973e+06 5.42816964e+06 5.47142199e+06 5.44218236e+06
 5.25585687e+06 4.94047401e+06 4.53690631e+06 4.08566212e+06
 3.62081021e+06 3.16832831e+06 2.75266240e+06 2.36941743e+06
 2.02743828e+06 1.72089716e+06 1.45224389e+06 1.21323573e+06
 1.00775458e+06 8.33247960e+05 6.82655535e+05 5.55349505e+05
 4.50477136e+05 3.61202493e+05 2.88129498e+05 2.28176503e+05
 1.79716122e+05 1.40913826e+05 1.10759604e+05 8.74715695e+04
 6.93233952e+04 5.47738863e+04 4.34863564e+04 3.45351423e+04
 2.73994859e+04 2.17187404e+04 1.71316195e+04 1.34753135e+04
 1.05663572e+04 8.18909766e+03 6.32757520e+03 4.83770124e+03
 3.66310921e+03 2.68998379e+03 1.87905761e+03 1.19588068e+03
 7.42754765e+02 3.80577829e+02]",1,0.9988599574902456,,5471421.988904187
148,7471,887446.56,17.712972,18.157832,18.422892,822.56653,822.5583-822.57475,56423915.32118255,4087504.5253448486,75,4011201.0050838995,98.1,3710450.111148457,90.8,[3.4],"[301.2173, 327.233]",[301.21832],[97.71205],"[17.672972 17.682972 17.692972 17.702972 17.712972 17.722029 17.731276
 17.740542 17.750109 17.759377 17.768454 17.777656 17.78693  17.796754
 17.806234 17.815327 17.824539 17.834184 17.843717 17.853083 17.862657
 17.871926 17.88151  17.891433 17.901185 17.910434 17.919888 17.929222
 17.93912  17.94887  17.958166 17.967632 17.976943 17.98696  17.996164
 18.005501 18.0152   18.024545 18.034291 18.044126 18.053484 18.062841
 18.072255 18.082143 18.091632 18.10103  18.110479 18.119965 18.129517
 18.138951 18.148402 18.157832 18.167262 18.176713 18.186147 18.195699
 18.205185 18.214634 18.224032 18.233521 18.243409 18.252823 18.26218
 18.271538 18.281373 18.291119 18.300464 18.310163 18.3195   18.328704
 18.338721 18.348032 18.357498 18.366794 18.376544 18.386442 18.395776
 18.40523  18.414479 18.424231 18.434154 18.443738 18.453007 18.462581
 18.471947 18.48148  18.491125 18.500337 18.50943  18.51891  18.528734
 18.538008 18.54721  18.556287 18.565555 18.575122 18.584388 18.593635
 18.602692 18.612692 18.622692 18.632692 18.642692]","[7.96877075e+01 1.20868635e+02 1.81852967e+02 2.71401135e+02
 6.35727707e+04 6.72181290e+04 7.12108200e+04 7.52381505e+04
 7.89000745e+04 8.17913551e+04 8.40225076e+04 8.58203078e+04
 8.75176015e+04 8.96017345e+04 9.23147275e+04 9.61651199e+04
 1.01710011e+05 1.09309273e+05 1.19197914e+05 1.31196214e+05
 1.45557923e+05 1.62318038e+05 1.81679760e+05 2.04858094e+05
 2.31771564e+05 2.62970682e+05 2.98594566e+05 3.39521738e+05
 3.87259803e+05 4.42758702e+05 5.07118754e+05 5.82346613e+05
 6.69092017e+05 7.69444965e+05 8.85132250e+05 1.01749303e+06
 1.16905856e+06 1.34016813e+06 1.53228897e+06 1.74416044e+06
 1.97305811e+06 2.21786448e+06 2.47302601e+06 2.73139488e+06
 2.98778457e+06 3.23685396e+06 3.46981810e+06 3.67854995e+06
 3.85253612e+06 3.98387617e+06 4.06433289e+06 4.08727387e+06
 4.10612644e+06 3.95524411e+06 3.78278692e+06 3.58938903e+06
 3.38230101e+06 3.16489806e+06 2.94136907e+06 2.71194623e+06
 2.47264509e+06 2.24787258e+06 2.03022832e+06 1.82068538e+06
 1.61137059e+06 1.41671175e+06 1.24317485e+06 1.07742363e+06
 9.32043215e+05 8.02384746e+05 6.76392394e+05 5.72901498e+05
 4.80436900e+05 4.01328386e+05 3.29824744e+05 2.68135697e+05
 2.18975188e+05 1.77085171e+05 1.42865835e+05 1.13069626e+05
 8.84200067e+04 6.92017978e+04 5.42139101e+04 4.18258579e+04
 3.22187429e+04 2.45236238e+04 1.84678718e+04 1.39870174e+04
 1.05600683e+04 7.82201419e+03 5.68731247e+03 4.17956759e+03
 3.05777648e+03 2.23155389e+03 1.60672638e+03 1.13633527e+03
 8.06745777e+02 5.69197356e+02 4.01779171e+02 2.71401135e+02
 1.81852967e+02 1.20868635e+02 7.96877075e+01]",1,0.9970345611776281,,4106126.443590151
149,8211,388795.38,19.591135,19.925459,20.663204,822.56659,822.55836-822.57482,33307616.698802684,1661804.731601715,109,1603369.167197525,96.5,1633561.9891118559,98.3,"[8.06, 2.34]","[301.2173, 327.233]","[301.21973, 327.23376]","[8.76268, 72.78638]","[18.717714 18.727714 18.737714 18.747714 18.757714 18.767714 18.777714
 18.787714 18.797714 18.807714 18.817714 18.827714 18.837714 18.847714
 18.857714 18.867714 18.877714 18.887714 18.897714 18.907714 18.917714
 18.927714 18.937714 18.947714 18.957714 18.967714 18.977714 18.987714
 18.997714 19.007714 19.017714 19.027714 19.037714 19.047714 19.057714
 19.067714 19.077714 19.087714 19.097714 19.107714 19.117714 19.127714
 19.137714 19.147714 19.157714 19.167714 19.177714 19.187714 19.187714
 19.197278 19.206827 19.216622 19.226247 19.235791 19.245228 19.254999
 19.264697 19.274536 19.283983 19.293665 19.303461 19.313077 19.323475
 19.333245 19.342818 19.352775 19.362351 19.372677 19.382966 19.393195
 19.402842 19.412851 19.423155 19.434036 19.444443 19.454098 19.464015
 19.474378 19.484518 19.494637 19.504522 19.514336 19.524941 19.535598
 19.545496 19.555523 19.565304 19.576116 19.587074 19.59665  19.606709
 19.616558 19.627296 19.637865 19.647464 19.657522 19.667407 19.678091
 19.687647 19.697393 19.707302 19.718161 19.728131 19.738202 19.747833
 19.757586 19.768092 19.77809  19.788162 19.797652 19.807286 19.81749
 19.827728 19.83742  19.846863 19.856766 19.866721 19.876775 19.886257
 19.895735 19.905827 19.915563 19.925459 19.935355 19.945091 19.955183
 19.964661 19.974143 19.984197 19.994152 20.004055 20.013498 20.02319
 20.033428 20.043632 20.053266 20.062756 20.072828 20.082826 20.093332
 20.103085 20.112716 20.122787 20.132757 20.143616 20.153525 20.163271
 20.172827 20.183511 20.193396 20.203454 20.213053 20.223622 20.23436
 20.244209 20.254268 20.263844 20.274802 20.285614 20.295395 20.305422
 20.31532  20.325977 20.336582 20.346396 20.356281 20.3664   20.37654
 20.386903 20.39682  20.406475 20.416882 20.427763 20.438067 20.448076
 20.457723 20.467952 20.478241 20.488567 20.498143 20.5081   20.517673
 20.527443 20.537841 20.547457 20.557253 20.566935 20.576382 20.586221
 20.595919 20.60569  20.615127 20.624671 20.634296 20.644091 20.65364
 20.663204 20.663204 20.673204 20.683204 20.693204 20.703204 20.713204
 20.723204 20.733204 20.743204 20.753204 20.763204 20.773204 20.783204
 20.793204 20.803204 20.813204 20.823204 20.833204 20.843204 20.853204
 20.863204 20.873204 20.883204 20.893204 20.903204 20.913204 20.923204
 20.933204 20.943204 20.953204 20.963204 20.973204 20.983204 20.993204
 21.003204 21.013204 21.023204 21.033204 21.043204 21.053204 21.063204
 21.073204 21.083204 21.093204 21.103204 21.113204 21.123204 21.133204
 21.143204]","[1.07762138e+02 1.20559977e+02 1.34806852e+02 1.50658150e+02
 1.68284898e+02 1.87875224e+02 2.09635934e+02 2.33794236e+02
 2.60599586e+02 2.90325709e+02 3.23272768e+02 3.59769713e+02
 4.00176821e+02 4.44888431e+02 4.94335895e+02 5.48990758e+02
 6.09368178e+02 6.76030611e+02 7.49591760e+02 8.30720825e+02
 9.20147063e+02 1.01866467e+03 1.12713800e+03 1.24650721e+03
 1.37779419e+03 1.52210900e+03 1.68065671e+03 1.85474463e+03
 2.04579016e+03 2.25532898e+03 2.48502388e+03 2.73667411e+03
 3.01222531e+03 3.31378003e+03 3.64360887e+03 4.00416234e+03
 4.39808334e+03 4.82822037e+03 5.29764151e+03 5.80964908e+03
 6.36779519e+03 6.97589804e+03 7.63805910e+03 8.35868110e+03
 9.14248698e+03 9.99453968e+03 1.09202629e+04 1.19254629e+04
 1.19254629e+04 1.29669129e+04 1.40907048e+04 1.53370771e+04
 1.66609744e+04 1.80778547e+04 1.95880702e+04 2.12743140e+04
 2.30800184e+04 2.50560069e+04 2.70993179e+04 2.93521903e+04
 3.18063162e+04 3.43979458e+04 3.74180181e+04 4.04759363e+04
 4.36932033e+04 4.72869676e+04 5.09967080e+04 5.52939179e+04
 5.99024699e+04 6.48290912e+04 6.98109269e+04 7.53457909e+04
 8.14577569e+04 8.83974576e+04 9.55317211e+04 1.02612147e+05
 1.10375109e+05 1.19049667e+05 1.28127106e+05 1.37801488e+05
 1.47880253e+05 1.58535212e+05 1.70816421e+05 1.84006814e+05
 1.97063126e+05 2.11123674e+05 2.25690437e+05 2.42822951e+05
 2.61350462e+05 2.78551251e+05 2.97685638e+05 3.17529900e+05
 3.40477936e+05 3.64468070e+05 3.87521002e+05 4.13027645e+05
 4.39503103e+05 4.69758982e+05 4.98327668e+05 5.28993222e+05
 5.61819492e+05 5.99781390e+05 6.36542713e+05 6.75606145e+05
 7.14846991e+05 7.56532406e+05 8.03710401e+05 8.50878305e+05
 9.00716329e+05 9.49879244e+05 1.00204865e+06 1.05986889e+06
 1.12061885e+06 1.18073502e+06 1.24181754e+06 1.30861432e+06
 1.37866745e+06 1.45245644e+06 1.52492029e+06 1.60021102e+06
 1.68359629e+06 1.76725918e+06 1.66163458e+06 1.65743080e+06
 1.64236391e+06 1.61766359e+06 1.58363613e+06 1.54121033e+06
 1.49052935e+06 1.43238138e+06 1.36589769e+06 1.29201346e+06
 1.21307513e+06 1.13100843e+06 1.04952022e+06 9.70733825e+05
 8.96452729e+05 8.27390395e+05 7.63190611e+05 7.03855166e+05
 6.49173732e+05 5.99110489e+05 5.53649682e+05 5.12969738e+05
 4.76736178e+05 4.45361541e+05 4.18036717e+05 3.94535204e+05
 3.74424472e+05 3.56950638e+05 3.41769241e+05 3.28348401e+05
 3.15796696e+05 3.03899347e+05 2.92040667e+05 2.79844469e+05
 2.67728538e+05 2.55648034e+05 2.43827753e+05 2.32519054e+05
 2.21761463e+05 2.11900440e+05 2.02346802e+05 1.93406138e+05
 1.84399656e+05 1.75228647e+05 1.66013239e+05 1.56835152e+05
 1.47894019e+05 1.39519779e+05 1.31666746e+05 1.24449599e+05
 1.17578003e+05 1.11207827e+05 1.04957716e+05 9.86937639e+04
 9.23651851e+04 8.59207272e+04 7.95008738e+04 7.33932270e+04
 6.76535622e+04 6.22842201e+04 5.73258792e+04 5.27656184e+04
 4.87308030e+04 4.53159829e+04 4.24638597e+04 3.99999789e+04
 3.77710642e+04 3.57845437e+04 3.40572316e+04 3.25377822e+04
 3.13984845e+04 3.05832262e+04 3.01317917e+04 3.00824052e+04
 3.03312633e+04 1.19254629e+04 1.09202629e+04 9.99453968e+03
 9.14248698e+03 8.35868110e+03 7.63805910e+03 6.97589804e+03
 6.36779519e+03 5.80964908e+03 5.29764151e+03 4.82822037e+03
 4.39808334e+03 4.00416234e+03 3.64360887e+03 3.31378003e+03
 3.01222531e+03 2.73667411e+03 2.48502388e+03 2.25532898e+03
 2.04579016e+03 1.85474463e+03 1.68065671e+03 1.52210900e+03
 1.37779419e+03 1.24650721e+03 1.12713800e+03 1.01866467e+03
 9.20147063e+02 8.30720825e+02 7.49591760e+02 6.76030611e+02
 6.09368178e+02 5.48990758e+02 4.94335895e+02 4.44888431e+02
 4.00176821e+02 3.59769713e+02 3.23272768e+02 2.90325709e+02
 2.60599586e+02 2.33794236e+02 2.09635934e+02 1.87875224e+02
 1.68284898e+02 1.50658150e+02 1.34806852e+02 1.20559977e+02
 1.07762138e+02 9.62722435e+01]",1,0.9879003143063338,,1767259.1773976192
150,7700,360427.88,18.422892,18.666372,18.705117,822.56671,822.55849-822.57494,17314755.785423268,1580463.210226059,29,1202870.820315303,76.1,21129.99992247764,1.3,"[3.09, 3.64]","[301.2173, 327.233]","[301.21823, 327.23419]","[99.33448, 12.38621]","[18.052892 18.062892 18.072892 18.082892 18.092892 18.102892 18.112892
 18.122892 18.132892 18.142892 18.152892 18.162892 18.172892 18.182892
 18.192892 18.202892 18.212892 18.222892 18.232892 18.242892 18.252892
 18.262892 18.272892 18.282892 18.292892 18.302892 18.312892 18.322892
 18.332892 18.342892 18.352892 18.362892 18.372892 18.382892 18.392892
 18.402892 18.412892 18.422892 18.432165 18.441934 18.451378 18.460984
 18.470531 18.480385 18.489958 18.499766 18.509617 18.519217 18.52895
 18.538296 18.548355 18.558626 18.568534 18.578164 18.587727 18.597325
 18.607304 18.617329 18.62713  18.636776 18.646604 18.656428 18.666372
 18.676105 18.685838 18.695782 18.705606 18.715434 18.72508  18.734881
 18.744906 18.754885 18.764483 18.774046 18.783676 18.793584 18.803855
 18.813914 18.82326  18.832993 18.842593 18.852444 18.862252 18.871825
 18.881679 18.891226 18.900832 18.910276 18.920045 18.929318 18.939318
 18.949318 18.959318 18.969318 18.979318 18.989318 18.999318 19.009318
 19.019318 19.029318 19.039318 19.049318 19.059318 19.069318 19.079318
 19.089318 19.099318 19.109318 19.119318 19.129318 19.139318 19.149318
 19.159318 19.169318 19.179318 19.189318 19.199318 19.209318 19.219318
 19.229318 19.239318 19.249318 19.259318 19.269318 19.279318 19.289318
 19.299318]","[7.41415917e+01 1.00676570e+02 1.36061360e+02 1.83012643e+02
 2.45000667e+02 3.26432457e+02 4.32871795e+02 5.71301198e+02
 7.50431181e+02 9.81062096e+02 1.27650351e+03 1.65305544e+03
 2.13055483e+03 2.73298911e+03 3.48917681e+03 4.43351256e+03
 5.60677076e+03 7.05695822e+03 8.84020188e+03 1.10216524e+04
 1.36763790e+04 1.68902249e+04 2.07605870e+04 2.53970758e+04
 3.09220083e+04 3.74706787e+04 4.51913501e+04 5.42449063e+04
 6.48041025e+04 7.70523569e+04 9.11820275e+04 1.07392129e+05
 1.25885454e+05 1.46865077e+05 1.70530244e+05 1.97071663e+05
 2.26666239e+05 3.52101180e+05 3.63469941e+05 3.79076251e+05
 3.99490322e+05 4.25322004e+05 4.56893125e+05 4.94407965e+05
 5.37922836e+05 5.87127647e+05 6.42182669e+05 7.03296427e+05
 7.70002374e+05 8.42340066e+05 9.19989052e+05 1.00026108e+06
 1.08108464e+06 1.16113126e+06 1.23834960e+06 1.31110021e+06
 1.37756588e+06 1.43663479e+06 1.48688928e+06 1.52705046e+06
 1.55661674e+06 1.57547439e+06 1.58517315e+06 1.58794817e+06
 1.61308328e+06 1.58185756e+06 1.54447198e+06 1.50106333e+06
 1.45315639e+06 1.39970352e+06 1.34072735e+06 1.27842270e+06
 1.21579971e+06 1.15144103e+06 1.08530560e+06 1.01654537e+06
 9.45203223e+05 8.75930081e+05 8.12622122e+05 7.48248685e+05
 6.86722567e+05 6.25991815e+05 5.68257811e+05 5.14775592e+05
 4.62869474e+05 4.15747209e+05 3.71549640e+05 3.31264113e+05
 2.92875713e+05 2.59471335e+05 2.26666239e+05 1.97071663e+05
 1.70530244e+05 1.46865077e+05 1.25885454e+05 1.07392129e+05
 9.11820275e+04 7.70523569e+04 6.48041025e+04 5.42449063e+04
 4.51913501e+04 3.74706787e+04 3.09220083e+04 2.53970758e+04
 2.07605870e+04 1.68902249e+04 1.36763790e+04 1.10216524e+04
 8.84020188e+03 7.05695822e+03 5.60677076e+03 4.43351256e+03
 3.48917681e+03 2.73298911e+03 2.13055483e+03 1.65305544e+03
 1.27650351e+03 9.81062096e+02 7.50431181e+02 5.71301198e+02
 4.32871795e+02 3.26432457e+02 2.45000667e+02 1.83012643e+02
 1.36061360e+02 1.00676570e+02 7.41415917e+01]",1,0.9932007529746211,,1613083.2797412788
151,7778,799576.69,18.705117,18.899727,19.218,822.56708,822.55885-822.5753,56736063.077124305,3949995.241088867,53,2390015.2943120133,60.5,3807920.5144403093,96.4,[0.29],"[301.2173, 327.233]",[327.23309],[71.91289],"[18.481454 18.491454 18.501454 18.511454 18.521454 18.531454 18.541454
 18.551454 18.561454 18.571454 18.581454 18.581454 18.591196 18.600906
 18.611004 18.620603 18.630292 18.640037 18.649735 18.659806 18.6695
 18.679028 18.688668 18.697981 18.708168 18.717886 18.727472 18.736815
 18.74595  18.75603  18.765915 18.775611 18.784885 18.794023 18.80374
 18.81365  18.823395 18.832685 18.841883 18.85137  18.861122 18.87142
 18.880935 18.890055 18.899727 18.909399 18.918519 18.928034 18.938332
 18.948084 18.957571 18.966769 18.976059 18.985804 18.995714 19.005431
 19.014569 19.023843 19.033539 19.043424 19.053504 19.062639 19.071982
 19.081568 19.091286 19.101473 19.110786 19.120426 19.129954 19.139648
 19.149719 19.159417 19.169162 19.178851 19.18845  19.198548 19.208258
 19.218    19.218    19.228    19.238    19.248    19.258    19.268
 19.278    19.288    19.298    19.308    19.318    19.328   ]","[1.44179524e+02 2.31537915e+02 3.67680864e+02 5.77364812e+02
 8.96519981e+02 1.37657542e+03 2.09011617e+03 3.13813207e+03
 4.65910378e+03 6.84012327e+03 9.93015092e+03 9.93015092e+03
 1.41249906e+04 1.98572439e+04 2.79827743e+04 3.83616681e+04
 5.21961607e+04 7.03949449e+04 9.38051819e+04 1.24985670e+05
 1.62990734e+05 2.09426617e+05 2.67104707e+05 3.34541328e+05
 4.23210690e+05 5.23905257e+05 6.40006248e+05 7.70204322e+05
 9.14381457e+05 1.09305513e+06 1.28781057e+06 1.49650340e+06
 1.71072852e+06 1.93346304e+06 2.17970499e+06 2.43645179e+06
 2.68936130e+06 2.92571658e+06 3.15001489e+06 3.36577331e+06
 3.56527185e+06 3.74518531e+06 3.87827131e+06 3.97224042e+06
 3.94857987e+06 3.93787920e+06 3.87985204e+06 3.77553212e+06
 3.62799768e+06 3.44021805e+06 3.21898531e+06 2.97050057e+06
 2.70291613e+06 2.42693553e+06 2.15124778e+06 1.88666661e+06
 1.63924126e+06 1.41465271e+06 1.21365744e+06 1.03607564e+06
 8.81456173e+05 7.46605900e+05 6.30800050e+05 5.32967722e+05
 4.51293191e+05 3.84316057e+05 3.29490274e+05 2.85958480e+05
 2.51284072e+05 2.23609633e+05 2.01550148e+05 1.84051149e+05
 1.70166314e+05 1.60036138e+05 1.53184474e+05 1.49596197e+05
 1.48652981e+05 1.49515353e+05 9.93015092e+03 6.84012327e+03
 4.65910378e+03 3.13813207e+03 2.09011617e+03 1.37657542e+03
 8.96519981e+02 5.77364812e+02 3.67680864e+02 2.31537915e+02
 1.44179524e+02 8.87800595e+01]",1,0.9968265349785435,,3972240.415154456
152,7643,455743.38,18.375618,18.52895,19.159417,824.54517,824.53692-824.55341,48713624.7719001,1656366.685825348,81,252964.25200422457,15.3,1552659.8460754398,93.7,[2.48],"[301.2173, 327.233]",[301.21805],[100.0],"[18.375618 18.385368 18.3946   18.404016 18.41332  18.422892 18.432165
 18.441934 18.451378 18.460984 18.470531 18.480385 18.489958 18.499766
 18.509617 18.519217 18.52895  18.538296 18.548355 18.558626 18.568534
 18.578164 18.587727 18.597325 18.607304 18.617329 18.62713  18.636776
 18.646604 18.656428 18.666372 18.676105 18.685672 18.695236 18.705117
 18.715736 18.725304 18.735042 18.744789 18.75461  18.764637 18.774163
 18.78357  18.793311 18.802876 18.813093 18.822542 18.831951 18.841604
 18.851257 18.86114  18.870517 18.880292 18.890198 18.899727 18.909399
 18.918519 18.928034 18.938332 18.948084 18.957571 18.966769 18.976059
 18.985804 18.995714 19.005431 19.014569 19.023843 19.033539 19.043424
 19.053504 19.062639 19.071982 19.081568 19.091286 19.101473 19.110786
 19.120426 19.129954 19.139648 19.149719 19.159417]","[1371548.80793737 1388796.61024311 1407247.57462836 1426276.12064873
 1445324.41473415 1466618.15091957 1490692.7029335  1518012.51022193
 1547731.09363405 1577208.36884115 1603766.16067667 1625614.42837223
 1641134.49892446 1650391.78394006 1654725.224003   1655926.98889716
 1656460.82013328 1655801.10058039 1654537.23814451 1651753.5415741
 1645283.10475816 1635923.14357372 1622788.10362018 1606285.80150748
 1587070.89943682 1566433.7854807  1545126.40731559 1523469.94358655
 1501847.85706927 1479137.58004972 1454669.24369518 1428868.23406263
 1401429.37058429 1373569.2135199  1346675.23570369 1321697.89162178
 1298226.67706104 1276993.11324733 1256175.22404206 1234981.24063664
 1212185.63221206 1187792.56540063 1163898.85416518 1140753.12877733
 1119561.00414911 1099787.92528716 1080129.71146904 1059474.82751048
 1036926.37258471 1010440.09725487  979758.36936576  945406.64596978
  907932.73308268  868702.31375893  828248.43666584  786413.90711126
  743086.93029025  697205.40101572  650124.92563878  602018.54567794
  553929.8131998   506197.69403183  459237.15135815  412911.41045894
  368957.81701308  327586.24854643  289713.88053764  255641.71904293
  225453.29995247  199010.02377681  176671.20258226  158465.05020771
  143997.56165153  132972.62875351  124835.39495418  118999.17695929
  114676.59430588  111391.1876584   108670.90130223  106399.03977864
  104508.06609503  103111.42875101]",,,,1656460.8201332805
153,6810,1460806.9,16.422428,16.571622,16.86822,824.54572,824.53747-824.55396,94419441.87114228,5821905.05039978,45,2220504.4340938167,38.1,4836724.48995052,83.1,[2.38],"[301.2173, 327.233]",[301.21802],[70.44618],"[16.422428 16.432192 16.442598 16.452235 16.46204  16.471882 16.481924
 16.492495 16.502353 16.512628 16.522372 16.531987 16.54183  16.551453
 16.561779 16.571622 16.581047 16.591009 16.600581 16.61064  16.62048
 16.630569 16.640593 16.650576 16.660482 16.670384 16.680551 16.690559
 16.700425 16.710582 16.720382 16.730537 16.74039  16.749756 16.759682
 16.769565 16.779555 16.789166 16.798499 16.808718 16.818561 16.828687
 16.838524 16.848221 16.858511 16.86822 ]","[3519684.65904526 3569572.45920959 3644391.87673699 3748313.55921991
 3884436.56593371 4054314.36190189 4255215.27646064 4480435.89021926
 4721634.79165958 4967008.35967547 5202502.29269659 5413430.20015404
 5588442.86642402 5717743.19330763 5797038.33436575 5821860.87963743
 5789805.09268599 5699859.62101193 5553882.655192   5358061.43067505
 5121661.30329362 4859224.80631086 4582853.80016748 4302610.44323583
 4025278.3486334  3755622.31451564 3496822.60180557 3249575.12451231
 3014441.64371979 2790825.75180554 2579097.47174448 2379320.05114215
 2192579.01937205 2020821.76693566 1864190.36398755 1723055.6995524
 1595807.98934609 1481751.60116152 1378775.96042    1287088.38021501
 1206446.41490968 1136294.34871693 1077397.77949518 1029702.90887025
  992421.19811139  965048.79286988]",,,,5821860.879637426
154,7246,7002966.0,17.572729,17.647511,18.375618,824.54602,824.53778-824.55427,620561517.2393737,28599032.116882324,85,1456179.1039456911,5.1,27194077.368861277,95.1,[2.08],"[301.2173, 327.233]",[301.21793],[100.0],"[17.572729 17.581803 17.591499 17.600755 17.610389 17.619899 17.628978
 17.638274 17.647511 17.656853 17.666171 17.675257 17.68482  17.694299
 17.703732 17.712972 17.722029 17.731276 17.740542 17.750109 17.759377
 17.768454 17.777656 17.78693  17.796754 17.806234 17.815327 17.824539
 17.834184 17.843717 17.853083 17.862657 17.871926 17.88151  17.891433
 17.901185 17.910434 17.919888 17.929222 17.93912  17.94887  17.958166
 17.967632 17.976943 17.98696  17.996164 18.005501 18.0152   18.024545
 18.034291 18.044126 18.053484 18.062841 18.072255 18.082143 18.091632
 18.10103  18.110479 18.119965 18.129517 18.138951 18.148402 18.157832
 18.167321 18.176825 18.186238 18.195597 18.204956 18.214646 18.22432
 18.233841 18.243351 18.252634 18.26209  18.271514 18.280918 18.290631
 18.30015  18.30957  18.318684 18.328123 18.337829 18.347082 18.356495
 18.36562  18.375618]","[26853156.97764598 27025205.13671417 27259058.31814808 27539506.86699437
 27844442.84843736 28133674.98216572 28375581.85318213 28535796.17367548
 28597573.93699033 28559163.81927664 28406588.12012707 28168385.02673759
 27848612.89844714 27456064.28549996 27002297.4417761  26497883.25888493
 25940193.5121896  25340122.06509545 24688771.20763455 23990170.04372929
 23248531.8875094  22469635.72609611 21665590.52820077 20846660.5686553
 20026106.95921738 19228371.19032863 18454105.78308865 17728544.13575514
 17045493.70233453 16401101.89824228 15782768.83754552 15187113.79091329
 14600317.24950064 14040617.74001221 13512355.09573395 13024245.34411734
 12572634.80091818 12152736.75242184 11760367.0279054  11396290.70587916
 11056539.52117632 10741744.9037562  10442897.90961451 10157272.6497431
  9877174.90905006  9602424.09061878  9329640.51013488  9061455.93308239
  8789692.70550215  8515197.91184493  8240372.34453029  7963902.75245778
  7690361.67000887  7414543.05331594  7134027.03159637  6850894.89133014
  6570314.52359772  6288878.80297459  6010864.96211564  5733840.61609048
  5452897.76225982  5170925.11989917  4885909.12679404  4602969.05145904
  4320916.39615041  4043554.9824379   3770755.40156689  3503342.66672834
  3246296.35593758  3002957.10043123  2774583.51321184  2563388.74608497
  2373783.5775496   2205086.5940813   2057296.8836143   1929726.23292033
  1819193.42418298  1725450.65946429  1646259.78572948  1580537.7493259
  1524582.11687355  1477369.2862792   1436783.62181452  1402595.48392728
  1374748.9990046   1353679.26019168]",,,,28597573.93699033
155,7102,24302250.0,16.86822,17.257138,17.572729,824.54614,824.5379-824.55439,1752302438.6268845,85013058.48669434,73,84019846.81101027,98.8,57863588.36765254,68.1,[0.66],"[301.2173, 327.233]",[301.2175],[100.0],"[16.86822  16.878203 16.888385 16.898205 16.908788 16.91839  16.928448
 16.938637 16.948461 16.959074 16.968587 16.978368 16.988768 16.998365
 17.008495 17.017815 17.027998 17.038598 17.048183 17.057791 17.067213
 17.077073 17.08732  17.096638 17.106036 17.115286 17.125149 17.134959
 17.144065 17.153276 17.1624   17.171844 17.182009 17.191149 17.200236
 17.209355 17.219209 17.229301 17.238734 17.247871 17.257138 17.266919
 17.276999 17.286476 17.295698 17.304856 17.314578 17.324807 17.334286
 17.343387 17.352535 17.362434 17.372662 17.382003 17.39106  17.400384
 17.410476 17.420573 17.429942 17.439138 17.448507 17.458334 17.468353
 17.477994 17.487184 17.496691 17.505975 17.51608  17.525637 17.534702
 17.544368 17.553615 17.563269 17.572729]","[  941876.47181702   963712.36651319   999027.42157837  1050828.20013708
  1122474.73009891  1218425.61364597  1342349.29101636  1498454.85257781
  1692504.33357616  1928933.81634925  2213973.0027835   2555844.92343546
  2961855.14364938  3447855.34208282  4031196.97164927  4745032.37859819
  5629999.87777559  6750537.06298338  8182969.29561929 10025791.49753144
 12383587.58842596 15356617.65344985 19026446.48032002 23454154.53174623
 28606824.51774524 34402318.69933797 40646535.5440096  47110068.19982084
 53480380.11498855 59504460.28687152 64917370.69310607 69560631.33219919
 73379821.31819987 76453905.18335414 78850937.424553   80733429.06635623
 82226046.56826468 83371458.4256269  84221257.21884817 84772339.39151317
 85004983.20069718 84920460.27785923 84544752.34613265 83913889.62492338
 83005062.10621245 81864407.60484928 80475587.57609658 78814767.49250479
 76904828.15428355 74815904.87597518 72528238.59778386 70068690.07922179
 67502192.98104054 64840072.76138327 62167849.79055096 59511347.54083366
 56903700.92516928 54304789.68377671 51729131.20825966 49187474.72625235
 46660196.02927002 44169430.58835156 41736716.58785674 39364383.25596286
 37091718.28820632 34983807.39717896 33094544.54481864 31455919.96637943
 30097973.25852777 29018709.35951237 28202664.19500833 27610904.68114064
 27216411.84707088 26964469.85539866]",,,,85004983.20069718
156,9847,496023.28,23.504091,23.892866,25.057762,824.58167,824.57342-824.58991,48972621.53412682,1963347.0320472717,158,1855550.141727027,94.5,1937716.7678655803,98.7,[0.46],"[301.2173, 327.233]",[301.21744],[100.0],"[23.284091 23.294091 23.304091 23.314091 23.324091 23.334091 23.344091
 23.354091 23.364091 23.374091 23.384091 23.394091 23.404091 23.414091
 23.424091 23.434091 23.444091 23.454091 23.464091 23.474091 23.484091
 23.494091 23.504091 23.513964 23.523562 23.532799 23.542223 23.552005
 23.5615   23.571341 23.580782 23.590261 23.600033 23.609994 23.619973
 23.629923 23.639368 23.648883 23.658997 23.669045 23.678479 23.688023
 23.697637 23.707596 23.717819 23.727778 23.737358 23.746863 23.756987
 23.7668   23.776759 23.786359 23.795759 23.805614 23.815533 23.825311
 23.834789 23.844198 23.854027 23.864001 23.873638 23.883292 23.892866
 23.90244  23.912094 23.921731 23.931705 23.941534 23.950943 23.960421
 23.970199 23.980118 23.989973 23.999373 24.008973 24.018932 24.028745
 24.038869 24.048374 24.057954 24.067913 24.078136 24.088095 24.097709
 24.107253 24.116687 24.126735 24.136849 24.146364 24.155809 24.165759
 24.175738 24.185699 24.195471 24.20495  24.214391 24.224232 24.233727
 24.243509 24.252933 24.26217  24.271768 24.281641 24.291641 24.301641
 24.311641 24.321641 24.331641 24.341641 24.351641 24.361641 24.371641
 24.381641 24.391641 24.401641 24.411641 24.421641 24.431641 24.441641
 24.451641 24.461641 24.471641 24.481641 24.491641 24.501641]","[9.07602429e+01 1.24946072e+02 1.71117521e+02 2.33137033e+02
 3.15989728e+02 4.26068648e+02 5.71519570e+02 7.62653991e+02
 1.01243908e+03 1.33707316e+03 1.75665451e+03 2.29595013e+03
 2.98526894e+03 3.86144085e+03 4.96889964e+03 6.36086206e+03
 8.10058986e+03 1.02627140e+04 1.29345915e+04 1.62176576e+04
 2.02287221e+04 2.51011538e+04 1.10625686e+05 1.10372521e+05
 1.11049621e+05 1.13037551e+05 1.16949657e+05 1.22922085e+05
 1.31201575e+05 1.42059157e+05 1.55370755e+05 1.71497456e+05
 1.90603122e+05 2.13058648e+05 2.39033397e+05 2.69269975e+05
 3.04585578e+05 3.45682030e+05 3.93012511e+05 4.46957400e+05
 5.07467432e+05 5.73252473e+05 6.43358335e+05 7.16905770e+05
 7.93789361e+05 8.73381004e+05 9.56206924e+05 1.04203898e+06
 1.13074534e+06 1.22064514e+06 1.30998092e+06 1.39754096e+06
 1.48193981e+06 1.56332387e+06 1.64057288e+06 1.71199137e+06
 1.77682612e+06 1.83344867e+06 1.88046470e+06 1.91734687e+06
 1.94325021e+06 1.95866836e+06 1.96344598e+06 1.97529529e+06
 1.94947983e+06 1.91478202e+06 1.87000048e+06 1.81768582e+06
 1.76068440e+06 1.69716596e+06 1.62606923e+06 1.54911199e+06
 1.46880853e+06 1.38954964e+06 1.30681385e+06 1.22000073e+06
 1.13437440e+06 1.04682789e+06 9.66102372e+05 8.86817948e+05
 8.07198754e+05 7.28982584e+05 6.56644948e+05 5.90737569e+05
 5.29335954e+05 4.72714371e+05 4.16928191e+05 3.65482192e+05
 3.21331007e+05 2.81469423e+05 2.43589381e+05 2.09633248e+05
 1.79531238e+05 1.53434482e+05 1.31127495e+05 1.11615375e+05
 9.38966753e+04 7.90944141e+04 6.59573544e+04 5.51095355e+04
 4.60039564e+04 3.79542141e+04 3.09858799e+04 2.51011538e+04
 2.02287221e+04 1.62176576e+04 1.29345915e+04 1.02627140e+04
 8.10058986e+03 6.36086206e+03 4.96889964e+03 3.86144085e+03
 2.98526894e+03 2.29595013e+03 1.75665451e+03 1.33707316e+03
 1.01243908e+03 7.62653991e+02 5.71519570e+02 4.26068648e+02
 3.15989728e+02 2.33137033e+02 1.71117521e+02 1.24946072e+02
 9.07602429e+01]",1,0.998214552134988,,1975295.2892931593
157,9368,376931.19,22.215949,22.721058,23.504091,824.58228,824.57403-824.59052,39645186.34332259,1658612.1186523438,136,1551086.7633265464,93.5,1550522.5161374027,93.5,[1.97],"[301.2173, 327.233]",[301.21671],[16.27011],"[21.905949 21.915949 21.925949 21.935949 21.945949 21.955949 21.965949
 21.975949 21.985949 21.995949 22.005949 22.015949 22.025949 22.035949
 22.045949 22.055949 22.065949 22.075949 22.085949 22.095949 22.105949
 22.115949 22.125949 22.135949 22.145949 22.155949 22.165949 22.175949
 22.185949 22.195949 22.205949 22.215949 22.22612  22.235589 22.246147
 22.255871 22.265489 22.275983 22.285416 22.295752 22.30527  22.314554
 22.324478 22.333958 22.343909 22.353653 22.362697 22.372214 22.382134
 22.391917 22.401231 22.410261 22.419917 22.429932 22.439598 22.448706
 22.45785  22.467483 22.477262 22.486839 22.49605  22.505186 22.514853
 22.5242   22.533644 22.542866 22.552025 22.561747 22.571419 22.58112
 22.590372 22.599471 22.608956 22.618567 22.627875 22.637209 22.646411
 22.655853 22.665252 22.674483 22.683883 22.693031 22.70249  22.711824
 22.721058 22.730292 22.739626 22.749085 22.758233 22.767633 22.776864
 22.786263 22.795705 22.804907 22.814241 22.823549 22.83316  22.842645
 22.851744 22.860996 22.870697 22.880369 22.890091 22.89925  22.908472
 22.917916 22.927263 22.93693  22.946066 22.955277 22.964854 22.974633
 22.984266 22.99341  23.002518 23.012184 23.022199 23.031855 23.040885
 23.050199 23.059982 23.069902 23.079419 23.088463 23.098207 23.108158
 23.117638 23.127562 23.136846 23.146364 23.1567   23.166133 23.176627
 23.186245 23.195969 23.206527 23.215996 23.226167 23.236167 23.246167
 23.256167 23.266167 23.276167 23.286167 23.296167 23.306167 23.316167
 23.326167 23.336167 23.346167 23.356167 23.366167 23.376167 23.386167
 23.396167 23.406167 23.416167 23.426167 23.436167 23.446167 23.456167
 23.466167 23.476167 23.486167 23.496167 23.506167 23.516167 23.526167
 23.536167]","[9.80344695e+01 1.19347297e+02 1.45018807e+02 1.75879018e+02
 2.12902959e+02 2.57233378e+02 3.10206509e+02 3.73381203e+02
 4.48571788e+02 5.37884986e+02 6.43761275e+02 7.69021063e+02
 9.16916065e+02 1.09118626e+03 1.29612282e+03 1.53663735e+03
 1.81833783e+03 2.14761151e+03 2.53171510e+03 2.97887240e+03
 3.49837959e+03 4.10071816e+03 4.79767552e+03 5.60247314e+03
 6.52990186e+03 7.59646403e+03 8.82052181e+03 1.02224508e+04
 1.18247984e+04 1.36524444e+04 1.57327648e+04 1.01778125e+05
 1.03887397e+05 1.07287134e+05 1.12059007e+05 1.18013459e+05
 1.24657147e+05 1.31561003e+05 1.37906983e+05 1.43223671e+05
 1.47706918e+05 1.51335203e+05 1.54615410e+05 1.57736200e+05
 1.60802206e+05 1.64033323e+05 1.67445787e+05 1.71229197e+05
 1.75862459e+05 1.81876270e+05 1.89138774e+05 1.98033320e+05
 2.08279036e+05 2.19859317e+05 2.33036765e+05 2.47339256e+05
 2.63230327e+05 2.80668642e+05 3.00393723e+05 3.22898021e+05
 3.48769965e+05 3.78192002e+05 4.12578576e+05 4.51815445e+05
 4.96861972e+05 5.47775966e+05 6.04589025e+05 6.66069888e+05
 7.32655096e+05 8.02493626e+05 8.75780170e+05 9.50952352e+05
 1.02564754e+06 1.09957473e+06 1.17312720e+06 1.24734919e+06
 1.32260112e+06 1.39610881e+06 1.46504871e+06 1.52627876e+06
 1.57613474e+06 1.61369876e+06 1.63955739e+06 1.65458761e+06
 1.65841836e+06 1.73817019e+06 1.66510180e+06 1.59150814e+06
 1.52097748e+06 1.44936508e+06 1.38007436e+06 1.31075121e+06
 1.24252307e+06 1.17753441e+06 1.11326089e+06 1.05093292e+06
 9.88532961e+05 9.28990692e+05 8.73845227e+05 8.19809488e+05
 7.65403280e+05 7.13488041e+05 6.63667293e+05 6.18904760e+05
 5.75959454e+05 5.34175058e+05 4.94981921e+05 4.56674306e+05
 4.22512268e+05 3.90032023e+05 3.58295446e+05 3.27964537e+05
 3.00066436e+05 2.75335479e+05 2.52331068e+05 2.29621203e+05
 2.07856808e+05 1.88489031e+05 1.71738730e+05 1.55767550e+05
 1.40340576e+05 1.26023600e+05 1.13464148e+05 1.02527762e+05
 9.17624378e+04 8.17823180e+04 7.31583031e+04 6.49844895e+04
 5.80685671e+04 5.16541525e+04 4.54001153e+04 4.02845792e+04
 3.51982918e+04 3.10457693e+04 2.72966504e+04 2.36887613e+04
 2.08231393e+04 1.80957940e+04 1.57327648e+04 1.36524444e+04
 1.18247984e+04 1.02224508e+04 8.82052181e+03 7.59646403e+03
 6.52990186e+03 5.60247314e+03 4.79767552e+03 4.10071816e+03
 3.49837959e+03 2.97887240e+03 2.53171510e+03 2.14761151e+03
 1.81833783e+03 1.53663735e+03 1.29612282e+03 1.09118626e+03
 9.16916065e+02 7.69021063e+02 6.43761275e+02 5.37884986e+02
 4.48571788e+02 3.73381203e+02 3.10206509e+02 2.57233378e+02
 2.12902959e+02 1.75879018e+02 1.45018807e+02 1.19347297e+02
 9.80344695e+01]",1,0.9836880737880475,,1738170.188145501
158,5915,265348.12,14.097699,14.416664,14.676087,826.56171,826.55344-826.56997,11301192.377716893,992305.8386878967,58,991211.1989442209,99.9,991211.1989442209,99.9,[1.88],"[301.2173, 327.233]",[301.21786],[100.0],"[14.076402 14.086402 14.096402 14.106402 14.116402 14.126402 14.136402
 14.146402 14.156402 14.166402 14.166402 14.176106 14.185918 14.195951
 14.205796 14.215025 14.224486 14.233826 14.24415  14.253885 14.263025
 14.272907 14.282311 14.292451 14.301888 14.3112   14.3211   14.330473
 14.340692 14.350035 14.359407 14.368772 14.378846 14.388693 14.397908
 14.407262 14.416664 14.426066 14.43542  14.444635 14.454482 14.464556
 14.473921 14.483293 14.492636 14.502855 14.512228 14.522128 14.53144
 14.540877 14.551017 14.560421 14.570303 14.579443 14.589178 14.599502
 14.608842 14.618303 14.627532 14.637377 14.64741  14.657222 14.666926
 14.666926 14.676926 14.686926 14.696926 14.706926 14.716926 14.726926
 14.736926 14.746926 14.756926 14.766926]","[1.57600908e+02 2.59362665e+02 4.20643683e+02 6.72325288e+02
 1.05901640e+03 1.64393293e+03 2.51491705e+03 3.79159029e+03
 5.63348711e+03 8.24881137e+03 8.24881137e+03 1.17771506e+04
 1.66470858e+04 2.33726514e+04 3.21448096e+04 4.27830752e+04
 5.66170596e+04 7.37052293e+04 9.72031424e+04 1.24398102e+05
 1.54856291e+05 1.93555272e+05 2.36180605e+05 2.88512466e+05
 3.42926139e+05 4.01519427e+05 4.68281773e+05 5.34593727e+05
 6.08672043e+05 6.76263814e+05 7.42043222e+05 8.03800133e+05
 8.63546764e+05 9.13065378e+05 9.49715970e+05 9.75968307e+05
 9.91211199e+05 9.77937778e+05 9.51137397e+05 9.11961925e+05
 8.62408766e+05 8.04181404e+05 7.39854443e+05 6.72015429e+05
 6.02810277e+05 5.33958958e+05 4.67861391e+05 4.04889197e+05
 3.46406391e+05 2.92928857e+05 2.44005285e+05 2.00296767e+05
 1.61704393e+05 1.27390785e+05 9.70039412e+04 7.06765430e+04
 4.85262116e+04 3.10949095e+04 1.83882714e+04 9.78001326e+03
 4.67462380e+03 1.81407797e+03 5.31417184e+02 8.24881137e+03
 5.63348711e+03 3.79159029e+03 2.51491705e+03 1.64393293e+03
 1.05901640e+03 6.72325288e+02 4.20643683e+02 2.59362665e+02
 1.57600908e+02 9.43774277e+01]",1,0.9996505169111454,,991211.1989442209
159,6576,241974.45,15.651506,15.979962,16.62048,828.51923,828.51094-828.52751,12649897.766871938,839196.1462020874,101,831631.9339293636,99.1,815604.8701412108,97.2,[1.4],"[301.2173, 327.233]",[327.23346],[93.93765],"[15.621506 15.631506 15.641506 15.651506 15.660518 15.670707 15.680369
 15.689961 15.698987 15.707981 15.718026 15.727893 15.737253 15.746954
 15.755932 15.765228 15.774527 15.783969 15.793078 15.802086 15.811286
 15.82074  15.830336 15.83946  15.848477 15.857755 15.867303 15.876908
 15.886085 15.895125 15.904679 15.914452 15.923745 15.932966 15.942019
 15.951729 15.961074 15.97032  15.979962 15.989604 15.99885  16.008195
 16.017905 16.026958 16.036179 16.045472 16.055245 16.064799 16.073839
 16.083016 16.092621 16.102169 16.111447 16.120464 16.129588 16.139184
 16.148638 16.157838 16.166846 16.175955 16.185397 16.194696 16.203992
 16.21297  16.222671 16.232031 16.241898 16.251943 16.260937 16.269963
 16.279555 16.289217 16.299406 16.308418 16.318418 16.328418 16.338418]","[6.55018436e+01 1.07719254e+02 1.74795247e+02 2.89200855e+03
 5.19970424e+03 8.51825066e+03 1.27431013e+04 1.76574490e+04
 2.28744576e+04 2.80435414e+04 3.29629184e+04 3.75914222e+04
 4.18768076e+04 4.58848599e+04 4.97500834e+04 5.33221488e+04
 5.73577533e+04 6.20810368e+04 6.87714819e+04 7.78305973e+04
 9.04237246e+04 1.06743441e+05 1.27450921e+05 1.52652289e+05
 1.82531027e+05 2.18113381e+05 2.59857810e+05 3.08108169e+05
 3.62525914e+05 4.22620440e+05 4.87042474e+05 5.52947065e+05
 6.18167078e+05 6.78751854e+05 7.32738044e+05 7.76450543e+05
 8.09088228e+05 8.29629264e+05 8.38649666e+05 8.36815655e+05
 8.03317763e+05 7.61927503e+05 7.12317563e+05 6.61428824e+05
 6.06464806e+05 5.49340211e+05 4.88934948e+05 4.30959363e+05
 3.78175155e+05 3.27520610e+05 2.78379142e+05 2.33963004e+05
 1.95309761e+05 1.62076448e+05 1.32724678e+05 1.06287487e+05
 8.43750602e+04 6.66284992e+04 5.22982092e+04 4.04898025e+04
 3.06943749e+04 2.30959965e+04 1.71806069e+04 1.27695399e+04
 9.15538200e+03 6.56265997e+03 4.56190253e+03 3.10855811e+03
 2.17988182e+03 1.51021529e+03 1.01033977e+03 6.65616135e+02
 4.22888034e+02 2.79873882e+02 1.74795247e+02 1.07719254e+02
 6.55018436e+01]",1,0.9956971142927884,,838649.6660265134
160,4434,3445109.5,10.49793,10.83276,11.478646,828.51971,828.51143-828.528,142455119.87723228,13402588.587646484,96,13404608.525509002,100.0,13391831.303169867,99.9,[1.67],"[301.2173, 327.233]",[301.2178],[100.0],"[10.331445 10.341748 10.352016 10.361687 10.372052 10.382208 10.392916
 10.403522 10.413806 10.424468 10.434824 10.445778 10.456335 10.467058
 10.477241 10.487741 10.498678 10.509266 10.519954 10.530964 10.541327
 10.551696 10.562269 10.57311  10.583996 10.594294 10.604613 10.615292
 10.62618  10.636487 10.646796 10.657146 10.667765 10.678331 10.688614
 10.698744 10.709061 10.719461 10.729988 10.740452 10.750409 10.760445
 10.77087  10.781343 10.791685 10.801796 10.811996 10.822462 10.83276
 10.843058 10.853524 10.863724 10.873835 10.884177 10.89465  10.905075
 10.915111 10.925068 10.935532 10.946059 10.956459 10.966776 10.976906
 10.987189 10.997755 11.008374 11.018724 11.029033 11.03934  11.050228
 11.060907 11.071226 11.081524 11.09241  11.103251 11.113824 11.124193
 11.134556 11.145566 11.156254 11.166842 11.177779 11.188279 11.198462
 11.209185 11.219742 11.230696 11.241052 11.251714 11.261998 11.272604
 11.283312 11.293468 11.303833 11.313504 11.323772 11.334075 11.34398
 11.354128 11.36364  11.372689 11.382747 11.392647 11.402431 11.411986
 11.420821 11.430855 11.440584 11.450493 11.459791 11.46876  11.478646]","[1.21552462e+02 1.82886152e+02 2.72859210e+02 3.95187694e+02
 5.83723015e+02 8.49529546e+02 1.25249230e+03 1.82597337e+03
 2.61297023e+03 3.76065502e+03 5.31746287e+03 7.61122616e+03
 1.06726881e+04 1.49313676e+04 2.03939373e+04 2.79238320e+04
 3.84358148e+04 5.19722241e+04 6.99444827e+04 9.42246418e+04
 1.23812816e+05 1.61556556e+05 2.10355056e+05 2.73607180e+05
 3.53470614e+05 4.47110120e+05 5.61830347e+05 7.06336196e+05
 8.85044615e+05 1.08775393e+06 1.32751076e+06 1.60988677e+06
 1.94763369e+06 2.33650788e+06 2.76953765e+06 3.25204323e+06
 3.80312213e+06 4.42133405e+06 5.11184033e+06 5.86199638e+06
 6.63269592e+06 7.46202476e+06 8.37374661e+06 9.33353799e+06
 1.03149754e+07 1.12960771e+07 1.22952251e+07 1.33160476e+07
 1.34047932e+07 1.32176857e+07 1.27027647e+07 1.19159032e+07
 1.09284412e+07 9.81613437e+06 8.65195423e+06 7.50167897e+06
 6.41699167e+06 5.43770344e+06 4.58344234e+06 3.86242101e+06
 3.27209728e+06 2.80026576e+06 2.42994660e+06 2.13972187e+06
 1.90860256e+06 1.72033694e+06 1.56079589e+06 1.41988633e+06
 1.29179175e+06 1.17338898e+06 1.06313732e+06 9.59148962e+05
 8.62058194e+05 7.71864074e+05 6.89337135e+05 6.14716575e+05
 5.48740984e+05 4.91076071e+05 4.41010493e+05 3.97144964e+05
 3.57930827e+05 3.23145180e+05 2.92310265e+05 2.65046220e+05
 2.41742445e+05 2.21826458e+05 2.05386029e+05 1.91889596e+05
 1.80865327e+05 1.71830715e+05 1.64590871e+05 1.58556555e+05
 1.53283810e+05 1.48040271e+05 1.42004947e+05 1.34680958e+05
 1.25840779e+05 1.15657554e+05 1.04577028e+05 9.29696457e+04
 8.13986739e+04 7.05521346e+04 6.07054929e+04 5.19606391e+04
 4.42050684e+04 3.69579896e+04 3.00295096e+04 2.32673582e+04
 1.70469985e+04 1.16934443e+04 7.45987769e+03 4.35949324e+03]",1,0.9919662594369423,,13404793.158616409
161,8072,117501.17,19.247601,19.543785,19.896834,830.49615,830.48785-830.50446,10898724.002276752,562435.5269813538,66,562402.4352290186,100.0,400382.30013265443,71.2,[3.27],"[301.2173, 327.233]",[327.23407],[67.06534],"[19.2668   19.276156 19.286336 19.29619  19.305634 19.315262 19.324667
 19.334757 19.344177 19.353826 19.363669 19.373106 19.3829   19.392158
 19.401501 19.411303 19.420902 19.430333 19.439578 19.448897 19.458455
 19.468412 19.477965 19.487158 19.496328 19.506162 19.515702 19.525438
 19.534607 19.543785 19.553735 19.563256 19.572763 19.581945 19.591135
 19.601043 19.610562 19.620046 19.629254 19.638432 19.648302 19.657986
 19.667444 19.676663 19.685863 19.695739 19.705743 19.715403 19.724624
 19.733868 19.743745 19.753859 19.763417 19.77273  19.782036 19.791672
 19.801424 19.810867 19.820211 19.829542 19.839456 19.849074 19.858639
 19.868016 19.877374 19.887155 19.896834]","[7.65354079e+01 3.29543784e+02 9.25229295e+02 2.01594154e+03
 3.92814803e+03 6.87747995e+03 1.11277630e+04 1.68463188e+04
 2.40936486e+04 3.32290893e+04 4.43806863e+04 5.81784467e+04
 7.50617707e+04 9.54834135e+04 1.19758174e+05 1.47859350e+05
 1.80019639e+05 2.15604015e+05 2.54891370e+05 2.96790158e+05
 3.40286413e+05 3.83415631e+05 4.24595361e+05 4.62198342e+05
 4.94692591e+05 5.20861376e+05 5.40390138e+05 5.53377481e+05
 5.60298521e+05 5.62402435e+05 5.60675217e+05 5.56326405e+05
 5.50375989e+05 5.43159526e+05 5.35368811e+05 5.26857440e+05
 5.17917626e+05 5.08212346e+05 4.97629679e+05 4.85820141e+05
 4.72521717e+05 4.57280683e+05 4.40354267e+05 4.22225209e+05
 4.03112089e+05 3.84156157e+05 3.65364412e+05 3.47421421e+05
 3.29751171e+05 3.12549753e+05 2.95513101e+05 2.78810882e+05
 2.62785935e+05 2.47966049e+05 2.34709170e+05 2.22950523e+05
 2.12503125e+05 2.03317489e+05 1.95406318e+05 1.88643689e+05
 1.82440903e+05 1.76673613e+05 1.70964702e+05 1.65676068e+05
 1.60941026e+05 1.57253702e+05 1.54572637e+05]",,,,562402.4352290186
162,3300,213290.69,7.4372728,7.9616425,8.2762808,830.49658,830.48828-830.50489,12328569.74663795,474728.557400465,84,435568.8183253673,91.8,293917.82473859435,61.9,[4.41],"[301.2173, 327.233]",[301.21863],[11.37577],"[7.4372728 7.4474516 7.4566736 7.4663912 7.4755609 7.4851745 7.4954049
 7.5048157 7.514374  7.5236437 7.5335824 7.5439636 7.5534479 7.5632229
 7.5731803 7.5835924 7.5938558 7.6033375 7.6130958 7.6230062 7.6332799
 7.6435329 7.6529933 7.6627609 7.6725507 7.6829068 7.6926153 7.7020038
 7.7111966 7.7209053 7.7313329 7.7417303 7.7511116 7.7610017 7.7708484
 7.781425  7.7919053 7.8013636 7.811363  7.8212282 7.8312225 7.8417714
 7.8513053 7.8613104 7.8713084 7.8812709 7.8917695 7.9012987 7.9111938
 7.9216309 7.9322821 7.9422268 7.9516053 7.9616425 7.972005  7.9821751
 7.9926402 8.0021226 8.0125433 8.0229168 8.0330256 8.043586  8.0529684
 8.0633862 8.073658  8.0842279 8.0944035 8.1039362 8.1144292 8.1248529
 8.135272  8.1453626 8.1547512 8.1647346 8.1749768 8.1855143 8.1954768
 8.2052467 8.2150647 8.2254456 8.2360008 8.2457842 8.2557105 8.2658179
 8.2762808]","[ 40517.23169407  40169.68539716  40193.85710113  40485.705512
  41032.76747523  41814.52130692  42762.43242887  44045.14912406
  45761.26946382  48094.34276002  50830.47149041  53956.80260837
  57333.49792484  61037.7569389   65208.88643076  69921.82129047
  75565.9891237   81864.41878453  89012.86195355  96605.72327281
 104697.18409584 113252.31480058 122073.96883471 130919.9619898
 139695.58874557 148202.80389027 156496.25233744 164719.93743284
 173340.98923789 182347.34357241 191577.47661564 201053.38025571
 210742.27087231 220656.44868492 230963.07661323 241674.19769
 253407.07396583 266095.91982213 280145.39816587 295269.91578974
 311722.5430065  328716.74628487 346210.14202465 363139.81650363
 379532.76101457 394879.7183226  409450.07725402 423410.47676091
 436684.4871522  448832.4248239  459100.15037232 466790.69055829
 471904.45454291 474383.57223041 474366.53822245 472213.7080425
 468060.81658375 461607.63522908 453453.63364521 443542.83346858
 432649.16803801 420716.24307745 408145.6149403  394743.33731855
 380595.39181995 365679.96980705 350349.91009367 335030.61969783
 320008.87660474 305743.98759235 291890.12581681 279067.43658718
 267567.4063357  257340.70147148 248185.48173038 239439.6702319
 230548.72580153 221297.6586605  211971.09794075 203308.98304397
 196118.49184052 190833.46792011 187577.37287124 185985.55946761
 185536.48395536]",,,,474383.5722304051
163,5204,199410.36,12.524668,12.69778,13.231054,830.53552,830.52722-830.54383,9174522.454251887,830862.0292282104,74,777869.8994654156,93.6,827383.0299311425,99.6,[5.82],"[301.2173, 327.233]",[301.21555],[11.03079],"[12.424668 12.434668 12.444668 12.454668 12.464668 12.474668 12.484668
 12.494668 12.504668 12.514668 12.524668 12.5343   12.543988 12.553495
 12.562929 12.57252  12.582015 12.592088 12.601414 12.610902 12.620385
 12.63011  12.640355 12.649717 12.659088 12.669133 12.679095 12.688644
 12.69778  12.706916 12.716465 12.726427 12.736472 12.745843 12.755205
 12.76545  12.775175 12.784658 12.794146 12.803472 12.813545 12.82304
 12.832631 12.842065 12.851572 12.86126  12.870892 12.880892 12.890892
 12.900892 12.910892 12.920892 12.930892 12.940892 12.950892 12.960892
 12.970892]","[8.82793997e+01 1.68667826e+02 3.14708072e+02 5.73437749e+02
 1.02039292e+03 1.77317399e+03 3.00910975e+03 4.98686332e+03
 8.07085718e+03 1.27560032e+04 5.26413532e+04 5.54213834e+04
 6.14763676e+04 7.22330620e+04 8.89063893e+04 1.13029618e+05
 1.45525260e+05 1.87445313e+05 2.39247114e+05 3.01009774e+05
 3.71605234e+05 4.49006493e+05 5.29760959e+05 6.09569019e+05
 6.83759967e+05 7.47467398e+05 7.95731823e+05 8.24167416e+05
 8.30663444e+05 8.24764504e+05 7.90296584e+05 7.38654059e+05
 6.73752437e+05 6.05162180e+05 5.32424984e+05 4.51915816e+05
 3.77982345e+05 3.10769209e+05 2.50087658e+05 1.97844363e+05
 1.50086924e+05 1.13156791e+05 8.32440997e+04 6.02515133e+04
 4.25818898e+04 2.92440511e+04 1.96884867e+04 1.27560032e+04
 8.07085718e+03 4.98686332e+03 3.00910975e+03 1.77317399e+03
 1.02039292e+03 5.73437749e+02 3.14708072e+02 1.68667826e+02
 8.82793997e+01]",1,0.9980449425492213,,830663.4444095069
164,6227,390765.12,14.911016,15.181213,15.755932,832.55048,832.54215-832.5588,27626579.594907716,1813966.25107193,88,1718605.3749080095,94.7,1803630.5494082267,99.4,[2.99],"[301.2173, 327.233]",[327.23398],[100.0],"[14.486494 14.496494 14.506494 14.516494 14.526494 14.536494 14.546494
 14.556494 14.566494 14.576494 14.586494 14.596494 14.606494 14.606494
 14.615472 14.625173 14.634533 14.6444   14.654445 14.663439 14.672465
 14.682057 14.691719 14.701908 14.71092  14.720592 14.729623 14.739493
 14.749136 14.758106 14.767959 14.777344 14.787499 14.797055 14.80629
 14.815969 14.825328 14.835487 14.845021 14.854534 14.864307 14.874027
 14.883567 14.893088 14.902603 14.912323 14.921992 14.931481 14.941028
 14.950952 14.960609 14.969966 14.979314 14.989139 14.99902  15.008781
 15.018141 15.027562 15.03723  15.047096 15.057032 15.066423 15.075827
 15.085303 15.094987 15.104971 15.114394 15.123837 15.133275 15.142727
 15.152441 15.16192  15.171835 15.181213 15.190591 15.200506 15.209985
 15.219699 15.229151 15.238589 15.248032 15.257455 15.267439 15.277123
 15.286599 15.296003 15.305394 15.31533  15.325196 15.334864 15.344285
 15.353645 15.363406 15.373287 15.383112 15.39246  15.401817 15.411474
 15.421398 15.430945 15.440434 15.450103 15.459823 15.469338 15.478859
 15.488399 15.498119 15.507892 15.517405 15.526939 15.537098 15.546457
 15.556136 15.565371 15.574927 15.585082 15.594467 15.60432  15.61329
 15.622933 15.632803 15.641834 15.651506 15.660518 15.670707 15.680369
 15.689961 15.698987 15.707981 15.718026 15.727893 15.737253 15.746954
 15.755932 15.755932 15.765932 15.775932 15.785932 15.795932 15.805932
 15.815932 15.825932 15.835932 15.845932 15.855932 15.865932 15.875932
 15.885932]","[1.13352401e+02 1.41716461e+02 1.76750160e+02 2.19912177e+02
 2.72953510e+02 3.37969908e+02 4.17462363e+02 5.14406639e+02
 6.32332854e+02 7.75416204e+02 9.48579953e+02 1.15761183e+03
 1.40929501e+03 1.40929501e+03 1.67808689e+03 2.02199833e+03
 2.41526277e+03 2.90624828e+03 3.50026348e+03 4.12590315e+03
 4.85665745e+03 5.76313993e+03 6.83197890e+03 8.15458788e+03
 9.51636117e+03 1.12073482e+04 1.30298810e+04 1.53277313e+04
 1.79227689e+04 2.06878331e+04 2.41648948e+04 2.79577478e+04
 3.26567204e+04 3.77115367e+04 4.32479238e+04 4.98144503e+04
 5.69875925e+04 6.57897682e+04 7.51126416e+04 8.55440136e+04
 9.75484088e+04 1.10903868e+05 1.25509481e+05 1.41692397e+05
 1.59599821e+05 1.79825056e+05 2.02028129e+05 2.25984039e+05
 2.52398625e+05 2.82473375e+05 3.14455999e+05 3.48145707e+05
 3.84593248e+05 4.26049130e+05 4.71138724e+05 5.19159403e+05
 5.68566558e+05 6.21713410e+05 6.79904162e+05 7.43171619e+05
 8.10908195e+05 8.78665226e+05 9.50157184e+05 1.02586039e+06
 1.10697468e+06 1.19448301e+06 1.28057639e+06 1.37012380e+06
 1.46272605e+06 1.55837109e+06 1.65944848e+06 1.76052100e+06
 1.86848723e+06 1.81348767e+06 1.79752463e+06 1.76127183e+06
 1.70712446e+06 1.63917150e+06 1.55918028e+06 1.47039109e+06
 1.37442832e+06 1.27249000e+06 1.16781581e+06 1.06243576e+06
 9.58893883e+05 8.59523172e+05 7.66536373e+05 6.80809127e+05
 6.03556864e+05 5.34783602e+05 4.75245233e+05 4.24404067e+05
 3.82053209e+05 3.47515148e+05 3.19272262e+05 2.95876195e+05
 2.76088477e+05 2.58688370e+05 2.43172066e+05 2.29044761e+05
 2.16194886e+05 2.04562030e+05 1.94409283e+05 1.85336712e+05
 1.77345974e+05 1.69824591e+05 1.62565749e+05 1.55086310e+05
 1.47368539e+05 1.39439834e+05 1.31653329e+05 1.24141760e+05
 1.17447606e+05 1.11690881e+05 1.06640238e+05 1.01796065e+05
 9.65422416e+04 9.06862743e+04 8.38904594e+04 7.65054273e+04
 6.87329040e+04 6.10877937e+04 5.36075187e+04 4.65488755e+04
 3.99896137e+04 3.38681229e+04 2.81902825e+04 2.30756016e+04
 1.86415983e+04 1.49115643e+04 1.18594729e+04 9.26532701e+03
 7.01590508e+03 5.11295614e+03 1.40929501e+03 1.15761183e+03
 9.48579953e+02 7.75416204e+02 6.32332854e+02 5.14406639e+02
 4.17462363e+02 3.37969908e+02 2.72953510e+02 2.19912177e+02
 1.76750160e+02 1.41716461e+02 1.13352401e+02 9.04463601e+01]",1,0.9873311295468533,,1868487.2300051071
165,5912,265399.34,14.251873,14.416664,14.715324,832.55054,832.54221-832.55886,15459591.648778852,1110865.9827041626,48,766096.244958614,69.0,998825.057961106,89.9,"[7.85, 0.94]","[301.2173, 327.233]","[301.21967, 327.23331]","[15.42024, 84.93296]","[13.898004 13.908004 13.918004 13.928004 13.938004 13.948004 13.958004
 13.968004 13.978004 13.988004 13.998004 14.008004 14.018004 14.028004
 14.038004 14.048004 14.058004 14.068004 14.078004 14.088004 14.098004
 14.108004 14.118004 14.118004 14.127997 14.137686 14.147375 14.157241
 14.166402 14.176106 14.185918 14.195951 14.205796 14.215025 14.224486
 14.233826 14.24415  14.253885 14.263025 14.272907 14.282311 14.292451
 14.301888 14.3112   14.3211   14.330473 14.340692 14.350035 14.359407
 14.368772 14.378846 14.388693 14.397908 14.407262 14.416664 14.426066
 14.43542  14.444635 14.454482 14.464556 14.473921 14.483293 14.492636
 14.502855 14.512228 14.522128 14.53144  14.540877 14.551017 14.560421
 14.570303 14.579443 14.589178 14.599502 14.608842 14.618303 14.627532
 14.637377 14.64741  14.657222 14.666926 14.676087 14.685953 14.695642
 14.705331 14.715324 14.715324 14.725324 14.735324 14.745324 14.755324
 14.765324 14.775324 14.785324 14.795324 14.805324 14.815324 14.825324
 14.835324 14.845324 14.855324 14.865324 14.875324 14.885324 14.895324
 14.905324 14.915324 14.925324 14.935324 14.945324]","[1.11449393e+02 1.53677690e+02 2.10719325e+02 2.87315024e+02
 3.89558545e+02 5.25227625e+02 7.04178584e+02 9.38811699e+02
 1.24461377e+03 1.64078296e+03 2.15093902e+03 2.80391917e+03
 3.63465595e+03 4.68512899e+03 6.00537629e+03 7.65454403e+03
 9.70194601e+03 1.22280951e+04 1.53256602e+04 1.91002918e+04
 2.36712527e+04 2.91717784e+04 3.57490907e+04 3.57490907e+04
 4.35580340e+04 5.24729130e+04 6.28799066e+04 7.51918419e+04
 8.83393268e+04 1.04244358e+05 1.22578821e+05 1.43858153e+05
 1.67403199e+05 1.92011333e+05 2.19902607e+05 2.50171939e+05
 2.86860771e+05 3.24586968e+05 3.62749627e+05 4.06920050e+05
 4.51632438e+05 5.02559340e+05 5.52228734e+05 6.03085448e+05
 6.58771151e+05 7.12598719e+05 7.71955287e+05 8.26287653e+05
 8.80283578e+05 9.33153351e+05 9.88126284e+05 1.03924743e+06
 1.08411870e+06 1.12614139e+06 1.11067393e+06 1.10578055e+06
 1.08771559e+06 1.05776653e+06 1.01788189e+06 9.68463645e+05
 9.12637255e+05 8.52334275e+05 7.89257016e+05 7.25107899e+05
 6.61370822e+05 5.98182356e+05 5.36594182e+05 4.77445798e+05
 4.21728147e+05 3.70822769e+05 3.25733207e+05 2.86907093e+05
 2.53881824e+05 2.25870697e+05 2.02358825e+05 1.82629943e+05
 1.66035103e+05 1.52518254e+05 1.41471983e+05 1.32519866e+05
 1.25567969e+05 1.20068781e+05 1.16008321e+05 1.13151837e+05
 1.11266239e+05 1.10075098e+05 3.57490907e+04 2.91717784e+04
 2.36712527e+04 1.91002918e+04 1.53256602e+04 1.22280951e+04
 9.70194601e+03 7.65454403e+03 6.00537629e+03 4.68512899e+03
 3.63465595e+03 2.80391917e+03 2.15093902e+03 1.64078296e+03
 1.24461377e+03 9.38811699e+02 7.04178584e+02 5.25227625e+02
 3.89558545e+02 2.87315024e+02 2.10719325e+02 1.53677690e+02
 1.11449393e+02 8.03720455e+01]",1,0.9910344642083865,,1126141.3921701442
166,5691,1423420.0,13.547882,13.899586,14.251873,832.55066,832.54233-832.55898,91879841.22510734,7890896.0230407715,72,7883281.602544119,99.9,7538703.918638437,95.5,[1.27],"[301.2173, 327.233]",[301.21768],[100.0],"[13.397299 13.407299 13.417299 13.427299 13.437299 13.447299 13.457299
 13.467299 13.477299 13.487299 13.497299 13.507299 13.517299 13.527299
 13.537299 13.547299 13.547299 13.556913 13.566435 13.576063 13.58612
 13.595781 13.605596 13.615042 13.624842 13.634809 13.644273 13.653936
 13.663325 13.672813 13.682582 13.692103 13.701473 13.710934 13.720328
 13.729881 13.739232 13.748593 13.758036 13.76743  13.776901 13.786238
 13.795597 13.804961 13.814512 13.823872 13.833217 13.842526 13.852354
 13.861676 13.870725 13.880159 13.889596 13.899586 13.909576 13.919013
 13.928447 13.937496 13.946818 13.956646 13.965955 13.9753   13.98466
 13.994211 14.003575 14.012934 14.022271 14.031742 14.041136 14.050579
 14.05994  14.069291 14.078844 14.088238 14.097699 14.107069 14.11659
 14.126359 14.135847 14.145236 14.154899 14.164363 14.17433  14.18413
 14.193576 14.203391 14.213052 14.223109 14.232737 14.242259 14.251873
 14.251873 14.261873 14.271873 14.281873 14.291873 14.301873 14.311873
 14.321873 14.331873 14.341873 14.351873 14.361873 14.371873 14.381873
 14.391873 14.401873 14.411873]","[1.29701169e+02 1.87920639e+02 2.70617554e+02 3.87336422e+02
 5.51025378e+02 7.79122518e+02 1.09494121e+03 1.52941991e+03
 2.12331080e+03 2.92988982e+03 4.01827725e+03 5.47746235e+03
 7.42112580e+03 9.99334953e+03 1.33752914e+04 1.77928828e+04
 1.77928828e+04 2.32759536e+04 3.02022128e+04 3.90829439e+04
 5.08512554e+04 6.51016021e+04 8.31878576e+04 1.04740728e+05
 1.32258223e+05 1.66665815e+05 2.06427021e+05 2.55383183e+05
 3.12340216e+05 3.80726510e+05 4.64144410e+05 5.59855831e+05
 6.69673889e+05 7.98079501e+05 9.44807517e+05 1.11553622e+06
 1.30544074e+06 1.51978981e+06 1.76212335e+06 2.03054124e+06
 2.32983654e+06 2.65379995e+06 3.00764439e+06 3.39071739e+06
 3.81068933e+06 4.24968567e+06 4.71323277e+06 5.19765763e+06
 5.73025706e+06 6.25165115e+06 6.76870894e+06 7.31434852e+06
 7.86135351e+06 7.88328160e+06 7.75627558e+06 7.48843881e+06
 7.09813922e+06 6.61063834e+06 6.05419027e+06 5.46149277e+06
 4.85759042e+06 4.26489582e+06 3.70571758e+06 3.19135436e+06
 2.73304722e+06 2.33406522e+06 1.99657496e+06 1.71626404e+06
 1.48800289e+06 1.30571547e+06 1.16021730e+06 1.04452852e+06
 9.51370685e+05 8.75384798e+05 8.11613371e+05 7.56975156e+05
 7.09334185e+05 6.65331298e+05 6.25592191e+05 5.88733164e+05
 5.54601359e+05 5.22979890e+05 4.93298082e+05 4.65520260e+05
 4.39287304e+05 4.15280859e+05 3.93698527e+05 3.75602801e+05
 3.61480353e+05 3.51698977e+05 3.45976286e+05 1.77928828e+04
 1.33752914e+04 9.99334953e+03 7.42112580e+03 5.47746235e+03
 4.01827725e+03 2.92988982e+03 2.12331080e+03 1.52941991e+03
 1.09494121e+03 7.79122518e+02 5.51025378e+02 3.87336422e+02
 2.70617554e+02 1.87920639e+02 1.29701169e+02 8.89742202e+01]",1,0.9865348760052377,,7883281.602544119
167,5770,1908356.5,13.813652,14.069291,14.753788,834.50879,834.50044-834.51713,93547475.74529295,7862199.286560059,96,7859745.218240553,100.0,7859745.218240553,100.0,[2.24],"[301.2173, 327.233]",[327.23373],[100.0],"[13.354542 13.364542 13.374542 13.384542 13.394542 13.394542 13.404395
 13.413866 13.423258 13.433251 13.44294  13.452629 13.462495 13.471656
 13.48136  13.491172 13.501205 13.51105  13.520279 13.52974  13.53908
 13.549404 13.559139 13.568279 13.578161 13.587565 13.597705 13.607142
 13.616454 13.626354 13.635727 13.645946 13.655289 13.664661 13.674026
 13.6841   13.693947 13.703162 13.712516 13.721918 13.731958 13.741695
 13.750911 13.760279 13.770055 13.780141 13.790118 13.799395 13.809252
 13.818851 13.828831 13.838671 13.847964 13.857809 13.867247 13.876797
 13.886709 13.896323 13.905845 13.915473 13.92553  13.935191 13.945006
 13.954452 13.964252 13.974219 13.983683 13.993346 14.002735 14.012223
 14.021992 14.031513 14.040883 14.050344 14.059738 14.069291 14.078844
 14.088238 14.097699 14.107069 14.11659  14.126359 14.135847 14.145236
 14.154899 14.164363 14.17433  14.18413  14.193576 14.203391 14.213052
 14.223109 14.232737 14.242259 14.251873 14.261785 14.271335 14.280773
 14.290618 14.299911 14.309751 14.319731 14.32933  14.339187 14.348464
 14.358441 14.368527 14.378303 14.387671 14.396887 14.406624 14.416664
 14.426066 14.43542  14.444635 14.454482 14.464556 14.473921 14.483293
 14.492636 14.502855 14.512228 14.522128 14.53144  14.540877 14.551017
 14.560421 14.570303 14.579443 14.589178 14.599502 14.608842 14.618303
 14.627532 14.637377 14.64741  14.657222 14.666926 14.676087 14.685953
 14.695642 14.705331 14.715324 14.724716 14.734187 14.74404  14.74404
 14.75404  14.76404  14.77404  14.78404  14.79404 ]","[1.05918516e+02 1.34672018e+02 1.70833585e+02 2.16201922e+02
 2.72983410e+02 2.72983410e+02 3.42717871e+02 4.25581652e+02
 5.26441691e+02 6.58643544e+02 8.16634956e+02 1.01031714e+03
 1.25199356e+03 1.52479237e+03 1.87486282e+03 2.30547602e+03
 2.84163998e+03 3.48087184e+03 4.20150430e+03 5.08490904e+03
 6.12653863e+03 7.51015371e+03 9.07928112e+03 1.08279644e+04
 1.30708339e+04 1.56023360e+04 1.88405269e+04 2.24070946e+04
 2.65337982e+04 3.16875636e+04 3.74078488e+04 4.47230382e+04
 5.25445741e+04 6.16391044e+04 7.21518061e+04 8.52760857e+04
 1.00180138e+05 1.16241037e+05 1.34907044e+05 1.56369295e+05
 1.82655946e+05 2.11888557e+05 2.43360256e+05 2.79579231e+05
 3.22433156e+05 3.72672378e+05 4.29066535e+05 4.88120135e+05
 5.58570506e+05 6.35556246e+05 7.25219323e+05 8.24130947e+05
 9.27980456e+05 1.05000639e+06 1.17952811e+06 1.32406331e+06
 1.48949245e+06 1.66603091e+06 1.85755850e+06 2.06917546e+06
 2.31068380e+06 2.56350586e+06 2.84237890e+06 3.13274562e+06
 3.45779552e+06 3.81425352e+06 4.17773721e+06 4.57478753e+06
 4.98631497e+06 5.42848724e+06 5.91181889e+06 6.41055958e+06
 6.92818326e+06 7.47775041e+06 8.04995921e+06 7.85974522e+06
 7.81513596e+06 7.63081745e+06 7.32165601e+06 6.90778016e+06
 6.41791097e+06 5.87841750e+06 5.31688521e+06 4.75525665e+06
 4.21307745e+06 3.70556118e+06 3.24219155e+06 2.82940943e+06
 2.47147864e+06 2.16667369e+06 1.90946046e+06 1.69684989e+06
 1.52150853e+06 1.37781048e+06 1.26225995e+06 1.16857664e+06
 1.09298625e+06 1.03029418e+06 9.75579707e+05 9.26045282e+05
 8.78656018e+05 8.32173521e+05 7.85091069e+05 7.37191809e+05
 6.89108889e+05 6.41677424e+05 5.95346578e+05 5.50502517e+05
 5.07333767e+05 4.65393069e+05 4.25808412e+05 3.89006553e+05
 3.55842386e+05 3.26703530e+05 3.01011182e+05 2.78450866e+05
 2.58234586e+05 2.39804579e+05 2.22687553e+05 2.06516722e+05
 1.91173154e+05 1.76447957e+05 1.62322605e+05 1.48710235e+05
 1.35716742e+05 1.23383398e+05 1.11285172e+05 9.96293552e+04
 8.81832391e+04 7.74983471e+04 6.74456616e+04 5.81621875e+04
 4.95640120e+04 4.14905980e+04 3.38854693e+04 2.69780511e+04
 2.09185324e+04 1.57069417e+04 1.13587022e+04 7.82144528e+03
 5.05938148e+03 3.05292143e+03 1.66704680e+03 8.97799238e+02
 3.40760090e+02 1.53913779e+02 2.72983410e+02 2.16201922e+02
 1.70833585e+02 1.34672018e+02 1.05918516e+02 8.31106767e+01]",1,0.9886601055124323,,8049959.205620073
168,2838,1036416.1,6.5927255,6.8288485,8.2052467,834.50885,834.50051-834.5172,81106712.61158675,4117619.34009552,162,3765497.9979629423,91.4,4085044.1303826547,99.2,[2.52],"[301.2173, 327.233]",[327.23383],[50.64122],"[6.4027255 6.4127255 6.4227255 6.4327255 6.4427255 6.4527255 6.4627255
 6.4727255 6.4827255 6.4927255 6.5027255 6.5127255 6.5227255 6.5327255
 6.5427255 6.5527255 6.5627255 6.5727255 6.5827255 6.5927255 6.6034269
 6.6138797 6.6247089 6.6350863 6.645761  6.6566473 6.6663655 6.6768047
 6.6875962 6.6981852 6.7085369 6.7180181 6.7281051 6.7387805 6.7491352
 6.7590989 6.768578  6.7785703 6.789043  6.7994706 6.8094051 6.8188926
 6.8288485 6.8388044 6.8482919 6.8582264 6.868654  6.8791267 6.889119
 6.8985981 6.9085618 6.9189165 6.9295919 6.9396789 6.9491601 6.9595118
 6.9701008 6.9808923 6.9913315 7.0010497 7.011936  7.0226107 7.0329881
 7.0438173 7.0542701 7.0649715 7.0749715 7.0849715 7.0949715 7.1049715
 7.1149715 7.1249715 7.1349715 7.1449715 7.1549715 7.1649715 7.1749715
 7.1849715 7.1949715 7.2049715 7.2149715 7.2249715 7.2349715 7.2449715
 7.2549715]","[9.03854225e+01 1.48666015e+02 2.41655169e+02 3.88196451e+02
 6.16280055e+02 9.66887058e+02 1.49914784e+03 2.29712306e+03
 3.47852509e+03 5.20567561e+03 7.69892599e+03 1.12526360e+04
 1.62535966e+04 2.32014840e+04 3.27305372e+04 4.56311680e+04
 6.28696610e+04 8.56035418e+04 1.15189642e+05 3.42370646e+05
 3.59314533e+05 3.86909879e+05 4.29540415e+05 4.90986570e+05
 5.75896868e+05 6.87218104e+05 8.28223177e+05 1.00018060e+06
 1.20285831e+06 1.43602276e+06 1.69525197e+06 1.97602554e+06
 2.27082010e+06 2.56986649e+06 2.86303317e+06 3.14049497e+06
 3.39350525e+06 3.61437291e+06 3.79813000e+06 3.94078730e+06
 4.04160247e+06 4.10036473e+06 4.11757591e+06 4.12316932e+06
 4.05472831e+06 3.93914334e+06 3.77375180e+06 3.56821618e+06
 3.34195469e+06 3.10654687e+06 2.84423567e+06 2.56303411e+06
 2.27188115e+06 2.00231547e+06 1.75879773e+06 1.50821667e+06
 1.27202283e+06 1.05485947e+06 8.68689936e+05 7.16697246e+05
 5.70183272e+05 4.49491470e+05 3.52129790e+05 2.69264476e+05
 2.05116532e+05 1.53181462e+05 1.15189642e+05 8.56035418e+04
 6.28696610e+04 4.56311680e+04 3.27305372e+04 2.32014840e+04
 1.62535966e+04 1.12526360e+04 7.69892599e+03 5.20567561e+03
 3.47852509e+03 2.29712306e+03 1.49914784e+03 9.66887058e+02
 6.16280055e+02 3.88196451e+02 2.41655169e+02 1.48666015e+02
 9.03854225e+01]",1,0.9976575361376478,,4123169.315571173
169,2708,178923.58,6.1216637,6.4471196,6.5927255,834.5094,834.50105-834.51774,7971985.004653216,589005.2253947258,44,588968.5577135868,100.0,236890.64077415667,40.2,[0.47],"[301.2173, 327.233]",[327.23315],[100.0],"[6.0925377 6.1025377 6.1125377 6.1225377 6.1325377 6.1425377 6.152746
 6.1629205 6.17293   6.1832181 6.1934612 6.2030467 6.2131122 6.2231825
 6.2330493 6.2433567 6.2531377 6.2630044 6.2729754 6.2828044 6.2931976
 6.3033342 6.3129526 6.3230794 6.3330747 6.3437817 6.354078  6.3638609
 6.3741067 6.3847255 6.3953768 6.4057598 6.4156024 6.4258672 6.4365435
 6.4471196 6.4576957 6.468372  6.4786368 6.4884794 6.4988624 6.5095137
 6.5201325 6.5303783 6.5401612 6.5504575 6.5611645 6.5711598 6.5812866
 6.590905  6.6010416 6.6114348 6.6212638 6.6312348 6.6411015 6.6508825
 6.6611899 6.6710567 6.681127  6.6911925 6.700778  6.7110211 6.7213092
 6.7313187 6.7414932 6.7517015 6.7617015 6.7717015 6.7817015 6.7917015
 6.8017015]","[7.38461079e+01 1.22899653e+02 2.01518022e+02 3.25549710e+02
 5.18156464e+02 3.65744383e+01 8.09746145e+01 2.15119734e+02
 5.53649936e+02 1.19396790e+03 2.33711318e+03 4.28393778e+03
 7.37470278e+03 1.20245717e+04 1.86428720e+04 2.75643431e+04
 3.93085937e+04 5.40552756e+04 7.21185291e+04 9.37348458e+04
 1.18862583e+05 1.47638054e+05 1.79947406e+05 2.15650052e+05
 2.54449517e+05 2.95808691e+05 3.38798735e+05 3.82093250e+05
 4.24801678e+05 4.65225909e+05 5.01911373e+05 5.33179012e+05
 5.58098698e+05 5.75575561e+05 5.85659698e+05 5.88968558e+05
 5.85285999e+05 5.77170369e+05 5.60442117e+05 5.36896533e+05
 5.05177650e+05 4.66743097e+05 4.24151862e+05 3.80644768e+05
 3.38308739e+05 2.94267108e+05 2.50317178e+05 2.11946235e+05
 1.76371482e+05 1.46050475e+05 1.17949455e+05 9.32497990e+04
 7.35732102e+04 5.70069531e+04 4.36488587e+04 3.30231174e+04
 2.42356705e+04 1.77584971e+04 1.27375899e+04 9.00100152e+03
 6.37678141e+03 4.34593125e+03 2.91078539e+03 1.94128463e+03
 1.26658780e+03 8.12539934e+02 5.18156464e+02 3.25549710e+02
 2.01518022e+02 1.22899653e+02 7.38461079e+01]",1,0.9997741808082612,,588968.5577135868
170,7226,1246244.2,17.257138,17.572729,18.318684,834.56647,834.55812-834.57481,121397081.30415931,5963966.721328735,112,5949605.46914217,99.8,5576005.162084874,93.5,[0.55],"[301.2173, 327.233]",[327.23282],[100.0],"[17.207138 17.217138 17.227138 17.237138 17.247138 17.257138 17.266919
 17.276999 17.286476 17.295698 17.304856 17.314578 17.324807 17.334286
 17.343387 17.352535 17.362434 17.372662 17.382003 17.39106  17.400384
 17.410476 17.420573 17.429942 17.439138 17.448507 17.458334 17.468353
 17.477994 17.487184 17.496691 17.505975 17.51608  17.525637 17.534702
 17.544368 17.553615 17.563269 17.572729 17.582189 17.591843 17.60109
 17.610756 17.619821 17.629378 17.639483 17.648767 17.658274 17.667464
 17.677105 17.687124 17.696951 17.70632  17.715516 17.724885 17.734982
 17.745074 17.754398 17.763455 17.772796 17.783024 17.792923 17.802071
 17.811172 17.820651 17.83088  17.840602 17.84976  17.858982 17.868459
 17.878539 17.88832  17.89832  17.90832  17.91832  17.92832  17.93832 ]","[8.02251580e+01 1.47595369e+02 2.66954147e+02 4.74681608e+02
 8.29793311e+02 1.78246629e+04 1.80379449e+04 1.89490691e+04
 2.09396207e+04 2.46510290e+04 3.06610239e+04 4.00324470e+04
 5.37935399e+04 7.32749623e+04 9.97583940e+04 1.35066033e+05
 1.80770686e+05 2.39735959e+05 3.15171961e+05 4.11605051e+05
 5.32808804e+05 6.84745728e+05 8.71598278e+05 1.09910113e+06
 1.36983282e+06 1.68612922e+06 2.04685203e+06 2.44678656e+06
 2.87877026e+06 3.33000795e+06 3.78746973e+06 4.23609739e+06
 4.65758738e+06 5.03850193e+06 5.36470732e+06 5.62627134e+06
 5.81381141e+06 5.92587237e+06 5.96341639e+06 5.93609267e+06
 5.82421741e+06 5.63452931e+06 5.35875223e+06 5.03899399e+06
 4.65147273e+06 4.20237504e+06 3.76984167e+06 3.32207975e+06
 2.89715686e+06 2.47116262e+06 2.05985332e+06 1.69461948e+06
 1.38549797e+06 1.12057112e+06 8.89416161e+05 6.81873471e+05
 5.13834062e+05 3.89579902e+05 2.93531575e+05 2.16023454e+05
 1.51809578e+05 1.06085354e+05 7.50540970e+04 5.24471454e+04
 3.55704692e+04 2.29962820e+04 1.49430734e+04 9.81041514e+03
 6.32976656e+03 3.97439269e+03 2.38232717e+03 1.42606476e+03
 8.29793311e+02 4.74681608e+02 2.66954147e+02 1.47595369e+02
 8.02251580e+01]",1,0.999931482438369,,5963416.390917187
171,6850,2696852.8,16.234678,16.660482,17.257138,834.56653,834.55818-834.57487,148995889.06388614,10493442.092407227,104,10493063.820022821,100.0,10480481.085060835,99.9,[1.17],"[301.2173, 327.233]",[301.21765],[100.0],"[16.091663 16.101755 16.111609 16.120728 16.129815 16.138955 16.14912
 16.158564 16.167688 16.176899 16.186005 16.195815 16.205678 16.214928
 16.224326 16.233644 16.243891 16.253751 16.263173 16.272781 16.282366
 16.292966 16.303149 16.312469 16.322599 16.332196 16.342596 16.352377
 16.36189  16.372503 16.382327 16.392516 16.402574 16.412176 16.422759
 16.432579 16.442761 16.452744 16.462453 16.472743 16.48244  16.492277
 16.502403 16.512246 16.522465 16.531798 16.541409 16.551399 16.561282
 16.571208 16.580574 16.590427 16.600582 16.610382 16.620539 16.630405
 16.640413 16.65058  16.660482 16.670384 16.680551 16.690559 16.700425
 16.710582 16.720382 16.730537 16.74039  16.749756 16.759682 16.769565
 16.779555 16.789166 16.798499 16.808718 16.818561 16.828687 16.838524
 16.848221 16.858511 16.86822  16.878203 16.888385 16.898205 16.908788
 16.91839  16.928448 16.938637 16.948461 16.959074 16.968587 16.978368
 16.988768 16.998365 17.008495 17.017815 17.027998 17.038598 17.048183
 17.057791 17.067213 17.077073 17.08732  17.096638 17.106036 17.115286
 17.125149 17.134959 17.144065 17.153276 17.1624   17.171844 17.182009
 17.191149 17.200236 17.209355 17.219209 17.229301 17.238734 17.247871
 17.257138]","[1.29540559e+02 1.85841493e+02 2.62888068e+02 3.60612108e+02
 4.91810140e+02 6.68799392e+02 9.36174487e+02 1.27287197e+03
 1.70455970e+03 2.27811792e+03 3.02034851e+03 4.07126631e+03
 5.46664649e+03 7.17113099e+03 9.40132685e+03 1.22362705e+04
 1.62577296e+04 2.12508594e+04 2.73083996e+04 3.50850450e+04
 4.48156152e+04 5.83939618e+04 7.48492289e+04 9.34626596e+04
 1.18318641e+05 1.47148508e+05 1.85280596e+05 2.28836317e+05
 2.79546930e+05 3.47387867e+05 4.22372206e+05 5.14312264e+05
 6.21096747e+05 7.39707568e+05 8.91442754e+05 1.05396323e+06
 1.24663388e+06 1.46135773e+06 1.69641937e+06 1.97542437e+06
 2.26776435e+06 2.59443202e+06 2.96293826e+06 3.35257411e+06
 3.78937431e+06 4.21604611e+06 4.68154008e+06 5.19113526e+06
 5.71800692e+06 6.26608583e+06 6.79653517e+06 7.36358986e+06
 7.95178270e+06 8.51672127e+06 9.09239471e+06 9.63486507e+06
 1.01609420e+07 1.06628063e+07 1.04942920e+07 1.04279185e+07
 1.02298259e+07 9.90422260e+06 9.46877062e+06 8.93810235e+06
 8.33253068e+06 7.67463567e+06 6.99100894e+06 6.30677807e+06
 5.64265533e+06 5.01659402e+06 4.43609815e+06 3.90509697e+06
 3.42309511e+06 2.99088167e+06 2.60875915e+06 2.27445641e+06
 1.98974414e+06 1.74953956e+06 1.55145005e+06 1.38976497e+06
 1.25887254e+06 1.15364216e+06 1.06831902e+06 9.98248432e+05
 9.40250389e+05 8.90802043e+05 8.47569750e+05 8.09044899e+05
 7.73623584e+05 7.40257775e+05 7.08016910e+05 6.76117188e+05
 6.44074602e+05 6.11857615e+05 5.79119173e+05 5.46141500e+05
 5.12774489e+05 4.78869012e+05 4.44552111e+05 4.09376659e+05
 3.73666865e+05 3.37411618e+05 3.01093893e+05 2.65371208e+05
 2.30361075e+05 1.96932623e+05 1.65692202e+05 1.37242248e+05
 1.12094620e+05 9.06606001e+04 7.25511674e+04 5.77639879e+04
 4.59219819e+04 3.65659404e+04 2.93276146e+04 2.37986217e+04
 1.98511155e+04 1.73023122e+04 1.61002895e+04 1.59362335e+04]",1,0.9902639585465918,,10662806.3419298
172,7955,361884.94,18.985804,19.344177,20.720986,834.56757,834.55922-834.57591,40423361.07244023,1626789.4400558472,178,1528173.4979092295,93.9,1622983.0164028497,99.8,[1.78],"[301.2173, 327.233]",[327.23358],[78.03021],"[18.131101 18.140897 18.150513 18.160911 18.170681 18.180254 18.190211
 18.199787 18.210113 18.220402 18.230631 18.240278 18.250287 18.260591
 18.271472 18.281879 18.291534 18.301451 18.311814 18.321954 18.332073
 18.341958 18.351772 18.362377 18.373034 18.382932 18.392959 18.40274
 18.413552 18.42451  18.434086 18.444145 18.453994 18.464732 18.475301
 18.4849   18.494958 18.504843 18.515527 18.525083 18.534829 18.544738
 18.555597 18.565567 18.575638 18.585269 18.595022 18.605528 18.615526
 18.625598 18.635088 18.644722 18.654926 18.665164 18.674856 18.684299
 18.694202 18.704157 18.714211 18.723693 18.733171 18.743263 18.752999
 18.762895 18.772298 18.781735 18.79152  18.801199 18.81098  18.820338
 18.829715 18.83928  18.848898 18.858812 18.868143 18.877487 18.88693
 18.896682 18.906318 18.915624 18.924937 18.934495 18.944609 18.954486
 18.96373  18.972951 18.982611 18.992615 19.002491 19.011691 19.02091
 19.030368 19.040052 19.049922 19.0591   19.068308 19.077792 19.087311
 19.097219 19.106409 19.115591 19.125098 19.134619 19.144569 19.153747
 19.162916 19.172652 19.182192 19.192026 19.201196 19.210389 19.219942
 19.229899 19.239457 19.248776 19.258021 19.267452 19.277051 19.286853
 19.296196 19.305454 19.315248 19.324685 19.334528 19.344177 19.353826
 19.363669 19.373106 19.3829   19.392158 19.401501 19.411303 19.420902
 19.430333 19.439578 19.448897 19.458455 19.468412 19.477965 19.487158
 19.496328 19.506162 19.515702 19.525438 19.534607 19.543785 19.553735
 19.563256 19.572763 19.581945 19.591135 19.601043 19.610562 19.620046
 19.629254 19.638432 19.648302 19.657986 19.667444 19.676663 19.685863
 19.695739 19.705743 19.715403 19.724624 19.733868 19.743745 19.753859
 19.763417 19.77273  19.782036 19.791672 19.801424 19.810867 19.820211
 19.829542 19.839456 19.849074 19.858639 19.868016 19.877374 19.887155
 19.896834 19.906619 19.916056 19.925459 19.935355 19.945091 19.955183
 19.964661 19.974143 19.984197 19.994152 20.004055 20.013498 20.02319
 20.033428 20.043632 20.053266 20.062756 20.072828 20.082826 20.093332
 20.103085 20.112716 20.122787 20.132757 20.143616 20.153525 20.163271
 20.172827 20.183511 20.193396 20.203454 20.213053 20.223622 20.23436
 20.244209 20.254268 20.263844 20.274802 20.285614 20.295395 20.305422
 20.31532  20.325977 20.336582 20.346396 20.356281 20.3664   20.37654
 20.386903 20.39682  20.406475 20.416882 20.427763 20.438067 20.448076
 20.457723 20.467952 20.478241 20.488567 20.498143 20.5081   20.517673
 20.527443 20.537841 20.547457 20.557253 20.566935 20.576382 20.586221
 20.595919 20.60569  20.615127 20.624671 20.634296 20.644091 20.65364
 20.663204 20.672749 20.682309 20.691951 20.701777 20.711386 20.720986]","[1.01436278e+02 1.14489539e+02 1.28850147e+02 1.46304287e+02
 1.64737945e+02 1.84929410e+02 2.08416981e+02 2.33660489e+02
 2.64125219e+02 2.98206561e+02 3.36197159e+02 3.76194694e+02
 4.22435402e+02 4.75630429e+02 5.38652241e+02 6.06250602e+02
 6.76063731e+02 7.55629278e+02 8.48163389e+02 9.48965835e+02
 1.06073040e+03 1.18178056e+03 1.31472202e+03 1.47410751e+03
 1.65241531e+03 1.83596412e+03 2.04125743e+03 2.26205789e+03
 2.53202920e+03 2.83613981e+03 3.12947440e+03 3.46790372e+03
 3.83203775e+03 4.26939404e+03 4.74479325e+03 5.21869830e+03
 5.76208569e+03 6.34678550e+03 7.04015705e+03 7.71896484e+03
 8.47307423e+03 9.30893863e+03 1.03116792e+04 1.13188314e+04
 1.24271935e+04 1.35793768e+04 1.48451074e+04 1.63285400e+04
 1.78646976e+04 1.95443750e+04 2.12572468e+04 2.31346118e+04
 2.52860161e+04 2.76251774e+04 3.00180961e+04 3.25279082e+04
 3.53616853e+04 3.84322591e+04 4.17742625e+04 4.51623187e+04
 4.87924609e+04 5.29419937e+04 5.72400794e+04 6.19238813e+04
 6.66860582e+04 7.17884458e+04 7.74399814e+04 8.34121609e+04
 8.98546335e+04 9.64225211e+04 1.03420880e+05 1.11011795e+05
 1.19128705e+05 1.28029128e+05 1.36925557e+05 1.46363318e+05
 1.56463684e+05 1.67515506e+05 1.79083787e+05 1.90894294e+05
 2.03368429e+05 2.16880065e+05 2.31992796e+05 2.47593850e+05
 2.62979325e+05 2.79110442e+05 2.96879809e+05 3.16254645e+05
 3.36387304e+05 3.56071717e+05 3.76725438e+05 3.98910334e+05
 4.22701746e+05 4.48104070e+05 4.72800169e+05 4.98645463e+05
 5.26412291e+05 5.55480136e+05 5.87041245e+05 6.17531738e+05
 6.49188920e+05 6.83247215e+05 7.18684750e+05 7.57164471e+05
 7.93988551e+05 8.32068422e+05 8.73933870e+05 9.16401508e+05
 9.61689255e+05 1.00531219e+06 1.05040205e+06 1.09870388e+06
 1.15062127e+06 1.20196953e+06 1.25345736e+06 1.30592067e+06
 1.36085271e+06 1.41821797e+06 1.47829564e+06 1.53695262e+06
 1.59639661e+06 1.66068775e+06 1.72397410e+06 1.79134866e+06
 1.62663017e+06 1.62459054e+06 1.61844190e+06 1.60955096e+06
 1.59612483e+06 1.57818899e+06 1.55594771e+06 1.52880481e+06
 1.49756977e+06 1.46194439e+06 1.42046615e+06 1.37068068e+06
 1.31318058e+06 1.24843439e+06 1.17854050e+06 1.10599175e+06
 1.03262105e+06 9.59768895e+05 8.88633699e+05 8.21410128e+05
 7.57721291e+05 6.97930227e+05 6.42343015e+05 5.90131066e+05
 5.40700760e+05 4.95672561e+05 4.55150091e+05 4.19321376e+05
 3.88258927e+05 3.61702431e+05 3.39283179e+05 3.20906115e+05
 3.05800945e+05 2.93512773e+05 2.82865418e+05 2.72979655e+05
 2.63080345e+05 2.53304161e+05 2.44216169e+05 2.35983683e+05
 2.28785728e+05 2.22808914e+05 2.17528991e+05 2.12656378e+05
 2.07836909e+05 2.03113876e+05 1.98322948e+05 1.93683753e+05
 1.89430730e+05 1.85525031e+05 1.82103807e+05 1.78910731e+05
 1.76306334e+05 1.73953407e+05 1.71954055e+05 1.70210434e+05
 1.68557968e+05 1.66908342e+05 1.65111029e+05 1.63125460e+05
 1.60931183e+05 1.58470836e+05 1.55741071e+05 1.52420463e+05
 1.48809462e+05 1.44638530e+05 1.40010594e+05 1.34921825e+05
 1.29583704e+05 1.24225545e+05 1.18819647e+05 1.13898233e+05
 1.09239688e+05 1.04888118e+05 1.01016359e+05 9.75804673e+04
 9.46327744e+04 9.19326342e+04 8.94394479e+04 8.67475813e+04
 8.39782226e+04 8.09109361e+04 7.77106673e+04 7.44919133e+04
 7.14126876e+04 6.88726582e+04 6.67157984e+04 6.49651813e+04
 6.33428780e+04 6.16117170e+04 5.97473454e+04 5.77047697e+04
 5.56890960e+04 5.36786692e+04 5.19367910e+04 5.04520095e+04
 4.92666676e+04 4.84066610e+04 4.77154361e+04 4.69418774e+04
 4.61102308e+04 4.52705293e+04 4.44484157e+04 4.35073412e+04
 4.23555263e+04 4.10291679e+04 3.95261988e+04 3.78902278e+04
 3.63099412e+04 3.47205089e+04 3.32437322e+04 3.18699215e+04
 3.05755394e+04 2.94504832e+04 2.84419289e+04 2.73063446e+04
 2.60040107e+04 2.45305482e+04 2.31320081e+04 2.18223249e+04
 2.07456299e+04 1.99459911e+04 1.93839872e+04 1.89825314e+04
 1.87016648e+04 1.83226694e+04 1.77438580e+04 1.68869165e+04
 1.56772919e+04 1.42550965e+04 1.28386677e+04 1.15090270e+04
 1.02550313e+04 9.11084426e+03 8.11667900e+03 7.22950445e+03
 6.39397924e+03 5.58651768e+03 4.68317634e+03 3.68824129e+03
 2.68190399e+03 1.77232281e+03]",1,0.9724439706343391,,1791348.6590708648
173,6898,2204477.2,16.600581,16.789166,17.238734,836.54425,836.53589-836.55262,102349073.22035274,7828310.911743164,65,6182083.3729621945,79.0,7797929.011867909,99.6,[1.96],"[301.2173, 327.233]",[327.23364],[87.11636],"[16.189598 16.199598 16.209598 16.219598 16.229598 16.239598 16.249598
 16.259598 16.269598 16.279598 16.289598 16.299598 16.309598 16.319598
 16.329598 16.339598 16.339598 16.349031 16.359123 16.368977 16.378096
 16.387183 16.396323 16.406488 16.415932 16.425056 16.434267 16.443373
 16.453183 16.463046 16.472296 16.481694 16.491012 16.501259 16.511119
 16.520541 16.530149 16.539734 16.550334 16.560517 16.569837 16.579967
 16.589564 16.599964 16.609745 16.619258 16.629871 16.639695 16.649884
 16.659942 16.669544 16.680127 16.689947 16.700129 16.710112 16.719821
 16.730111 16.739808 16.749645 16.759771 16.769614 16.779833 16.789166
 16.798499 16.808718 16.818561 16.828687 16.838524 16.848221 16.858511
 16.86822  16.878203 16.888385 16.898205 16.908788 16.91839  16.928448
 16.938637 16.948461 16.959074 16.968587 16.978368 16.988768 16.998365
 17.008495 17.017815 17.027998 17.038598 17.048183 17.057791 17.067213
 17.077073 17.08732  17.096638 17.106036 17.115286 17.125149 17.134959
 17.144065 17.153276 17.1624   17.171844 17.182009 17.191149 17.200236
 17.209355 17.219209 17.229301 17.238734 17.238734 17.248734 17.258734
 17.268734 17.278734 17.288734 17.298734 17.308734 17.318734 17.328734
 17.338734 17.348734 17.358734 17.368734 17.378734 17.388734 17.398734]","[1.31376557e+02 1.77762278e+02 2.39565333e+02 3.21566625e+02
 4.29913017e+02 5.72470159e+02 7.59255144e+02 1.00296381e+03
 1.31960945e+03 1.72929147e+03 2.25711463e+03 2.93428073e+03
 3.79937655e+03 4.89988229e+03 6.29392534e+03 8.05230393e+03
 8.05230393e+03 1.01218410e+04 1.28773683e+04 1.62263678e+04
 2.00273857e+04 2.46189386e+04 3.01988263e+04 3.77533654e+04
 4.62844222e+04 5.61622273e+04 6.80436789e+04 8.19845969e+04
 9.98441708e+04 1.21252312e+05 1.44969953e+05 1.73214789e+05
 2.05929670e+05 2.48085929e+05 2.95602705e+05 3.48221601e+05
 4.10033394e+05 4.80855734e+05 5.71056610e+05 6.70761047e+05
 7.74380687e+05 9.01678378e+05 1.03759158e+06 1.20308554e+06
 1.37729374e+06 1.56513937e+06 1.79739928e+06 2.03481371e+06
 2.30481062e+06 2.59585907e+06 2.89698097e+06 3.25554883e+06
 3.61333769e+06 4.00952627e+06 4.42227506e+06 4.84584677e+06
 5.31720096e+06 5.78082243e+06 6.26831956e+06 6.78562147e+06
 7.30059415e+06 7.84439426e+06 7.81820882e+06 7.69576945e+06
 7.44393665e+06 7.08174121e+06 6.63130888e+06 6.12101018e+06
 5.57609930e+06 5.02083178e+06 4.47499545e+06 3.95442935e+06
 3.47215309e+06 3.03356865e+06 2.64209735e+06 2.29902782e+06
 2.00397915e+06 1.75447732e+06 1.54692095e+06 1.37658405e+06
 1.23809476e+06 1.12649231e+06 1.03655829e+06 9.62925476e+05
 9.00088270e+05 8.44224236e+05 7.91950656e+05 7.41516707e+05
 6.91060376e+05 6.38584081e+05 5.83605001e+05 5.25090510e+05
 4.64497254e+05 4.03201821e+05 3.43681280e+05 2.87746265e+05
 2.36797540e+05 1.92003729e+05 1.53791316e+05 1.21987224e+05
 9.58095588e+04 7.47834753e+04 5.77667506e+04 4.45287286e+04
 3.44861803e+04 2.70961383e+04 2.23813754e+04 1.97439422e+04
 1.89618144e+04 8.05230393e+03 6.29392534e+03 4.89988229e+03
 3.79937655e+03 2.93428073e+03 2.25711463e+03 1.72929147e+03
 1.31960945e+03 1.00296381e+03 7.59255144e+02 5.72470159e+02
 4.29913017e+02 3.21566625e+02 2.39565333e+02 1.77762278e+02
 1.31376557e+02 9.67071919e+01]",1,0.9926348165863442,,7844394.259323426
174,6487,613823.19,15.680369,15.793078,15.895125,836.54449,836.53613-836.55286,28176542.013705045,2419013.3708000183,23,451189.7006388302,18.7,486632.8232225932,20.1,[0.56],"[301.2173, 327.233]",[301.21747],[100.0],"[15.680369 15.689961 15.698987 15.707981 15.718026 15.727893 15.737253
 15.746954 15.755932 15.765228 15.774527 15.783969 15.793078 15.802086
 15.811286 15.82074  15.830336 15.83946  15.848477 15.857755 15.867303
 15.876908 15.886085 15.895125]","[1915593.9473774  1941852.48013274 1973596.97982125 2011297.24671154
 2055522.35349789 2106869.03411133 2164116.31681101 2225130.55209468
 2284856.3808734  2337295.53017273 2380536.22120393 2408207.34574989
 2418935.92811876 2412662.86602768 2390510.24019196 2353341.32152602
 2304681.70446955 2246718.67949975 2183806.54085148 2120021.5207534
 2058961.42845711 2004448.74796627 1958862.17807061 1924350.44191586]",,,,2418935.928118757
175,6787,500490.84,16.37221,16.531987,16.600581,836.54456,836.53619-836.55292,19721511.34888688,1886284.0783309937,23,1062673.014532885,56.3,248215.35924720298,13.2,[4.1],"[301.2173, 327.233]",[301.21854],[100.0],"[16.37221  16.381883 16.39202  16.40168  16.412185 16.422428 16.432192
 16.442598 16.452235 16.46204  16.471882 16.481924 16.492495 16.502353
 16.512628 16.522372 16.531987 16.54183  16.551453 16.561779 16.571622
 16.581047 16.591009 16.600581]","[ 806718.27461632  821478.19759432  844950.23058325  879797.78906987
  926977.27368204  987481.25251152 1060808.94139892 1145611.07391253
 1240262.06831601 1342605.06528979 1449380.13357125 1556341.11453939
 1657062.02081103 1745255.83733138 1815319.17536608 1862188.41202303
 1884340.80441074 1882302.06735788 1858912.4743421  1820378.22043073
 1773399.26831367 1725622.93829944 1683146.04766086 1649386.65965295]",,,,1884340.8044107407
176,6607,896493.94,15.895125,16.073597,16.37221,836.54462,836.53625-836.55298,70065125.78003745,4245780.538528442,50,2309596.375687507,54.4,3420231.690705815,80.6,[2.9],"[301.2173, 327.233]",[327.23395],[34.82251],"[15.895125 15.904679 15.914452 15.923745 15.932966 15.942019 15.951729
 15.961074 15.97032  15.979962 15.989065 15.998757 16.008127 16.017401
 16.026796 16.035917 16.045511 16.054918 16.064179 16.073597 16.082751
 16.09234  16.101927 16.111238 16.120666 16.12987  16.139588 16.149393
 16.158779 16.168272 16.177532 16.186954 16.196805 16.206247 16.215824
 16.225206 16.234678 16.244678 16.254212 16.264031 16.273453 16.283142
 16.293084 16.302819 16.312923 16.322408 16.332108 16.342345 16.35213
 16.362606 16.37221 ]","[1877831.2879803  1901905.90147058 1943000.82872997 2004287.87603759
 2087324.79930468 2190800.4259921  2314864.2629333  2457819.64316855
 2620825.13997444 2803274.51337932 2999812.99750968 3205692.98693174
 3414317.67627219 3614873.61531588 3799619.71401801 3962630.82938841
 4094551.78833882 4188973.32595217 4239224.74700059 4241899.48058367
 4199341.29707074 4114663.46598012 3996731.91874503 3851829.192944
 3688530.96070649 3512975.00621644 3326542.32947267 3132216.01469744
 2934238.8794233  2734603.29078731 2536779.35687133 2347077.20449204
 2168084.5548971  2003360.70362376 1853324.230167   1718021.46816001
 1597157.42019289 1489198.36941735 1393519.5153745  1307775.51079162
 1231169.32423534 1161702.1561589  1098335.75188988 1039107.00042656
  984583.67571255  935857.13893355  894243.47864114  861226.30962591
  836261.90060065  819209.39685892  808051.70276154]",,,,4241899.480583671
177,6092,249799.23,14.358441,14.851563,15.017215,836.5448,836.53643-836.55317,15701810.706314677,1219695.0700149536,66,1219813.1757223245,100.0,819164.6468490447,67.2,[2.48],"[301.2173, 327.233]",[301.21805],[17.50257],"[14.378303 14.387671 14.396887 14.406624 14.416664 14.426066 14.43542
 14.444635 14.454482 14.464556 14.473921 14.483293 14.492636 14.502855
 14.512228 14.522128 14.53144  14.540877 14.551017 14.560421 14.570303
 14.579443 14.589178 14.599502 14.608842 14.618303 14.627532 14.637377
 14.64741  14.657222 14.666926 14.676087 14.685953 14.695642 14.705331
 14.715324 14.724716 14.734187 14.74404  14.753788 14.763671 14.773348
 14.783034 14.793009 14.802344 14.812618 14.822542 14.832495 14.842192
 14.851563 14.860934 14.870631 14.880584 14.890508 14.900782 14.910117
 14.920092 14.929778 14.939455 14.949338 14.959086 14.968939 14.97841
 14.987802 14.997795 15.007484 15.017173 15.027039 15.0362   15.045904
 15.055716 15.065749 15.075594 15.084823 15.094284 15.103624 15.113948
 15.123683 15.132823 15.142705 15.152109 15.162249 15.171686 15.180998
 15.190898 15.200271 15.21049  15.219833 15.229205 15.23857  15.248644
 15.258491 15.267706 15.27706 ]","[9.20401319e+01 3.30193656e+02 6.79113116e+02 1.38739011e+03
 2.42537923e+03 3.92571612e+03 5.83398885e+03 8.06632231e+03
 1.05093516e+04 1.31623085e+04 1.59871986e+04 1.89745377e+04
 2.20422985e+04 2.52622557e+04 2.86876442e+04 3.23246577e+04
 3.63253521e+04 4.05742581e+04 4.49593582e+04 4.93607220e+04
 5.37348043e+04 5.80635596e+04 6.26708865e+04 6.77224916e+04
 7.32978522e+04 7.98975042e+04 8.80833828e+04 9.82031398e+04
 1.10922172e+05 1.27020847e+05 1.47114520e+05 1.71500983e+05
 2.00526690e+05 2.34308039e+05 2.73295064e+05 3.17727383e+05
 3.68080225e+05 4.25238779e+05 4.89792717e+05 5.61811294e+05
 6.40493721e+05 7.24622136e+05 8.12582999e+05 9.01348620e+05
 9.86871753e+05 1.06486791e+06 1.13068299e+06 1.18023049e+06
 1.21035025e+06 1.21981318e+06 1.22235101e+06 1.16563604e+06
 1.10062248e+06 1.03040334e+06 9.53653825e+05 8.81738350e+05
 8.04014676e+05 7.28955262e+05 6.55522378e+05 5.83161720e+05
 5.15250240e+05 4.50783688e+05 3.93244330e+05 3.40766836e+05
 2.90108458e+05 2.46114016e+05 2.07069087e+05 1.72197757e+05
 1.43986964e+05 1.18169625e+05 9.59543789e+04 7.68727091e+04
 6.13104724e+04 4.92120360e+04 3.89780892e+04 3.07256066e+04
 2.34102431e+04 1.79600579e+04 1.38975793e+04 1.04454757e+04
 7.89661804e+03 5.78960839e+03 4.30192494e+03 3.18449174e+03
 2.29364107e+03 1.66777057e+03 1.16794007e+03 8.36499985e+02
 5.93883257e+02 4.18490490e+02 2.84714551e+02 1.93706803e+02
 1.34044868e+02 9.15410634e+01]",1,0.9961346830423542,,1222351.010096573
178,6318,4251126.5,15.017215,15.401817,15.680369,836.54517,836.5368-836.55353,248499934.2856481,17375658.327026367,69,16954741.77539211,97.6,15387644.076785464,88.6,[1.27],"[301.2173, 327.233]",[301.21768],[100.0],"[14.907215 14.917215 14.927215 14.937215 14.947215 14.957215 14.967215
 14.977215 14.987215 14.997215 15.007215 15.017215 15.026902 15.036286
 15.045691 15.055327 15.064834 15.074794 15.084364 15.093636 15.103858
 15.113677 15.123436 15.133113 15.142546 15.152338 15.162145 15.171667
 15.181213 15.190591 15.200506 15.209985 15.219699 15.229151 15.238589
 15.248032 15.257455 15.267439 15.277123 15.286599 15.296003 15.305394
 15.31533  15.325196 15.334864 15.344285 15.353645 15.363406 15.373287
 15.383112 15.39246  15.401817 15.411174 15.420522 15.430347 15.440228
 15.449989 15.459349 15.46877  15.478438 15.488304 15.49824  15.507631
 15.517035 15.526511 15.536195 15.546179 15.555602 15.565045 15.574483
 15.583935 15.593649 15.603128 15.613043 15.622421 15.631967 15.641489
 15.651296 15.661088 15.670521 15.680198 15.689957 15.699776 15.709998
 15.71927  15.72884  15.7388   15.748307 15.757943 15.767348 15.776732
 15.786419 15.796419 15.806419 15.816419 15.826419 15.836419 15.846419
 15.856419 15.866419 15.876419 15.886419 15.896419]","[9.87954004e+01 1.57293438e+02 2.48163720e+02 3.87989328e+02
 6.01111552e+02 9.22877744e+02 1.40406456e+03 2.11681929e+03
 3.16252740e+03 4.68207767e+03 6.86905093e+03 3.78105397e+05
 3.91744627e+05 4.09866960e+05 4.32968487e+05 4.62077258e+05
 4.97880509e+05 5.41143468e+05 5.92617076e+05 6.52991373e+05
 7.22330236e+05 8.01852426e+05 8.91378369e+05 9.91645707e+05
 1.10325740e+06 1.22569973e+06 1.36162880e+06 1.51336006e+06
 1.68551386e+06 1.88335794e+06 2.11433319e+06 2.38756750e+06
 2.71371886e+06 3.10819282e+06 3.57984447e+06 4.14418873e+06
 4.80385997e+06 5.56626911e+06 6.42780945e+06 7.39112490e+06
 8.44647759e+06 9.57802384e+06 1.07610228e+07 1.19547435e+07
 1.31169504e+07 1.42047702e+07 1.51757506e+07 1.60009963e+07
 1.66519987e+07 1.71073223e+07 1.73430632e+07 1.73553903e+07
 1.75894636e+07 1.70561482e+07 1.63723189e+07 1.55738584e+07
 1.46947778e+07 1.37859008e+07 1.28243527e+07 1.18078579e+07
 1.07589449e+07 9.70955827e+06 8.73962535e+06 7.80253047e+06
 6.90352646e+06 6.04057875e+06 5.21693090e+06 4.50526785e+06
 3.85812107e+06 3.27756044e+06 2.76119815e+06 2.29565800e+06
 1.90137200e+06 1.54763503e+06 1.26340311e+06 1.01923010e+06
 8.15933129e+05 6.43287135e+05 5.02951894e+05 3.93539444e+05
 3.03420908e+05 2.31421234e+05 1.74680574e+05 1.29130908e+05
 9.73742451e+04 7.21705916e+04 5.23765825e+04 3.82467485e+04
 2.75777942e+04 1.98790693e+04 1.42256170e+04 9.98639322e+03
 6.86905093e+03 4.68207767e+03 3.16252740e+03 2.11681929e+03
 1.40406456e+03 9.22877744e+02 6.01111552e+02 3.87989328e+02
 2.48163720e+02 1.57293438e+02 9.87954004e+01]",1,0.9950934025047862,,17589463.562233664
179,8478,1515773.9,20.23436,20.624671,21.400627,836.58099,836.57263-836.58936,179112360.33540624,6442477.408355713,120,6329997.627648631,98.3,6138512.809180241,95.3,[3.8],"[301.2173, 327.233]",[301.21844],[100.0],"[19.558715 19.568715 19.578715 19.588715 19.598715 19.608715 19.618715
 19.628715 19.638715 19.648715 19.658715 19.668715 19.678715 19.688715
 19.698715 19.708715 19.718715 19.728715 19.738715 19.748715 19.758715
 19.768715 19.778715 19.788715 19.798715 19.808715 19.818715 19.828715
 19.838715 19.848715 19.848715 19.857945 19.867882 19.877302 19.886731
 19.896169 19.905534 19.915755 19.925066 19.934328 19.94363  19.952931
 19.962898 19.972194 19.981675 19.990968 20.000506 20.010033 20.019965
 20.029677 20.039036 20.048596 20.057978 20.06735  20.077083 20.086725
 20.096138 20.10552  20.114909 20.124674 20.134454 20.143921 20.153303
 20.162689 20.172459 20.182102 20.191539 20.200939 20.210359 20.219954
 20.229413 20.238841 20.248612 20.25815  20.267675 20.277205 20.286663
 20.29621  20.306098 20.315587 20.325531 20.335121 20.344633 20.354382
 20.363832 20.373758 20.38364  20.39311  20.402848 20.412298 20.422204
 20.432097 20.441548 20.451189 20.460674 20.470372 20.480226 20.489627
 20.499213 20.509023 20.518842 20.528356 20.537956 20.547565 20.557391
 20.567033 20.576593 20.586138 20.595702 20.605251 20.615046 20.624671
 20.634296 20.644091 20.65364  20.663204 20.672749 20.682309 20.691951
 20.701777 20.711386 20.720986 20.7305   20.740319 20.750129 20.759715
 20.769116 20.77897  20.788668 20.798153 20.807794 20.817245 20.827138
 20.837044 20.846494 20.856232 20.865702 20.875584 20.88551  20.89496
 20.904709 20.914221 20.923811 20.933755 20.943244 20.953132 20.962679
 20.972137 20.981667 20.991192 21.00073  21.010501 21.019929 21.029388
 21.038983 21.048403 21.057803 21.06724  21.076883 21.086653 21.096039
 21.105421 21.114888 21.124668 21.134433 21.143822 21.153204 21.162617
 21.172259 21.181992 21.191364 21.200746 21.210306 21.219665 21.229377
 21.239309 21.248836 21.258374 21.267667 21.277148 21.286444 21.296411
 21.305712 21.315014 21.324276 21.333587 21.343808 21.353173 21.362611
 21.37204  21.38146  21.391397 21.400627 21.400627 21.410627 21.420627
 21.430627 21.440627 21.450627 21.460627 21.470627 21.480627 21.490627
 21.500627 21.510627 21.520627 21.530627 21.540627 21.550627 21.560627
 21.570627 21.580627 21.590627 21.600627 21.610627 21.620627 21.630627
 21.640627 21.650627 21.660627 21.670627 21.680627 21.690627 21.700627]","[1.18660054e+02 1.46376600e+02 1.80199240e+02 2.21385125e+02
 2.71430159e+02 3.32109998e+02 4.05527194e+02 4.94165245e+02
 6.00950356e+02 7.29321774e+02 8.83311624e+02 1.06763523e+03
 1.28779291e+03 1.55018434e+03 1.86223654e+03 2.23254658e+03
 2.67104002e+03 3.18914632e+03 3.79999198e+03 4.51861248e+03
 5.36218383e+03 6.35027427e+03 7.50511672e+03 8.85190210e+03
 1.04190935e+04 1.22387610e+04 1.43469359e+04 1.67839835e+04
 1.95949930e+04 2.28301815e+04 2.28301815e+04 2.62408222e+04
 3.04252164e+04 3.49413106e+04 4.00603707e+04 4.58520481e+04
 5.23322015e+04 6.03309490e+04 6.85498000e+04 7.76995364e+04
 8.79631615e+04 9.94056550e+04 1.13102901e+05 1.27341226e+05
 1.43450027e+05 1.60928780e+05 1.80753922e+05 2.02618496e+05
 2.27783686e+05 2.54914734e+05 2.83596184e+05 3.15645239e+05
 3.49981607e+05 3.87315548e+05 4.29493558e+05 4.74898985e+05
 5.22895420e+05 5.74526054e+05 6.30165386e+05 6.92434383e+05
 7.59484559e+05 8.29024927e+05 9.02591757e+05 9.80958574e+05
 1.06772743e+06 1.15867736e+06 1.25287786e+06 1.35187832e+06
 1.45630231e+06 1.56804205e+06 1.68348998e+06 1.80373852e+06
 1.93373003e+06 2.06576884e+06 2.20254248e+06 2.34410567e+06
 2.48903084e+06 2.63951973e+06 2.79949061e+06 2.95656610e+06
 3.12447547e+06 3.28914431e+06 3.45463809e+06 3.62594917e+06
 3.79308557e+06 3.96915022e+06 4.14427078e+06 4.31127051e+06
 4.48145996e+06 4.64444022e+06 4.81223253e+06 4.97590493e+06
 5.12789174e+06 5.27780170e+06 5.41952617e+06 5.55781428e+06
 5.69074904e+06 5.80980009e+06 5.92275483e+06 6.02891265e+06
 6.12502205e+06 6.20795137e+06 6.28100356e+06 6.34303370e+06
 6.39463217e+06 6.43334503e+06 6.45985509e+06 6.47438066e+06
 6.47688482e+06 6.46733716e+06 6.44509210e+06 6.44184008e+06
 6.42222397e+06 6.38765628e+06 6.34745036e+06 6.30308016e+06
 6.26427117e+06 6.23023240e+06 6.19902364e+06 6.17283952e+06
 6.15176540e+06 6.13568155e+06 6.12673122e+06 6.11569777e+06
 6.09767224e+06 6.05913566e+06 5.99507824e+06 5.90574581e+06
 5.78905861e+06 5.64861924e+06 5.48995683e+06 5.31086911e+06
 5.11789915e+06 4.91147168e+06 4.69298413e+06 4.46399443e+06
 4.22527905e+06 3.98237391e+06 3.73916596e+06 3.49848993e+06
 3.26449388e+06 3.03745125e+06 2.81648981e+06 2.60838658e+06
 2.41323734e+06 2.23271534e+06 2.06757689e+06 1.91470142e+06
 1.77460985e+06 1.64681332e+06 1.53239602e+06 1.43276828e+06
 1.34621243e+06 1.27363825e+06 1.21279411e+06 1.16153792e+06
 1.11818297e+06 1.08035821e+06 1.04723261e+06 1.01890784e+06
 9.95246149e+05 9.76418045e+05 9.62892834e+05 9.53380165e+05
 9.46191074e+05 9.39397395e+05 9.31456712e+05 9.21310342e+05
 9.08188353e+05 8.91916550e+05 8.71636560e+05 8.46924600e+05
 8.17867580e+05 7.85197178e+05 7.49808484e+05 7.14014551e+05
 6.77695500e+05 6.41592323e+05 6.06583635e+05 5.72496585e+05
 5.39441680e+05 5.06748326e+05 4.74556181e+05 4.42810495e+05
 4.12770564e+05 3.85837231e+05 3.62555303e+05 3.43705678e+05
 3.28729696e+05 3.16834077e+05 3.06994664e+05 2.98752588e+05
 2.91466393e+05 2.28301815e+04 1.95949930e+04 1.67839835e+04
 1.43469359e+04 1.22387610e+04 1.04190935e+04 8.85190210e+03
 7.50511672e+03 6.35027427e+03 5.36218383e+03 4.51861248e+03
 3.79999198e+03 3.18914632e+03 2.67104002e+03 2.23254658e+03
 1.86223654e+03 1.55018434e+03 1.28779291e+03 1.06763523e+03
 8.83311624e+02 7.29321774e+02 6.00950356e+02 4.94165245e+02
 4.05527194e+02 3.32109998e+02 2.71430159e+02 2.21385125e+02
 1.80199240e+02 1.46376600e+02 1.18660054e+02 9.59956627e+01]",1,0.9802848909130104,,6476884.823498274
180,9132,152271.44,22.04258,22.185692,22.429932,836.58124,836.57287-836.5896,8213073.528891344,522218.3425807953,39,131900.43743208406,25.3,422744.0224563205,81.0,[0.05],"[301.2173, 327.233]",[301.21729],[100.0],"[21.681452 21.691452 21.701452 21.711452 21.721452 21.731452 21.741452
 21.751452 21.761452 21.771452 21.781452 21.791452 21.801452 21.811452
 21.821452 21.831452 21.841452 21.851452 21.861452 21.871452 21.881452
 21.891452 21.901452 21.911452 21.921452 21.931452 21.941452 21.941452
 21.951467 21.961123 21.970153 21.979467 21.98925  21.99917  22.008687
 22.017731 22.027475 22.037426 22.046906 22.05683  22.066114 22.075632
 22.085968 22.095401 22.105895 22.115513 22.125237 22.135795 22.145264
 22.155435 22.165124 22.175197 22.185692 22.196187 22.20626  22.215949
 22.22612  22.235589 22.246147 22.255871 22.265489 22.275983 22.285416
 22.295752 22.30527  22.314554 22.324478 22.333958 22.343909 22.353653
 22.362697 22.372214 22.382134 22.391917 22.401231 22.410261 22.419917
 22.429932 22.429932 22.439932 22.449932 22.459932 22.469932 22.479932
 22.489932 22.499932 22.509932 22.519932 22.529932 22.539932 22.549932
 22.559932 22.569932 22.579932 22.589932 22.599932 22.609932 22.619932
 22.629932 22.639932 22.649932 22.659932 22.669932 22.679932 22.689932
 22.699932]","[1.06140250e+02 1.46363314e+02 2.00589875e+02 2.73218703e+02
 3.69859252e+02 4.97607818e+02 6.65368977e+02 8.84224504e+02
 1.16785033e+03 1.53297996e+03 1.99990980e+03 2.59303863e+03
 3.34142879e+03 4.27937236e+03 5.44693999e+03 6.89048431e+03
 8.66306457e+03 1.08247531e+04 1.34427800e+04 1.65914686e+04
 2.03519118e+04 2.48113412e+04 3.00621414e+04 3.62004719e+04
 4.33244636e+04 5.15319768e+04 6.09179184e+04 6.09179184e+04
 7.15881160e+04 8.31540317e+04 9.51594353e+04 1.08786980e+05
 1.24488635e+05 1.41869134e+05 1.59906406e+05 1.78244023e+05
 1.99234485e+05 2.21880701e+05 2.44454177e+05 2.68949184e+05
 2.92471111e+05 3.16971063e+05 3.43727070e+05 3.67992208e+05
 3.94455824e+05 4.17881296e+05 4.40420671e+05 4.63206608e+05
 4.81820741e+05 4.99565739e+05 5.14021682e+05 5.26257641e+05
 5.22194789e+05 5.20171633e+05 5.13210324e+05 5.02123134e+05
 4.87594387e+05 4.70475161e+05 4.51289521e+05 4.30108747e+05
 4.05786815e+05 3.78455183e+05 3.48130079e+05 3.16053660e+05
 2.84107222e+05 2.53716759e+05 2.26074891e+05 2.02245538e+05
 1.81868994e+05 1.64711650e+05 1.50187477e+05 1.37843829e+05
 1.26968041e+05 1.17260195e+05 1.08509533e+05 1.00970375e+05
 9.46752810e+04 8.99239338e+04 6.09179184e+04 5.15319768e+04
 4.33244636e+04 3.62004719e+04 3.00621414e+04 2.48113412e+04
 2.03519118e+04 1.65914686e+04 1.34427800e+04 1.08247531e+04
 8.66306457e+03 6.89048431e+03 5.44693999e+03 4.27937236e+03
 3.34142879e+03 2.59303863e+03 1.99990980e+03 1.53297996e+03
 1.16785033e+03 8.84224504e+02 6.65368977e+02 4.97607818e+02
 3.69859252e+02 2.73218703e+02 2.00589875e+02 1.46363314e+02
 1.06140250e+02 7.64984479e+01]",1,0.9930102805347293,,526257.6411795465
181,9410,4983123.5,22.429932,22.862821,25.01974,836.58167,836.5733-836.59003,567500744.6351991,23338416.650390625,268,23242745.137926683,99.6,23280880.04908667,99.8,[0.56],"[301.2173, 327.233]",[327.23318],[88.30333],"[20.75346  20.763044 20.772612 20.781896 20.791986 20.801541 20.811214
 20.820623 20.829976 20.839626 20.849201 20.858869 20.868332 20.877776
 20.887446 20.896905 20.906862 20.916747 20.926274 20.935858 20.945383
 20.955346 20.965252 20.974826 20.984465 20.994218 21.004041 21.014098
 21.023782 21.03363  21.043484 21.05362  21.064089 21.074061 21.083817
 21.093974 21.104058 21.114516 21.124905 21.134825 21.144966 21.154981
 21.165396 21.175856 21.185673 21.195966 21.205596 21.216095 21.226662
 21.236671 21.246908 21.256519 21.266942 21.277655 21.287512 21.297712
 21.30736  21.317821 21.328346 21.338207 21.348266 21.357958 21.36817
 21.3787   21.3885   21.398642 21.408257 21.418452 21.428924 21.438908
 21.448797 21.458386 21.468581 21.479329 21.489192 21.49878  21.508301
 21.518464 21.528989 21.538785 21.548362 21.558057 21.568165 21.578367
 21.588108 21.597805 21.607432 21.617102 21.627074 21.637144 21.646959
 21.656472 21.666119 21.676307 21.686805 21.696238 21.705808 21.71556
 21.725669 21.735775 21.745228 21.754891 21.764543 21.774348 21.784284
 21.793889 21.803511 21.813113 21.822893 21.832776 21.84235  21.852004
 21.861641 21.871615 21.881444 21.890853 21.900331 21.910109 21.920028
 21.929883 21.939283 21.948883 21.958842 21.968655 21.978779 21.988284
 21.997864 22.007823 22.018046 22.028005 22.037619 22.047163 22.056597
 22.066645 22.076759 22.086274 22.095719 22.105669 22.115648 22.125609
 22.135381 22.14486  22.154301 22.164142 22.173637 22.183419 22.192843
 22.20208  22.211678 22.221551 22.231073 22.240263 22.249651 22.259172
 22.268959 22.278278 22.287592 22.296861 22.306264 22.316001 22.325588
 22.334841 22.34404  22.353276 22.363028 22.372789 22.382017 22.391087
 22.400402 22.410038 22.419585 22.428641 22.437826 22.447107 22.456687
 22.466091 22.475281 22.484445 22.493746 22.503279 22.512821 22.522029
 22.531206 22.540426 22.550193 22.559706 22.56896  22.578104 22.587479
 22.597081 22.606626 22.615798 22.625117 22.634507 22.644078 22.653504
 22.662844 22.672206 22.681643 22.691088 22.700831 22.710125 22.719563
 22.72915  22.738679 22.74839  22.757686 22.767099 22.77696  22.786578
 22.796167 22.805454 22.814844 22.824739 22.834606 22.844168 22.853411
 22.862821 22.872231 22.881474 22.891036 22.900903 22.910798 22.920188
 22.929475 22.939064 22.948682 22.958543 22.967956 22.977252 22.986963
 22.996492 23.006079 23.015517 23.024811 23.034554 23.043999 23.053436
 23.062798 23.072138 23.081564 23.091135 23.100525 23.109844 23.119016
 23.128561 23.138163 23.147538 23.156682 23.165936 23.175449 23.185216
 23.194436 23.203613 23.212821 23.222363 23.231896 23.241197 23.250361
 23.259551 23.268955 23.278535 23.287816 23.297001 23.306057 23.315604
 23.32524  23.334555 23.343625 23.352853 23.362614 23.372366 23.381602
 23.390801 23.400054 23.409641 23.419378 23.428781 23.43805  23.447364
 23.456683 23.46647  23.475991 23.485379 23.494569 23.504091 23.513964
 23.523562 23.532799 23.542223 23.552005 23.5615   23.571341 23.580782
 23.590261 23.600033 23.609994 23.619973 23.629923 23.639368 23.648883
 23.658997 23.669045 23.678479 23.688023 23.697637 23.707596 23.717819
 23.727778 23.737358 23.746863 23.756987 23.7668   23.776759 23.786359
 23.795759 23.805614 23.815533 23.825311 23.834789 23.844198 23.854027
 23.864001 23.873638 23.883292 23.892866 23.902749 23.912529 23.922131
 23.931753 23.941358 23.951294 23.961099 23.970751 23.980414 23.989867
 23.999973 24.010082 24.019834 24.029404 24.038837 24.049335 24.059523
 24.06917  24.078683 24.088498 24.098568 24.10854  24.11821  24.127837
 24.137534 24.147275 24.157477 24.167585 24.17728  24.186857 24.196653
 24.207178 24.217341 24.226862 24.23645  24.246313 24.257061 24.267256
 24.276845 24.286734 24.296718 24.30719  24.317385 24.327    24.337142
 24.346942 24.357472 24.367684 24.377376 24.387435 24.397296 24.407821
 24.418282 24.42793  24.43813  24.447987 24.4587   24.469123 24.478734
 24.488971 24.49898  24.509547 24.520046 24.529676 24.539969 24.549786
 24.560246 24.570661 24.580676 24.590817 24.600737 24.611126 24.621584
 24.631668 24.641825 24.651581 24.661553 24.672022 24.682158 24.692012
 24.70186  24.711544 24.721601 24.731424 24.741177 24.750816 24.76039
 24.770296 24.780259 24.789784 24.799368 24.808895 24.81878  24.828737
 24.838196 24.847866 24.85731  24.866773 24.876441 24.886016 24.895666
 24.905019 24.914428 24.924101 24.933656 24.943746 24.95303  24.962598
 24.972182 24.981567 24.991309 25.000723 25.01032  25.01974 ]","[1.03751635e+02 1.11173384e+02 1.19098715e+02 1.27314635e+02
 1.36871149e+02 1.46564253e+02 1.57058307e+02 1.67967617e+02
 1.79543297e+02 1.92301358e+02 2.05832544e+02 2.20435877e+02
 2.35705857e+02 2.51971720e+02 2.69759536e+02 2.88341054e+02
 3.09248070e+02 3.31462702e+02 3.54340853e+02 3.78906193e+02
 4.04961534e+02 4.34081703e+02 4.65054068e+02 4.97029115e+02
 5.31381236e+02 5.68489890e+02 6.08411915e+02 6.52109870e+02
 6.97067668e+02 7.45877409e+02 7.98041354e+02 8.55398985e+02
 9.18848816e+02 9.83533225e+02 1.05109513e+03 1.12622789e+03
 1.20597932e+03 1.29448614e+03 1.38865215e+03 1.48476721e+03
 1.58970225e+03 1.70039632e+03 1.82345324e+03 1.95574033e+03
 2.08835424e+03 2.23677728e+03 2.38489224e+03 2.55723385e+03
 2.74288889e+03 2.93077868e+03 3.13586445e+03 3.34105573e+03
 3.57832125e+03 3.83921765e+03 4.09552165e+03 4.37821481e+03
 4.66298899e+03 4.99207372e+03 5.34587844e+03 5.69936820e+03
 6.08329028e+03 6.47687733e+03 6.91828841e+03 7.40396304e+03
 7.88557277e+03 8.41594128e+03 8.95059404e+03 9.55344493e+03
 1.02135986e+04 1.08840385e+04 1.15900553e+04 1.23169279e+04
 1.31381511e+04 1.40613097e+04 1.49635274e+04 1.58942025e+04
 1.68737341e+04 1.79837770e+04 1.92077872e+04 2.04192253e+04
 2.16749055e+04 2.30220505e+04 2.45127604e+04 2.61118611e+04
 2.77326091e+04 2.94424911e+04 3.12406828e+04 3.31536263e+04
 3.52447709e+04 3.74856328e+04 3.98019501e+04 4.21786756e+04
 4.47287096e+04 4.75833307e+04 5.07086628e+04 5.36853667e+04
 5.68774783e+04 6.03185451e+04 6.40974862e+04 6.81032885e+04
 7.20682645e+04 7.63512363e+04 8.08740419e+04 8.57327662e+04
 9.09431576e+04 9.62695399e+04 1.01906411e+05 1.07848188e+05
 1.14242895e+05 1.21075559e+05 1.28069190e+05 1.35514714e+05
 1.43362238e+05 1.51944562e+05 1.60885110e+05 1.69916902e+05
 1.79507615e+05 1.89947274e+05 2.01133522e+05 2.12874101e+05
 2.24685338e+05 2.37397592e+05 2.51315371e+05 2.65794884e+05
 2.81572754e+05 2.97202850e+05 3.13798614e+05 3.31993858e+05
 3.51724171e+05 3.72025392e+05 3.92688195e+05 4.14288388e+05
 4.36758387e+05 4.61976362e+05 4.88768562e+05 5.15330985e+05
 5.43064932e+05 5.73828763e+05 6.06357644e+05 6.40587584e+05
 6.75963940e+05 7.12064356e+05 7.49852940e+05 7.91285337e+05
 8.33334381e+05 8.78889321e+05 9.25026544e+05 9.72493480e+05
 1.02428234e+06 1.08030483e+06 1.13710572e+06 1.19462870e+06
 1.25626037e+06 1.32186534e+06 1.39271206e+06 1.46353490e+06
 1.53775222e+06 1.61517390e+06 1.69751320e+06 1.78699641e+06
 1.87949177e+06 1.97308820e+06 2.07053947e+06 2.17299495e+06
 2.28641845e+06 2.40559008e+06 2.52368563e+06 2.64513387e+06
 2.77565286e+06 2.91711875e+06 3.06403811e+06 3.20989751e+06
 3.36457783e+06 3.52807083e+06 3.70475117e+06 3.88635668e+06
 4.07199393e+06 4.26548865e+06 4.47080213e+06 4.69097198e+06
 4.92165015e+06 5.15444877e+06 5.39685235e+06 5.65127593e+06
 5.93320381e+06 6.22060473e+06 6.51282921e+06 6.81434805e+06
 7.13721087e+06 7.48290582e+06 7.84225010e+06 8.20292341e+06
 8.58544918e+06 8.98795127e+06 9.41657320e+06 9.85757625e+06
 1.03137992e+07 1.07911108e+07 1.12933574e+07 1.18181238e+07
 1.23835689e+07 1.29467244e+07 1.35433293e+07 1.41758974e+07
 1.48322318e+07 1.55305688e+07 1.62280590e+07 1.69643928e+07
 1.77695285e+07 1.85894527e+07 1.94423363e+07 2.03034266e+07
 2.12105321e+07 2.22076744e+07 2.32458501e+07 2.42954091e+07
 2.53522314e+07 2.33421959e+07 2.32242796e+07 2.29937008e+07
 2.26546537e+07 2.22507901e+07 2.17982306e+07 2.12879450e+07
 2.07329041e+07 2.01417864e+07 1.95111256e+07 1.88585146e+07
 1.81750795e+07 1.74438259e+07 1.66677778e+07 1.58400476e+07
 1.49684145e+07 1.40893647e+07 1.31999982e+07 1.23414732e+07
 1.15219900e+07 1.07557140e+07 1.00524563e+07 9.40179602e+06
 8.79608678e+06 8.22351221e+06 7.68018741e+06 7.16268481e+06
 6.67288797e+06 6.21728651e+06 5.80136197e+06 5.42813871e+06
 5.09505344e+06 4.80570403e+06 4.54577827e+06 4.31089870e+06
 4.09817283e+06 3.90219002e+06 3.72590684e+06 3.57056718e+06
 3.43426313e+06 3.31622330e+06 3.21142687e+06 3.11735512e+06
 3.02989942e+06 2.94824537e+06 2.87366001e+06 2.80705684e+06
 2.74927965e+06 2.70293270e+06 2.66481889e+06 2.63124165e+06
 2.59958600e+06 2.56870748e+06 2.53546272e+06 2.49988981e+06
 2.45957255e+06 2.41280143e+06 2.35890530e+06 2.29851022e+06
 2.23479511e+06 2.16817490e+06 2.10169390e+06 2.03796911e+06
 1.97716097e+06 1.92136965e+06 1.86885215e+06 1.81898478e+06
 1.76909814e+06 1.71792058e+06 1.66548781e+06 1.61278817e+06
 1.56101534e+06 1.51365220e+06 1.47092040e+06 1.43289103e+06
 1.39950283e+06 1.36750767e+06 1.33266003e+06 1.29334324e+06
 1.24786908e+06 1.19821051e+06 1.14679719e+06 1.09645040e+06
 1.05040597e+06 1.00871596e+06 9.71599211e+05 9.38411312e+05
 9.06608338e+05 8.75865341e+05 8.45779898e+05 8.16742627e+05
 7.89448320e+05 7.64455339e+05 7.41264399e+05 7.19902645e+05
 6.98473293e+05 6.77331180e+05 6.56725136e+05 6.37094255e+05
 6.19870447e+05 6.05492623e+05 5.93532089e+05 5.83152861e+05
 5.72826085e+05 5.61591760e+05 5.49117092e+05 5.35676321e+05
 5.22075069e+05 5.08890292e+05 4.96467396e+05 4.85405790e+05
 4.74446744e+05 4.63705961e+05 4.52551233e+05 4.40735764e+05
 4.28779313e+05 4.17287774e+05 4.06498758e+05 3.96792754e+05
 3.87828456e+05 3.79319809e+05 3.71265689e+05 3.63090798e+05
 3.55176111e+05 3.47321544e+05 3.39921241e+05 3.32679180e+05
 3.25691599e+05 3.18653727e+05 3.11415686e+05 3.04018287e+05
 2.96923059e+05 2.90255849e+05 2.84177481e+05 2.78712013e+05
 2.73821685e+05 2.69076749e+05 2.64425336e+05 2.59551363e+05
 2.54664816e+05 2.49914120e+05 2.45419077e+05 2.41392087e+05
 2.37766343e+05 2.34432581e+05 2.30923705e+05 2.26931445e+05
 2.22529344e+05 2.17572618e+05 2.12325720e+05 2.07097300e+05
 2.02171792e+05 1.97882909e+05 1.94534612e+05 1.91911001e+05
 1.89745286e+05 1.87999128e+05 1.86339866e+05 1.84760125e+05
 1.82971583e+05 1.81106627e+05 1.79138333e+05 1.77366613e+05
 1.75884011e+05 1.74276841e+05 1.72659950e+05 1.70427793e+05
 1.67486001e+05 1.63808070e+05 1.59745224e+05 1.55775615e+05
 1.52093832e+05 1.48795636e+05 1.46155804e+05 1.44205162e+05
 1.42772612e+05 1.41680594e+05 1.40569614e+05 1.39220032e+05
 1.37623871e+05 1.35734851e+05 1.33891206e+05 1.32148820e+05
 1.30606473e+05 1.29201415e+05 1.27806054e+05 1.26445371e+05
 1.24944237e+05 1.23353738e+05 1.21570439e+05 1.19687560e+05
 1.18102490e+05 1.16738499e+05 1.15581925e+05 1.14314138e+05
 1.12870721e+05 1.11148345e+05 1.09168080e+05 1.07122690e+05
 1.05076023e+05 1.03039377e+05 1.00943459e+05 9.89177562e+04
 9.67129889e+04 9.43929231e+04 9.17939989e+04 8.88187419e+04
 8.58763143e+04 8.30057833e+04 8.04767906e+04 7.81201220e+04
 7.61017088e+04 7.42358381e+04 7.22941819e+04 7.03722695e+04
 6.84863065e+04 6.67030045e+04 6.50657752e+04 6.37460078e+04
 6.28438201e+04 6.23481309e+04 6.22695023e+04 6.24210081e+04]",1,0.9854159595899017,,25352231.37271341
182,6152,424764.25,14.396887,14.997975,15.190591,838.56073,838.55234-838.56912,22705206.48658403,1635822.6966323853,55,1633855.5582521542,99.9,1175942.0345332106,71.9,"[3.19, 2.71]","[301.2173, 327.233]","[301.21826, 327.23389]","[100.0, 36.34357]","[14.475359 14.485359 14.495359 14.505359 14.515359 14.525359 14.535359
 14.545359 14.555359 14.565359 14.575359 14.585359 14.595359 14.605359
 14.615359 14.625359 14.635359 14.645359 14.655359 14.665359 14.675359
 14.685359 14.695359 14.705359 14.715359 14.725359 14.735359 14.745359
 14.755359 14.765359 14.775359 14.785359 14.795359 14.805359 14.805359
 14.814737 14.824283 14.833805 14.843612 14.853404 14.862837 14.872514
 14.882273 14.892092 14.902314 14.911586 14.921156 14.931116 14.940623
 14.950259 14.959664 14.969048 14.978735 14.98802  14.997975 15.00793
 15.017215 15.026902 15.036286 15.045691 15.055327 15.064834 15.074794
 15.084364 15.093636 15.103858 15.113677 15.123436 15.133113 15.142546
 15.152338 15.162145 15.171667 15.181213 15.190591 15.190591 15.200591
 15.210591 15.220591 15.230591 15.240591 15.250591 15.260591 15.270591
 15.280591 15.290591 15.300591 15.310591 15.320591 15.330591 15.340591
 15.350591 15.360591 15.370591 15.380591 15.390591 15.400591 15.410591
 15.420591 15.430591 15.440591 15.450591 15.460591 15.470591 15.480591
 15.490591 15.500591 15.510591 15.520591 15.530591]","[1.35351777e+02 1.88929348e+02 2.62145838e+02 3.61571827e+02
 4.95740360e+02 6.75650416e+02 9.15372574e+02 1.23276933e+03
 1.65034150e+03 2.19621018e+03 2.90524027e+03 3.82030720e+03
 4.99370170e+03 6.48865946e+03 8.38099236e+03 1.07607857e+04
 1.37341125e+04 1.74246994e+04 2.19754645e+04 2.75498292e+04
 3.43326902e+04 4.25309257e+04 5.23732968e+04 6.41096000e+04
 7.80089260e+04 9.43568876e+04 1.13451696e+05 1.35598990e+05
 1.61105361e+05 1.90270565e+05 2.23378464e+05 2.60686817e+05
 3.02416105e+05 3.48737652e+05 3.48737652e+05 3.96449477e+05
 4.49296828e+05 5.06278173e+05 5.69299129e+05 6.36395029e+05
 7.04674984e+05 7.78035211e+05 8.54901305e+05 9.34529385e+05
 1.01906635e+06 1.09641313e+06 1.17606216e+06 1.25778553e+06
 1.33369783e+06 1.40754757e+06 1.47566170e+06 1.53879129e+06
 1.59795996e+06 1.64812124e+06 1.63385556e+06 1.63295713e+06
 1.61151019e+06 1.57040305e+06 1.51372789e+06 1.44341519e+06
 1.36406164e+06 1.27832767e+06 1.18687441e+06 1.09220225e+06
 9.95925050e+05 9.01389259e+05 8.12521007e+05 7.30588831e+05
 6.58712663e+05 5.97618604e+05 5.47773274e+05 5.08551489e+05
 4.79176184e+05 4.58163615e+05 4.44415915e+05 3.48737652e+05
 3.02416105e+05 2.60686817e+05 2.23378464e+05 1.90270565e+05
 1.61105361e+05 1.35598990e+05 1.13451696e+05 9.43568876e+04
 7.80089260e+04 6.41096000e+04 5.23732968e+04 4.25309257e+04
 3.43326902e+04 2.75498292e+04 2.19754645e+04 1.74246994e+04
 1.37341125e+04 1.07607857e+04 8.38099236e+03 6.48865946e+03
 4.99370170e+03 3.82030720e+03 2.90524027e+03 2.19621018e+03
 1.65034150e+03 1.23276933e+03 9.15372574e+02 6.75650416e+02
 4.95740360e+02 3.61571827e+02 2.62145838e+02 1.88929348e+02
 1.35351777e+02 9.63910200e+01]",1,0.9916195699080148,,1648121.239906214
183,7790,7360972.0,18.318684,18.948084,19.237682,838.56104,838.55265-838.56942,363584209.70637566,25660568.974975586,95,25310063.913008805,98.6,24611279.217324242,95.9,[1.37],"[301.2173, 327.233]",[301.21771],[59.709],"[18.318684 18.328123 18.337829 18.347082 18.356495 18.36562  18.375618
 18.385368 18.3946   18.404016 18.41332  18.422892 18.432165 18.441934
 18.451378 18.460984 18.470531 18.480385 18.489958 18.499766 18.509617
 18.519217 18.52895  18.538296 18.548355 18.558626 18.568534 18.578164
 18.587727 18.597325 18.607304 18.617329 18.62713  18.636776 18.646604
 18.656428 18.666372 18.676105 18.685672 18.695236 18.705117 18.715736
 18.725304 18.735042 18.744789 18.75461  18.764637 18.774163 18.78357
 18.793311 18.802876 18.813093 18.822542 18.831951 18.841604 18.851257
 18.86114  18.870517 18.880292 18.890198 18.899727 18.909399 18.918519
 18.928034 18.938332 18.948084 18.957836 18.968134 18.977649 18.986769
 18.996441 19.00597  19.015876 19.025651 19.035028 19.044911 19.054564
 19.064217 19.073626 19.083075 19.093292 19.102857 19.112598 19.122005
 19.131531 19.141558 19.151379 19.161126 19.170864 19.180432 19.191051
 19.200932 19.210496 19.220063 19.229796 19.23974  19.249564 19.259392
 19.269038 19.278839 19.288864 19.298843 19.308441 19.318004 19.327634
 19.337542 19.347813 19.357872 19.367218 19.376951 19.386551 19.396402
 19.40621  19.415783 19.425637 19.435184 19.44479  19.454234 19.464003
 19.473276 19.482848 19.492152 19.501568]","[3.37765659e+05 3.45748501e+05 3.57089322e+05 3.72557437e+05
 3.92206539e+05 4.15753909e+05 4.43197453e+05 4.73195544e+05
 5.05214638e+05 5.38610714e+05 5.73536100e+05 6.10263448e+05
 6.48938854e+05 6.89410138e+05 7.31079880e+05 7.73049409e+05
 8.14785331e+05 8.56165713e+05 8.97416583e+05 9.38832430e+05
 9.81286625e+05 1.02413542e+06 1.06852124e+06 1.11387231e+06
 1.16021619e+06 1.20573539e+06 1.25092831e+06 1.29557313e+06
 1.33985682e+06 1.38499531e+06 1.43143199e+06 1.48003498e+06
 1.53028957e+06 1.58169064e+06 1.63509094e+06 1.69165227e+06
 1.75489798e+06 1.82928216e+06 1.91990534e+06 2.03269405e+06
 2.17560344e+06 2.35646833e+06 2.58377673e+06 2.86997251e+06
 3.22042903e+06 3.64502905e+06 4.15389824e+06 4.75708285e+06
 5.46859485e+06 6.29840156e+06 7.26513642e+06 8.36869320e+06
 9.61273713e+06 1.09900516e+07 1.24834888e+07 1.40635327e+07
 1.57041265e+07 1.73633383e+07 1.89965315e+07 2.05625896e+07
 2.20078602e+07 2.32742041e+07 2.43210003e+07 2.50925736e+07
 2.55484807e+07 2.56525826e+07 2.60030861e+07 2.48929294e+07
 2.37495342e+07 2.25660764e+07 2.12375842e+07 1.98754424e+07
 1.84253142e+07 1.69814848e+07 1.56028738e+07 1.41745179e+07
 1.28194280e+07 1.15172710e+07 1.03094436e+07 9.16564787e+06
 8.01374594e+06 7.01950758e+06 6.09275204e+06 5.28014404e+06
 4.53842302e+06 3.84306238e+06 3.24281373e+06 2.72129360e+06
 2.26864950e+06 1.88488398e+06 1.52282175e+06 1.23971484e+06
 1.00922244e+06 8.16199041e+05 6.53285855e+05 5.16762539e+05
 4.07105407e+05 3.18490428e+05 2.48632446e+05 1.92019920e+05
 1.46385908e+05 1.10945253e+05 8.44134228e+04 6.38728058e+04
 4.79199462e+04 3.54097550e+04 2.56869981e+04 1.86217982e+04
 1.37223770e+04 9.91922044e+03 7.15458113e+03 5.08183333e+03
 3.59026053e+03 2.54085747e+03 1.76794831e+03 1.23595950e+03
 8.56515961e+02 5.93434712e+02 4.03298168e+02 2.77759096e+02
 1.87802367e+02 1.27578983e+02 8.57259536e+01]",1,0.9889748884305923,,26003086.131797783
184,8178,849166.94,19.610562,19.858639,20.586221,838.56104,838.55265-838.56942,65606028.999059066,3359107.7232437134,99,2811490.7412621854,83.7,3357676.5487409295,100.0,[1.77],"[301.2173, 327.233]",[301.21783],[100.0],"[19.290562 19.300562 19.310562 19.320562 19.330562 19.340562 19.350562
 19.360562 19.370562 19.380562 19.390562 19.400562 19.410562 19.420562
 19.430562 19.440562 19.450562 19.460562 19.470562 19.480562 19.490562
 19.500562 19.510562 19.520562 19.530562 19.540562 19.550562 19.560562
 19.570562 19.580562 19.590562 19.600562 19.610562 19.620046 19.629254
 19.638432 19.648302 19.657986 19.667444 19.676663 19.685863 19.695739
 19.705743 19.715403 19.724624 19.733868 19.743745 19.753859 19.763417
 19.77273  19.782036 19.791672 19.801424 19.810867 19.820211 19.829542
 19.839456 19.849074 19.858639 19.868204 19.877822 19.887736 19.897067
 19.906411 19.915854 19.925606 19.935242 19.944548 19.953861 19.963419
 19.973533 19.98341  19.992654 20.001875 20.011535 20.021539 20.031415
 20.040615 20.049834 20.059292 20.068976 20.078846 20.088024 20.097232
 20.106716 20.116716 20.126716 20.136716 20.146716 20.156716 20.166716
 20.176716 20.186716 20.196716 20.206716 20.216716 20.226716 20.236716
 20.246716 20.256716 20.266716 20.276716 20.286716 20.296716 20.306716
 20.316716 20.326716 20.336716 20.346716 20.356716 20.366716 20.376716
 20.386716 20.396716 20.406716 20.416716 20.426716]","[7.62460988e+01 1.08282970e+02 1.52890954e+02 2.14626093e+02
 2.99545188e+02 4.15643766e+02 5.73402118e+02 7.86459590e+02
 1.07243908e+03 1.45394489e+03 1.95975760e+03 2.62624881e+03
 3.49903653e+03 4.63489801e+03 6.10395026e+03 7.99209960e+03
 1.04037495e+04 1.34647404e+04 1.73254761e+04 2.21641699e+04
 2.81901159e+04 3.56468656e+04 4.48151583e+04 5.60154227e+04
 6.96096418e+04 8.60023419e+04 1.05640453e+05 1.29011768e+05
 1.56641741e+05 1.89088349e+05 2.26934820e+05 2.70780012e+05
 5.47331245e+05 5.56711979e+05 5.71694740e+05 5.94617336e+05
 6.26523584e+05 6.69361939e+05 7.25995936e+05 7.97431919e+05
 8.85406137e+05 9.91449324e+05 1.11578046e+06 1.25634433e+06
 1.41139795e+06 1.57925181e+06 1.75658962e+06 1.94094810e+06
 2.12901892e+06 2.31572114e+06 2.49651647e+06 2.66764133e+06
 2.82618787e+06 2.96862287e+06 3.09470241e+06 3.19996575e+06
 3.28109117e+06 3.33360460e+06 3.35767655e+06 3.38323479e+06
 3.27980352e+06 3.15869570e+06 3.03294951e+06 2.89733369e+06
 2.75223334e+06 2.59586680e+06 2.43683944e+06 2.28081379e+06
 2.12395604e+06 1.96387432e+06 1.79719152e+06 1.63866009e+06
 1.49529120e+06 1.35804917e+06 1.22128139e+06 1.08791456e+06
 9.65031988e+05 8.58696149e+05 7.60137755e+05 6.67338070e+05
 5.80913946e+05 5.01519872e+05 4.35246920e+05 3.75706016e+05
 3.21226352e+05 2.70780012e+05 2.26934820e+05 1.89088349e+05
 1.56641741e+05 1.29011768e+05 1.05640453e+05 8.60023419e+04
 6.96096418e+04 5.60154227e+04 4.48151583e+04 3.56468656e+04
 2.81901159e+04 2.21641699e+04 1.73254761e+04 1.34647404e+04
 1.04037495e+04 7.99209960e+03 6.10395026e+03 4.63489801e+03
 3.49903653e+03 2.62624881e+03 1.95975760e+03 1.45394489e+03
 1.07243908e+03 7.86459590e+02 5.73402118e+02 4.15643766e+02
 2.99545188e+02 2.14626093e+02 1.52890954e+02 1.08282970e+02
 7.62460988e+01]",1,0.9925174662007263,,3383234.7937922706
185,7959,385460.91,19.237682,19.373106,19.610562,838.56171,838.55332-838.57009,26152182.190225963,1641788.9066925049,39,598943.8505408922,36.5,1094061.471226639,66.6,[3.19],"[301.2173, 327.233]",[301.21826],[32.63723],"[18.67565  18.68565  18.69565  18.70565  18.71565  18.72565  18.73565
 18.74565  18.75565  18.76565  18.77565  18.78565  18.79565  18.80565
 18.81565  18.82565  18.83565  18.84565  18.85565  18.86565  18.87565
 18.88565  18.89565  18.90565  18.91565  18.92565  18.93565  18.94565
 18.95565  18.96565  18.97565  18.98565  18.99565  19.00565  19.01565
 19.02565  19.03565  19.04565  19.05565  19.06565  19.07565  19.08565
 19.09565  19.10565  19.11565  19.12565  19.13565  19.13565  19.145169
 19.155077 19.164267 19.173449 19.182956 19.192477 19.202427 19.211605
 19.220774 19.23051  19.24005  19.249884 19.259054 19.268247 19.2778
 19.287757 19.297315 19.306634 19.315879 19.32531  19.334909 19.344711
 19.354054 19.363312 19.373106 19.3829   19.392158 19.401501 19.411303
 19.420902 19.430333 19.439578 19.448897 19.458455 19.468412 19.477965
 19.487158 19.496328 19.506162 19.515702 19.525438 19.534607 19.543785
 19.553735 19.563256 19.572763 19.581945 19.591135 19.601043 19.610562
 19.610562 19.620562 19.630562 19.640562 19.650562 19.660562 19.670562
 19.680562 19.690562 19.700562 19.710562 19.720562 19.730562 19.740562
 19.750562 19.760562 19.770562 19.780562 19.790562 19.800562 19.810562
 19.820562 19.830562 19.840562 19.850562 19.860562 19.870562 19.880562
 19.890562 19.900562 19.910562 19.920562 19.930562 19.940562 19.950562
 19.960562 19.970562 19.980562 19.990562 20.000562 20.010562 20.020562
 20.030562 20.040562 20.050562 20.060562 20.070562 20.080562]","[1.24562900e+02 1.60475096e+02 2.06039395e+02 2.63643203e+02
 3.36206870e+02 4.27287588e+02 5.41199843e+02 6.83154190e+02
 8.59416130e+02 1.07748679e+03 1.34630699e+03 1.67648602e+03
 2.08055625e+03 2.57325412e+03 3.17182767e+03 3.89636989e+03
 4.77017668e+03 5.82012674e+03 7.07708006e+03 8.57629015e+03
 1.03578237e+04 1.24669796e+04 1.49546990e+04 1.78779532e+04
 2.13000981e+04 2.52911805e+04 2.99281788e+04 3.52951611e+04
 4.14833421e+04 4.85910179e+04 5.67233597e+04 6.59920448e+04
 7.65147063e+04 8.84141824e+04 1.01817551e+05 1.16854932e+05
 1.33658055e+05 1.52358580e+05 1.73086178e+05 1.95966371e+05
 2.21118154e+05 2.48651419e+05 2.78664197e+05 3.11239778e+05
 3.46443732e+05 3.84320907e+05 4.24892440e+05 4.24892440e+05
 4.66010880e+05 5.11365822e+05 5.55710763e+05 6.02128622e+05
 6.52306039e+05 7.04575333e+05 7.61170184e+05 8.14960968e+05
 8.70003538e+05 9.29612239e+05 9.88885096e+05 1.05053551e+06
 1.10819415e+06 1.16582426e+06 1.22515385e+06 1.28595539e+06
 1.34289298e+06 1.39665099e+06 1.44787867e+06 1.49758353e+06
 1.54512169e+06 1.59007496e+06 1.62917947e+06 1.66399916e+06
 1.64024728e+06 1.64002476e+06 1.62660932e+06 1.60111312e+06
 1.56623971e+06 1.52543355e+06 1.48002492e+06 1.43130975e+06
 1.37752426e+06 1.31810739e+06 1.25323208e+06 1.18215268e+06
 1.10666927e+06 1.02944340e+06 9.53342816e+05 8.80989376e+05
 8.15024025e+05 7.55309908e+05 7.03274502e+05 6.58851439e+05
 6.21833316e+05 5.92271377e+05 5.69654303e+05 5.53829621e+05
 5.43534897e+05 5.38116813e+05 4.24892440e+05 3.84320907e+05
 3.46443732e+05 3.11239778e+05 2.78664197e+05 2.48651419e+05
 2.21118154e+05 1.95966371e+05 1.73086178e+05 1.52358580e+05
 1.33658055e+05 1.16854932e+05 1.01817551e+05 8.84141824e+04
 7.65147063e+04 6.59920448e+04 5.67233597e+04 4.85910179e+04
 4.14833421e+04 3.52951611e+04 2.99281788e+04 2.52911805e+04
 2.13000981e+04 1.78779532e+04 1.49546990e+04 1.24669796e+04
 1.03578237e+04 8.57629015e+03 7.07708006e+03 5.82012674e+03
 4.77017668e+03 3.89636989e+03 3.17182767e+03 2.57325412e+03
 2.08055625e+03 1.67648602e+03 1.34630699e+03 1.07748679e+03
 8.59416130e+02 6.83154190e+02 5.41199843e+02 4.27287588e+02
 3.36206870e+02 2.63643203e+02 2.06039395e+02 1.60475096e+02
 1.24562900e+02 9.63592624e+01]",1,0.9885030806926914,,1663999.162962496
186,11752,198930.16,27.755016,28.733987,30.724199,838.59741,838.58903-838.6058,50080519.15658362,668580.1382265091,276,652897.4848920191,97.7,604135.0847343837,90.4,[1.47],"[301.2173, 327.233]",[301.21774],[97.48707],"[27.395016 27.405016 27.415016 27.425016 27.435016 27.445016 27.455016
 27.465016 27.475016 27.485016 27.495016 27.505016 27.515016 27.525016
 27.535016 27.545016 27.555016 27.565016 27.575016 27.585016 27.595016
 27.605016 27.615016 27.625016 27.635016 27.645016 27.655016 27.665016
 27.675016 27.685016 27.695016 27.705016 27.715016 27.725016 27.735016
 27.745016 27.755016 27.765304 27.775868 27.786322 27.796324 27.806155
 27.816814 27.827385 27.838005 27.848032 27.858274 27.868927 27.879651
 27.890237 27.900999 27.911347 27.921887 27.932531 27.943215 27.953474
 27.963833 27.974503 27.985154 27.995765 28.006057 28.016486 28.027163
 28.037825 28.048406 28.058693 28.069128 28.079934 28.090627 28.101189
 28.111488 28.12193  28.132876 28.144153 28.154618 28.164937 28.175929
 28.186401 28.197136 28.207766 28.218053 28.228983 28.239467 28.250731
 28.261328 28.271628 28.282609 28.293082 28.304322 28.31491  28.325292
 28.336297 28.346788 28.357364 28.367936 28.378328 28.389325 28.400397
 28.411016 28.421322 28.432087 28.442963 28.454215 28.46476  28.475057
 28.485697 28.496608 28.507795 28.518383 28.52881  28.539503 28.550499
 28.561613 28.572222 28.582547 28.593193 28.604199 28.61532  28.625979
 28.636501 28.647375 28.658462 28.669251 28.680062 28.690808 28.701756
 28.712305 28.723244 28.733987 28.74473  28.755669 28.766218 28.777166
 28.787912 28.798723 28.809512 28.820599 28.831473 28.841995 28.852654
 28.863775 28.874781 28.885427 28.895752 28.906361 28.917475 28.928471
 28.939164 28.949591 28.960179 28.971366 28.982277 28.992917 29.003214
 29.013759 29.025011 29.035887 29.046652 29.056958 29.067577 29.078649
 29.089646 29.100038 29.11061  29.121186 29.131677 29.142682 29.153064
 29.163652 29.174892 29.185365 29.196346 29.206646 29.217243 29.228507
 29.238991 29.249921 29.260208 29.270838 29.281573 29.292045 29.303037
 29.313356 29.323821 29.335098 29.346044 29.356486 29.366785 29.377347
 29.38804  29.398846 29.409281 29.419568 29.430149 29.440811 29.451488
 29.461917 29.472209 29.48282  29.493471 29.504141 29.5145   29.524759
 29.535443 29.546087 29.556627 29.566975 29.577737 29.588323 29.599047
 29.6097   29.619942 29.629969 29.640589 29.65116  29.661819 29.67165
 29.681652 29.692106 29.70267  29.712958 29.722958 29.732958 29.742958
 29.752958 29.762958 29.772958 29.782958 29.792958 29.802958 29.812958
 29.822958 29.832958 29.842958 29.852958 29.862958 29.872958 29.882958
 29.892958 29.902958 29.912958 29.922958 29.932958 29.942958 29.952958
 29.962958 29.972958 29.982958 29.992958 30.002958 30.012958 30.022958
 30.032958 30.042958 30.052958 30.062958 30.072958]","[8.77099581e+01 1.00686115e+02 1.15457858e+02 1.32254555e+02
 1.51332085e+02 1.72975512e+02 1.97501985e+02 2.25263869e+02
 2.56652113e+02 2.92099881e+02 3.32086446e+02 3.77141350e+02
 4.27848865e+02 4.84852735e+02 5.48861221e+02 6.20652455e+02
 7.01080099e+02 7.91079323e+02 8.91673088e+02 1.00397874e+03
 1.12921492e+03 1.26870874e+03 1.42390326e+03 1.59636527e+03
 1.78779324e+03 2.00002554e+03 2.23504887e+03 2.49500683e+03
 2.78220859e+03 3.09913765e+03 3.44846067e+03 3.83303620e+03
 4.25592334e+03 4.72039025e+03 5.22992240e+03 5.78823049e+03
 1.48748932e+04 1.54199999e+04 1.61397747e+04 1.70707510e+04
 1.81947365e+04 1.93843810e+04 2.05803890e+04 2.17196086e+04
 2.27784259e+04 2.37125016e+04 2.45923259e+04 2.54287323e+04
 2.63427426e+04 2.74615673e+04 2.88940187e+04 3.06921022e+04
 3.28392573e+04 3.52387273e+04 3.76884780e+04 4.01437464e+04
 4.26432490e+04 4.51922587e+04 4.78880448e+04 5.09064156e+04
 5.43253466e+04 5.80801564e+04 6.21628387e+04 6.66123742e+04
 7.14620633e+04 7.66446921e+04 8.21151228e+04 8.78108977e+04
 9.38194726e+04 1.00183531e+05 1.07059002e+05 1.14404338e+05
 1.22340316e+05 1.30772542e+05 1.39674425e+05 1.49137181e+05
 1.59117710e+05 1.69415120e+05 1.79816789e+05 1.90238733e+05
 2.00636278e+05 2.11147722e+05 2.21998729e+05 2.33510575e+05
 2.46207447e+05 2.59710036e+05 2.74484279e+05 2.89782384e+05
 3.05344162e+05 3.20784428e+05 3.35860404e+05 3.50958262e+05
 3.65966668e+05 3.80722694e+05 3.95763588e+05 4.11026176e+05
 4.26620749e+05 4.42033898e+05 4.56616231e+05 4.69873456e+05
 4.81915677e+05 4.92263559e+05 5.01844630e+05 5.11150043e+05
 5.20500378e+05 5.30654016e+05 5.41341565e+05 5.53058116e+05
 5.65056444e+05 5.76601729e+05 5.87209834e+05 5.96302970e+05
 6.04196787e+05 6.10914528e+05 6.17142931e+05 6.23026772e+05
 6.29221982e+05 6.34777547e+05 6.39744044e+05 6.43629631e+05
 6.46494182e+05 6.49088003e+05 6.52013720e+05 6.55743934e+05
 6.59710424e+05 6.63568495e+05 6.66729004e+05 6.68703870e+05
 6.69403257e+05 6.53950457e+05 6.56571490e+05 6.58306634e+05
 6.59277918e+05 6.59406069e+05 6.58709540e+05 6.57191620e+05
 6.54781437e+05 6.51589423e+05 6.47731445e+05 6.43065852e+05
 6.37403649e+05 6.31022727e+05 6.24137699e+05 6.16813906e+05
 6.08651329e+05 5.99437813e+05 5.89688451e+05 5.79636975e+05
 5.69326402e+05 5.58376222e+05 5.46319657e+05 5.34118858e+05
 5.21840123e+05 5.09635277e+05 4.96845116e+05 4.82914324e+05
 4.69213178e+05 4.55464133e+05 4.42162666e+05 4.28351643e+05
 4.13876137e+05 3.99461625e+05 3.85840634e+05 3.72016868e+05
 3.58252571e+05 3.44692459e+05 3.30598686e+05 3.17452423e+05
 3.04220391e+05 2.90393424e+05 2.77736552e+05 2.64722414e+05
 2.52772246e+05 2.40753591e+05 2.28302057e+05 2.17026011e+05
 2.05604061e+05 1.95174697e+05 1.84732195e+05 1.74538204e+05
 1.64939274e+05 1.55234107e+05 1.46470277e+05 1.37926322e+05
 1.29106247e+05 1.20926654e+05 1.13470877e+05 1.06445360e+05
 9.95740121e+04 9.29555651e+04 8.66057901e+04 8.07897306e+04
 7.53522266e+04 7.00576996e+04 6.50196825e+04 6.02637960e+04
 5.58882679e+04 5.18223534e+04 4.78827650e+04 4.41756901e+04
 4.06999709e+04 3.75434153e+04 3.46192978e+04 3.17776407e+04
 2.91430156e+04 2.67173564e+04 2.45039177e+04 2.23689058e+04
 2.04255611e+04 1.86061002e+04 1.69384433e+04 1.54584365e+04
 1.41194203e+04 1.28123657e+04 1.16175254e+04 1.05127391e+04
 9.57677288e+03 8.70071876e+03 7.86156755e+03 7.08731137e+03
 6.39925801e+03 5.78823049e+03 5.22992240e+03 4.72039025e+03
 4.25592334e+03 3.83303620e+03 3.44846067e+03 3.09913765e+03
 2.78220859e+03 2.49500683e+03 2.23504887e+03 2.00002554e+03
 1.78779324e+03 1.59636527e+03 1.42390326e+03 1.26870874e+03
 1.12921492e+03 1.00397874e+03 8.91673088e+02 7.91079323e+02
 7.01080099e+02 6.20652455e+02 5.48861221e+02 4.84852735e+02
 4.27848865e+02 3.77141350e+02 3.32086446e+02 2.92099881e+02
 2.56652113e+02 2.25263869e+02 1.97501985e+02 1.72975512e+02
 1.51332085e+02 1.32254555e+02 1.15457858e+02 1.00686115e+02
 8.77099581e+01]",1,0.9991273040470985,,669403.2567804857
187,7284,415020.84,17.372662,17.712972,17.98696,840.57574,840.56734-840.58415,25158641.295310773,1655207.3279685974,63,1655345.5456458824,100.0,1388180.939948882,83.9,[2.18],"[301.2173, 327.233]",[301.21796],[100.0],"[17.108984 17.118984 17.128984 17.138984 17.148984 17.158984 17.168984
 17.178984 17.188984 17.198984 17.208984 17.218984 17.228984 17.238984
 17.248984 17.258984 17.268984 17.278984 17.288984 17.298984 17.308984
 17.318984 17.328984 17.338984 17.348984 17.358984 17.368984 17.378984
 17.388984 17.398984 17.408984 17.418984 17.428984 17.438984 17.438984
 17.449001 17.458312 17.467778 17.477074 17.486824 17.496722 17.506056
 17.51551  17.524759 17.534511 17.544434 17.554018 17.563287 17.572861
 17.582227 17.59176  17.601405 17.610617 17.61971  17.62919  17.639014
 17.648288 17.65749  17.666567 17.675835 17.685402 17.694668 17.703915
 17.712972 17.722029 17.731276 17.740542 17.750109 17.759377 17.768454
 17.777656 17.78693  17.796754 17.806234 17.815327 17.824539 17.834184
 17.843717 17.853083 17.862657 17.871926 17.88151  17.891433 17.901185
 17.910434 17.919888 17.929222 17.93912  17.94887  17.958166 17.967632
 17.976943 17.98696  17.98696  17.99696  18.00696  18.01696  18.02696
 18.03696  18.04696  18.05696  18.06696  18.07696  18.08696  18.09696
 18.10696  18.11696  18.12696  18.13696  18.14696  18.15696  18.16696
 18.17696  18.18696  18.19696  18.20696  18.21696  18.22696  18.23696
 18.24696  18.25696  18.26696  18.27696  18.28696  18.29696  18.30696
 18.31696  18.32696 ]","[1.10580866e+02 1.47249504e+02 1.95244307e+02 2.57782602e+02
 3.38906196e+02 4.43665949e+02 5.78340187e+02 7.50691205e+02
 9.70264111e+02 1.24873214e+03 1.60029223e+03 2.04211402e+03
 2.59484465e+03 3.28317036e+03 4.13643457e+03 5.18930961e+03
 6.48251739e+03 8.06359081e+03 9.98766474e+03 1.23182812e+04
 1.51281895e+04 1.85001172e+04 2.25274839e+04 2.73150235e+04
 3.29792788e+04 3.96489246e+04 4.74648763e+04 5.65801350e+04
 6.71593196e+04 7.93778406e+04 9.34206652e+04 1.09480637e+05
 1.27756309e+05 1.48449276e+05 1.48449276e+05 1.71802946e+05
 1.96041015e+05 2.23343802e+05 2.52913023e+05 2.87004387e+05
 3.24968493e+05 3.63965164e+05 4.06694924e+05 4.51682031e+05
 5.02529397e+05 5.57824059e+05 6.14547570e+05 6.72381265e+05
 7.35009376e+05 7.98894811e+05 8.66295030e+05 9.36580178e+05
 1.00530284e+06 1.07426775e+06 1.14690250e+06 1.22241303e+06
 1.29336593e+06 1.36289551e+06 1.43008091e+06 1.49667079e+06
 1.56265621e+06 1.62329518e+06 1.68002108e+06 1.65534555e+06
 1.64633764e+06 1.62221691e+06 1.58480558e+06 1.53686618e+06
 1.47895550e+06 1.41205436e+06 1.33730618e+06 1.25656175e+06
 1.17142335e+06 1.08588597e+06 1.00089202e+06 9.18706500e+05
 8.39379381e+05 7.63231702e+05 6.90781567e+05 6.23375129e+05
 5.61612716e+05 5.06223615e+05 4.57661835e+05 4.15993637e+05
 3.80157523e+05 3.49878871e+05 3.25020713e+05 3.04947065e+05
 2.89555203e+05 2.78143014e+05 2.69724907e+05 2.63888176e+05
 2.59909130e+05 1.48449276e+05 1.27756309e+05 1.09480637e+05
 9.34206652e+04 7.93778406e+04 6.71593196e+04 5.65801350e+04
 4.74648763e+04 3.96489246e+04 3.29792788e+04 2.73150235e+04
 2.25274839e+04 1.85001172e+04 1.51281895e+04 1.23182812e+04
 9.98766474e+03 8.06359081e+03 6.48251739e+03 5.18930961e+03
 4.13643457e+03 3.28317036e+03 2.59484465e+03 2.04211402e+03
 1.60029223e+03 1.24873214e+03 9.70264111e+02 7.50691205e+02
 5.78340187e+02 4.43665949e+02 3.38906196e+02 2.57782602e+02
 1.95244307e+02 1.47249504e+02 1.10580866e+02 8.26907275e+01]",1,0.9913679449660936,,1680021.0830879293
188,3991,298206.56,9.4829321,9.6916977,10.457803,842.49908,842.49066-842.50751,15787312.922071083,1194150.8004226685,94,1147478.6825391513,96.1,1193848.7733656743,100.0,[3.29],"[301.2173, 327.233]",[301.21829],[81.4587],"[ 9.1885494  9.1984404  9.2090874  9.2192984  9.2293914  9.2393814
  9.2494154  9.2602314  9.2702364  9.2805314  9.2906804  9.3015134
  9.3121744  9.3222134  9.3325454  9.3433824  9.3535244  9.3641544
  9.3741564  9.3846334  9.3953724  9.4055213  9.4162882  9.4264484
  9.4367683  9.4476058  9.457865   9.4687132  9.4793459  9.490088
  9.5008299  9.5116897  9.5223626  9.533007   9.5436995  9.5545153
  9.5651734  9.5759834  9.5867808  9.5968632  9.6075266  9.6182091
  9.6283901  9.6391367  9.6497558  9.6603579  9.670888   9.6810751
  9.6916977  9.7023203  9.7125074  9.7230375  9.7336396  9.7442587
  9.7550053  9.7651863  9.7758688  9.7865322  9.7966146  9.807412
  9.818222   9.8288801  9.8396959  9.8503884  9.8610328  9.8717057
  9.8825655  9.8933074  9.9040495  9.9146822  9.9255304  9.9357896
  9.9466271  9.956947   9.9671072  9.9778741  9.988023   9.998762
 10.009239  10.019241  10.029871  10.040013  10.05085   10.061182
 10.071221  10.081882  10.092715  10.102864  10.113159  10.123164
 10.13398   10.144014  10.154004  10.164097  10.174308  10.184955
 10.194846  10.204515  10.214506  10.224864  10.235301  10.244886
 10.254396  10.264538  10.274843  10.285385  10.295593  10.305178
 10.315209  10.325672  10.336315  10.346825  10.35631   10.366349
 10.376283  10.386947  10.397288  10.407316  10.417638  10.427175
 10.437386  10.447597  10.457803 ]","[1.04263370e+02 1.44312855e+02 2.03488301e+02 2.81192982e+02
 3.84847445e+02 5.22008935e+02 7.04924676e+02 9.68190194e+02
 1.29075829e+03 1.72480762e+03 2.28171503e+03 3.05587282e+03
 4.04701468e+03 5.24110437e+03 6.79768797e+03 8.87067297e+03
 1.13105315e+04 1.44987716e+04 1.82067484e+04 2.29695550e+04
 2.89569553e+04 3.58244481e+04 4.46091174e+04 5.45314657e+04
 6.64666610e+04 8.12849227e+04 9.77351471e+04 1.17985604e+05
 1.40971764e+05 1.67635079e+05 1.98023152e+05 2.32773359e+05
 2.71065241e+05 3.13477057e+05 3.60392335e+05 4.12230757e+05
 4.67517378e+05 5.27639974e+05 5.91431660e+05 6.53975851e+05
 7.22725864e+05 7.93628541e+05 8.62386292e+05 9.35371506e+05
 1.00696908e+06 1.07693331e+06 1.14389484e+06 1.20530236e+06
 1.19410956e+06 1.18657601e+06 1.16012135e+06 1.11576401e+06
 1.05505205e+06 9.81885778e+05 9.00302165e+05 8.13946535e+05
 7.27075410e+05 6.43089919e+05 5.63746969e+05 4.91311159e+05
 4.26974800e+05 3.71153764e+05 3.22974371e+05 2.81945369e+05
 2.46900951e+05 2.16876822e+05 1.91218242e+05 1.69469095e+05
 1.50980621e+05 1.35350401e+05 1.22187317e+05 1.10894823e+05
 1.01213737e+05 9.27312603e+04 8.51111376e+04 7.82739788e+04
 7.17872561e+04 6.54655206e+04 5.92826557e+04 5.32791796e+04
 4.75284837e+04 4.22063229e+04 3.74638615e+04 3.33327769e+04
 2.98140240e+04 2.67458555e+04 2.40422673e+04 2.16208012e+04
 1.95222114e+04 1.78230161e+04 1.64620180e+04 1.55320540e+04
 1.48733149e+04 1.43211370e+04 1.37809661e+04 1.30721533e+04
 1.22573944e+04 1.13255772e+04 1.03472228e+04 9.36622777e+03
 8.43684317e+03 7.61354988e+03 6.81560710e+03 6.06315608e+03
 5.31917778e+03 4.69646999e+03 4.25364511e+03 4.00235248e+03
 3.85115087e+03 3.79874518e+03 3.76010480e+03 3.65661969e+03
 3.55136967e+03 3.46081876e+03 3.29681565e+03 3.02024978e+03
 2.58839994e+03 2.06933046e+03 1.51421132e+03 1.02170392e+03
 6.20222610e+02 3.23617135e+02 1.40285859e+02]",1,0.9945153425447554,,1205302.36439405
189,4294,5495941.0,10.040013,10.468176,11.230696,844.51416,844.50572-844.52261,266364564.3305503,23654941.1506958,116,23620701.842596386,99.9,23554527.268893257,99.6,[1.37],"[301.2173, 327.233]",[301.21771],[88.29632],"[ 9.949163  9.959446  9.969576  9.979893  9.990293 10.00082  10.011284
 10.021241 10.031277 10.041702 10.052175 10.062517 10.072628 10.082828
 10.093294 10.103592 10.113961 10.123763 10.134146 10.144438 10.154917
 10.164889 10.174348 10.184565 10.194934 10.205274 10.214894 10.224966
 10.235289 10.245775 10.255744 10.265311 10.275176 10.285498 10.295784
 10.305838 10.315462 10.325608 10.336223 10.346486 10.357007 10.366727
 10.377223 10.387735 10.398031 10.408188 10.417834 10.428199 10.438422
 10.448807 10.458621 10.468176 10.477731 10.487545 10.49793  10.508153
 10.518518 10.528164 10.538321 10.548617 10.559129 10.569625 10.579345
 10.589866 10.600129 10.610744 10.62089  10.630514 10.640568 10.650854
 10.661176 10.671041 10.680608 10.690577 10.701063 10.711386 10.721458
 10.731078 10.741418 10.751787 10.762004 10.771463 10.781435 10.791914
 10.802206 10.812589 10.822391 10.83276  10.843058 10.853524 10.863724
 10.873835 10.884177 10.89465  10.905075 10.915111 10.925068 10.935532
 10.946059 10.956459 10.966776 10.976906 10.987189 10.997755 11.008374
 11.018724 11.029033 11.03934  11.050228 11.060907 11.071226 11.081524
 11.09241  11.103251 11.113824 11.124193 11.134556 11.145566 11.156254
 11.166842 11.177779 11.188279 11.198462 11.209185 11.219742 11.230696]","[1.49029838e+02 2.25556392e+02 3.36930975e+02 5.03460090e+02
 7.49286023e+02 1.11230400e+03 1.63518385e+03 2.34333191e+03
 3.34512400e+03 4.80694106e+03 6.86840422e+03 9.69978801e+03
 1.34990093e+04 1.87103188e+04 2.59657534e+04 3.55889494e+04
 4.85339396e+04 6.46431842e+04 8.69599236e+04 1.15845974e+05
 1.54002954e+05 2.00547902e+05 2.56049805e+05 3.31130703e+05
 4.26795956e+05 5.45767236e+05 6.81641702e+05 8.54567413e+05
 1.06981946e+06 1.33422891e+06 1.63472486e+06 1.97412104e+06
 2.38263166e+06 2.88059838e+06 3.45562900e+06 4.10018876e+06
 4.79887765e+06 5.62670671e+06 6.59700961e+06 7.63873312e+06
 8.81261126e+06 9.99055604e+06 1.13586705e+07 1.28211514e+07
 1.43323944e+07 1.58863827e+07 1.74058014e+07 1.90674461e+07
 2.07145994e+07 2.23721163e+07 2.39004520e+07 2.36270791e+07
 2.35353817e+07 2.29115732e+07 2.18088211e+07 2.03181329e+07
 1.85440890e+07 1.65971839e+07 1.45996496e+07 1.26411226e+07
 1.08070830e+07 9.15451490e+06 7.72550285e+06 6.52653528e+06
 5.54818709e+06 4.77116648e+06 4.16532456e+06 3.69702711e+06
 3.33361989e+06 3.04668649e+06 2.81093325e+06 2.60699052e+06
 2.42279247e+06 2.24990876e+06 2.08401366e+06 1.92273425e+06
 1.76668237e+06 1.61695818e+06 1.47419730e+06 1.34037845e+06
 1.21556298e+06 1.10055001e+06 9.96093001e+05 9.02710609e+05
 8.19391681e+05 7.46363436e+05 6.82042937e+05 6.24774422e+05
 5.73801455e+05 5.27088807e+05 4.85223334e+05 4.48083227e+05
 4.15209297e+05 3.85854778e+05 3.58674588e+05 3.33329879e+05
 3.09441966e+05 2.86859878e+05 2.65923843e+05 2.47063548e+05
 2.30754209e+05 2.16928063e+05 2.05138447e+05 1.94969122e+05
 1.86076777e+05 1.77733141e+05 1.69653856e+05 1.61911718e+05
 1.54371161e+05 1.46845052e+05 1.39239177e+05 1.31557916e+05
 1.23998183e+05 1.16728082e+05 1.09865904e+05 1.03493947e+05
 9.77367670e+04 9.25090221e+04 8.77400597e+04 8.34996802e+04
 7.98048634e+04 7.66086356e+04 7.37955365e+04 7.13373986e+04
 6.91810341e+04 6.73100121e+04]",1,0.9901680820875364,,23900451.978430916
190,4926,3035740.5,11.450493,12.001246,12.169611,846.52966,846.5212-846.53813,187540719.54774508,11855729.75126648,74,11855270.194958933,100.0,7954741.59189049,67.1,[0.86],"[301.2173, 327.233]",[301.21756],[100.0],"[11.400493 11.410493 11.420493 11.430493 11.440493 11.450493 11.459791
 11.46876  11.478646 11.488449 11.498508 11.50798  11.517179 11.527373
 11.53646  11.54645  11.555955 11.565648 11.575845 11.585082 11.595029
 11.604956 11.614501 11.624478 11.633554 11.643085 11.653017 11.662555
 11.672439 11.68202  11.691634 11.701659 11.711412 11.72115  11.730641
 11.741045 11.750787 11.760369 11.770596 11.780234 11.790282 11.799918
 11.809728 11.819998 11.829492 11.839167 11.848742 11.858925 11.868529
 11.877819 11.886974 11.896213 11.906067 11.916042 11.925273 11.934512
 11.943727 11.953504 11.963198 11.972325 11.982002 11.991217 12.001246
 12.011275 12.02049  12.030167 12.039294 12.048988 12.058765 12.06798
 12.077219 12.08645  12.096425 12.106279 12.115518 12.124673 12.133963
 12.143567 12.15375  12.163325 12.173    12.182494 12.192764 12.202574
 12.21221  12.222258 12.231896 12.242123 12.251705 12.261447 12.271851
 12.281342 12.29108  12.300833 12.310858 12.320472 12.330053 12.339937
 12.349475 12.359407 12.368938 12.378014 12.387991 12.397536 12.407463
 12.41741  12.426647 12.436844 12.446537 12.456042 12.466032 12.475119
 12.485313 12.494512 12.503984 12.514043 12.523846 12.533732 12.542701
 12.551999 12.561999 12.571999 12.581999 12.591999 12.601999]","[7.73422184e+01 1.14591297e+02 1.68665957e+02 2.46628932e+02
 3.58262538e+02 2.78889689e+02 5.46387073e+02 1.13470782e+03
 2.00865101e+03 3.39887899e+03 5.32959646e+03 8.05145959e+03
 1.17074907e+04 1.65803295e+04 2.30962748e+04 3.16110674e+04
 4.28734168e+04 5.77146708e+04 7.76350908e+04 1.04214517e+05
 1.38819646e+05 1.82624999e+05 2.36569896e+05 3.00728543e+05
 3.75330914e+05 4.59405508e+05 5.51446043e+05 6.50074700e+05
 7.52708978e+05 8.56653807e+05 9.59436081e+05 1.05883832e+06
 1.15346341e+06 1.24294803e+06 1.32864865e+06 1.41552362e+06
 1.50965385e+06 1.62078538e+06 1.76316414e+06 1.95518157e+06
 2.21554435e+06 2.55666197e+06 2.98728859e+06 3.50821656e+06
 4.10405135e+06 4.75530225e+06 5.43248869e+06 6.10814536e+06
 6.75544463e+06 7.36416210e+06 7.92501994e+06 8.43774299e+06
 8.90505562e+06 9.32888908e+06 9.71181616e+06 1.00685260e+07
 1.04092408e+07 1.07386672e+07 1.10565806e+07 1.13515727e+07
 1.15994882e+07 1.17758445e+07 1.18557742e+07 1.17466592e+07
 1.16330215e+07 1.14457816e+07 1.12084447e+07 1.08961130e+07
 1.05237675e+07 1.01259764e+07 9.68771979e+06 9.21691186e+06
 8.67893898e+06 8.12589650e+06 7.59519240e+06 7.06424165e+06
 6.52647262e+06 5.97771336e+06 5.41017802e+06 4.89519718e+06
 4.39756812e+06 3.93481407e+06 3.46566998e+06 3.05002719e+06
 2.67377900e+06 2.31566126e+06 2.00475058e+06 1.70889257e+06
 1.46227533e+06 1.24028656e+06 1.03314040e+06 8.69083832e+05
 7.23323607e+05 5.98085368e+05 4.88715827e+05 4.00171505e+05
 3.25915295e+05 2.62055796e+05 2.11032797e+05 1.67361985e+05
 1.33161040e+05 1.06517941e+05 8.28182124e+04 6.46989986e+04
 4.97295443e+04 3.79555258e+04 2.93614662e+04 2.19714916e+04
 1.65732936e+04 1.24946585e+04 9.22562201e+03 6.96138536e+03
 5.04297623e+03 3.74794802e+03 2.74502768e+03 1.95933964e+03
 1.40157382e+03 9.93362357e+02 7.22852707e+02 5.17010736e+02
 3.58262538e+02 2.46628932e+02 1.68665957e+02 1.14591297e+02
 7.73422184e+01]",1,0.9964520161596495,,11855774.153285751
191,5022,1197659.9,12.169611,12.259048,12.601414,846.52972,846.52126-846.53819,63206741.77419317,5051731.6625061035,44,1144792.3980057198,22.7,4784449.448959744,94.7,[4.21],"[301.2173, 327.233]",[301.21857],[57.96122],"[11.536682 11.546682 11.556682 11.566682 11.576682 11.586682 11.596682
 11.606682 11.616682 11.626682 11.636682 11.646682 11.656682 11.666682
 11.676682 11.686682 11.696682 11.706682 11.716682 11.726682 11.736682
 11.746682 11.756682 11.766682 11.776682 11.786682 11.796682 11.806682
 11.816682 11.826682 11.836682 11.846682 11.856682 11.866682 11.876682
 11.886682 11.896682 11.906682 11.916682 11.916682 11.926008 11.936081
 11.945576 11.955167 11.964601 11.974108 11.983796 11.993428 12.00299
 12.012045 12.021383 12.031306 12.040983 12.050561 12.059712 12.06955
 12.079267 12.089145 12.099454 12.109121 12.119096 12.129174 12.139139
 12.149619 12.159435 12.169407 12.179689 12.189567 12.199551 12.209304
 12.219225 12.229479 12.239125 12.249217 12.259048 12.268879 12.278971
 12.288617 12.298871 12.308792 12.318545 12.328529 12.338407 12.348689
 12.358661 12.368477 12.378957 12.388922 12.399    12.408975 12.418642
 12.428951 12.438829 12.448546 12.458384 12.467535 12.477113 12.48679
 12.496713 12.506051 12.515106 12.524668 12.5343   12.543988 12.553495
 12.562929 12.57252  12.582015 12.592088 12.601414 12.601414 12.611414
 12.621414 12.631414 12.641414 12.651414 12.661414 12.671414 12.681414
 12.691414 12.701414 12.711414 12.721414 12.731414 12.741414 12.751414
 12.761414 12.771414 12.781414 12.791414 12.801414 12.811414 12.821414
 12.831414 12.841414 12.851414 12.861414 12.871414 12.881414 12.891414
 12.901414 12.911414 12.921414 12.931414 12.941414 12.951414 12.961414
 12.971414 12.981414 12.991414]","[1.18430409e+02 1.50418275e+02 1.90560084e+02 2.40800411e+02
 3.03512420e+02 3.81583570e+02 4.78516395e+02 5.98546553e+02
 7.46780556e+02 9.29355824e+02 1.15362592e+03 1.42837401e+03
 1.76405788e+03 2.17308982e+03 2.67015505e+03 3.27257222e+03
 4.00069970e+03 4.87839121e+03 5.93350416e+03 7.19846394e+03
 8.71088684e+03 1.05142637e+04 1.26587061e+04 1.52017548e+04
 1.82092511e+04 2.17562681e+04 2.59280990e+04 3.08212967e+04
 3.65447581e+04 4.32208429e+04 5.09865152e+04 5.99944924e+04
 7.04143854e+04 8.24338072e+04 9.62594285e+04 1.12117952e+05
 1.30256975e+05 1.50945711e+05 1.74475528e+05 1.74475528e+05
 1.99255880e+05 2.29417715e+05 2.61398214e+05 2.97535630e+05
 3.37180312e+05 3.81601391e+05 4.31869531e+05 4.87253997e+05
 5.47977142e+05 6.11128720e+05 6.82391474e+05 7.65382231e+05
 8.53962009e+05 9.49494068e+05 1.04844344e+06 1.16358139e+06
 1.28659286e+06 1.42147170e+06 1.57316244e+06 1.72583256e+06
 1.89418253e+06 2.07560532e+06 2.26630201e+06 2.47901231e+06
 2.68948611e+06 2.91427893e+06 3.15736652e+06 3.40134333e+06
 3.65785234e+06 3.91747977e+06 4.19006653e+06 4.47993375e+06
 4.75924630e+06 5.05728763e+06 5.04582496e+06 4.98228270e+06
 4.84995013e+06 4.65473867e+06 4.40739506e+06 4.12102492e+06
 3.80855589e+06 3.48502980e+06 3.16212042e+06 2.85123872e+06
 2.56210100e+06 2.30377482e+06 2.08078254e+06 1.89432033e+06
 1.74129634e+06 1.61500871e+06 1.50947160e+06 1.41755142e+06
 1.33077114e+06 1.24363833e+06 1.15241577e+06 1.05467612e+06
 9.51671259e+05 8.46538225e+05 7.43235902e+05 6.45660190e+05
 5.57007963e+05 4.80368838e+05 4.16852925e+05 3.66486835e+05
 3.28167709e+05 2.99800432e+05 2.78996080e+05 2.63885271e+05
 2.52823823e+05 2.44535017e+05 1.74475528e+05 1.50945711e+05
 1.30256975e+05 1.12117952e+05 9.62594285e+04 8.24338072e+04
 7.04143854e+04 5.99944924e+04 5.09865152e+04 4.32208429e+04
 3.65447581e+04 3.08212967e+04 2.59280990e+04 2.17562681e+04
 1.82092511e+04 1.52017548e+04 1.26587061e+04 1.05142637e+04
 8.71088684e+03 7.19846394e+03 5.93350416e+03 4.87839121e+03
 4.00069970e+03 3.27257222e+03 2.67015505e+03 2.17308982e+03
 1.76405788e+03 1.42837401e+03 1.15362592e+03 9.29355824e+02
 7.46780556e+02 5.98546553e+02 4.78516395e+02 3.81583570e+02
 3.03512420e+02 2.40800411e+02 1.90560084e+02 1.50418275e+02
 1.18430409e+02 9.30078933e+01]",1,0.9945802334211099,,5057287.63293711
192,6719,316806.38,16.234678,16.342345,16.680551,848.54498,848.5365-848.55347,19526354.661831126,1417383.5149002075,45,390375.73751281376,27.5,1261335.125314907,89.0,[2.24],"[301.2173, 327.233]",[327.23373],[100.0],"[15.684139 15.694139 15.704139 15.714139 15.724139 15.734139 15.744139
 15.754139 15.764139 15.774139 15.784139 15.794139 15.804139 15.814139
 15.824139 15.834139 15.844139 15.854139 15.864139 15.874139 15.884139
 15.894139 15.904139 15.914139 15.924139 15.934139 15.944139 15.954139
 15.964139 15.974139 15.984139 15.994139 16.004139 16.004139 16.014306
 16.024208 16.034114 16.044097 16.054121 16.06421  16.07405  16.084109
 16.093681 16.103643 16.113068 16.122911 16.133237 16.14286  16.152703
 16.162318 16.172062 16.182337 16.192195 16.202766 16.212808 16.22265
 16.232455 16.242092 16.252498 16.262262 16.272505 16.28301  16.29267
 16.302807 16.31248  16.322084 16.33256  16.342345 16.35213  16.362606
 16.37221  16.381883 16.39202  16.40168  16.412185 16.422428 16.432192
 16.442598 16.452235 16.46204  16.471882 16.481924 16.492495 16.502353
 16.512628 16.522372 16.531987 16.54183  16.551453 16.561779 16.571622
 16.581047 16.591009 16.600581 16.61064  16.62048  16.630569 16.640593
 16.650576 16.660482 16.670384 16.680551 16.680551 16.690551 16.700551
 16.710551 16.720551 16.730551 16.740551 16.750551 16.760551 16.770551
 16.780551 16.790551 16.800551 16.810551 16.820551 16.830551 16.840551
 16.850551 16.860551 16.870551 16.880551 16.890551 16.900551 16.910551
 16.920551 16.930551 16.940551 16.950551 16.960551 16.970551 16.980551
 16.990551 17.000551 17.010551]","[1.09345770e+02 1.38716332e+02 1.75472302e+02 2.21332360e+02
 2.78379097e+02 3.49127208e+02 4.36602415e+02 5.44432368e+02
 6.76950803e+02 8.39316272e+02 1.03764678e+03 1.27917161e+03
 1.57240148e+03 1.92731829e+03 2.35558515e+03 2.87077752e+03
 3.48863579e+03 4.22733917e+03 5.10780043e+03 6.15398046e+03
 7.39322071e+03 8.85659112e+03 1.05792501e+04 1.26008122e+04
 1.49657181e+04 1.77236003e+04 2.09296372e+04 2.46448863e+04
 2.89365868e+04 3.38784204e+04 3.95507176e+04 4.60405973e+04
 5.34420237e+04 5.34420237e+04 6.20054761e+04 7.14591927e+04
 8.21277569e+04 9.42227847e+04 1.07849689e+05 1.23196807e+05
 1.39872903e+05 1.58799504e+05 1.78700977e+05 2.01503665e+05
 2.25159563e+05 2.52148041e+05 2.83098315e+05 3.14485849e+05
 3.49233993e+05 3.85845396e+05 4.25713210e+05 4.70834199e+05
 5.17140048e+05 5.70099991e+05 6.23572252e+05 6.78936576e+05
 7.36943046e+05 7.96640900e+05 8.63958211e+05 9.29659161e+05
 1.00101596e+06 1.07652315e+06 1.14776530e+06 1.22407528e+06
 1.29804899e+06 1.37227176e+06 1.45369301e+06 1.41733405e+06
 1.40868384e+06 1.38435970e+06 1.34337921e+06 1.28840495e+06
 1.22092656e+06 1.14370229e+06 1.05994241e+06 9.72576348e+05
 8.84652874e+05 7.98663227e+05 7.17264848e+05 6.42286317e+05
 5.74469423e+05 5.14155676e+05 4.60582221e+05 4.13090436e+05
 3.71076813e+05 3.34623663e+05 3.02562887e+05 2.75393017e+05
 2.52182041e+05 2.33000488e+05 2.17265288e+05 2.04163362e+05
 1.93401020e+05 1.84226266e+05 1.76470578e+05 1.69868770e+05
 1.64690704e+05 1.60812811e+05 1.58098597e+05 1.56142787e+05
 1.54668275e+05 1.53643777e+05 5.34420237e+04 4.60405973e+04
 3.95507176e+04 3.38784204e+04 2.89365868e+04 2.46448863e+04
 2.09296372e+04 1.77236003e+04 1.49657181e+04 1.26008122e+04
 1.05792501e+04 8.85659112e+03 7.39322071e+03 6.15398046e+03
 5.10780043e+03 4.22733917e+03 3.48863579e+03 2.87077752e+03
 2.35558515e+03 1.92731829e+03 1.57240148e+03 1.27917161e+03
 1.03764678e+03 8.39316272e+02 6.76950803e+02 5.44432368e+02
 4.36602415e+02 3.49127208e+02 2.78379097e+02 2.21332360e+02
 1.75472302e+02 1.38716332e+02 1.09345770e+02 8.59472020e+01]",1,0.9848666225992754,,1453693.0090012643
193,5774,2753728.5,13.909576,14.126359,14.164363,848.54504,848.53656-848.55353,95318387.41337046,11534811.91720581,27,10811269.963539435,93.7,168350.08365992643,1.5,[1.27],"[301.2173, 327.233]",[301.21768],[14.18772],"[13.749576 13.759576 13.769576 13.779576 13.789576 13.799576 13.809576
 13.819576 13.829576 13.839576 13.849576 13.859576 13.869576 13.879576
 13.889576 13.899576 13.909576 13.919013 13.928447 13.937496 13.946818
 13.956646 13.965955 13.9753   13.98466  13.994211 14.003575 14.012934
 14.022271 14.031742 14.041136 14.050579 14.05994  14.069291 14.078844
 14.088238 14.097699 14.107069 14.11659  14.126359 14.136128 14.145649
 14.155019 14.16448  14.173874 14.183427 14.192778 14.202139 14.211582
 14.220976 14.230447 14.239784 14.249143 14.258507 14.268058 14.277418
 14.286763 14.296072 14.3059   14.315222 14.324271 14.333705 14.343142
 14.353142 14.363142 14.373142 14.383142 14.393142 14.403142 14.413142
 14.423142 14.433142 14.443142 14.453142 14.463142 14.473142 14.483142
 14.493142 14.503142]","[7.18838832e+01 1.35646590e+02 2.51583565e+02 4.58618629e+02
 8.21707314e+02 1.44703372e+03 2.50458737e+03 4.26078636e+03
 7.12425357e+03 1.17080620e+04 1.89115314e+04 3.00237144e+04
 4.68487683e+04 7.18501986e+04 1.08306321e+05 1.60463283e+05
 6.89843391e+05 7.14075578e+05 7.60526654e+05 8.39353627e+05
 9.62085752e+05 1.14168354e+06 1.39043610e+06 1.71916106e+06
 2.13970913e+06 2.65824784e+06 3.27945726e+06 3.99900521e+06
 4.80385348e+06 5.67494609e+06 6.58373446e+06 7.49730743e+06
 8.37655604e+06 9.19129882e+06 9.90885538e+06 1.05042806e+07
 1.09645989e+07 1.12847496e+07 1.14710453e+07 1.15394303e+07
 1.15307475e+07 1.13378430e+07 1.09819202e+07 1.04714558e+07
 9.83640899e+06 9.08688644e+06 8.28111938e+06 7.43272014e+06
 6.56346347e+06 5.71162042e+06 4.88862873e+06 4.13030336e+06
 3.43589036e+06 2.81498366e+06 2.26154668e+06 1.79719489e+06
 1.40729890e+06 1.08660413e+06 8.13650411e+05 6.08940354e+05
 4.53064851e+05 3.27899060e+05 2.33664954e+05 1.60463283e+05
 1.08306321e+05 7.18501986e+04 4.68487683e+04 3.00237144e+04
 1.89115314e+04 1.17080620e+04 7.12425357e+03 4.26078636e+03
 2.50458737e+03 1.44703372e+03 8.21707314e+02 4.58618629e+02
 2.51583565e+02 1.35646590e+02 7.18838832e+01]",1,0.9983176594343598,,11539430.346115077
194,6154,4496210.5,14.637377,14.988555,15.737253,848.5451,848.53662-848.55359,310249677.0340228,17128033.015808105,114,16298137.052546127,95.2,16932639.260026697,98.9,[2.15],"[301.2173, 327.233]",[327.2337],[100.0],"[14.287377 14.297377 14.307377 14.317377 14.327377 14.337377 14.347377
 14.357377 14.367377 14.377377 14.387377 14.397377 14.407377 14.417377
 14.427377 14.437377 14.447377 14.457377 14.467377 14.477377 14.487377
 14.497377 14.507377 14.517377 14.527377 14.537377 14.547377 14.557377
 14.567377 14.577377 14.587377 14.597377 14.607377 14.617377 14.627377
 14.637377 14.64741  14.657222 14.666926 14.676087 14.685953 14.695642
 14.705331 14.715324 14.724716 14.734187 14.74404  14.753788 14.763671
 14.773348 14.783034 14.793009 14.802344 14.812618 14.822542 14.832495
 14.842192 14.851563 14.861758 14.871709 14.881572 14.891311 14.900948
 14.911016 14.920942 14.930856 14.940324 14.950177 14.960217 14.969747
 14.979136 14.988555 14.997974 15.007363 15.016893 15.026933 15.036786
 15.046254 15.056168 15.066094 15.076162 15.085799 15.095538 15.105401
 15.115352 15.125547 15.134918 15.144615 15.154568 15.164492 15.174766
 15.184101 15.194076 15.203762 15.213439 15.223322 15.23307  15.242923
 15.252394 15.261786 15.271779 15.281468 15.291157 15.301023 15.310184
 15.319888 15.3297   15.339733 15.349733 15.359733 15.369733 15.379733
 15.389733 15.399733 15.409733 15.419733 15.429733 15.439733 15.449733
 15.459733 15.469733 15.479733 15.489733 15.499733 15.509733 15.519733
 15.529733 15.539733 15.549733 15.559733 15.569733 15.579733 15.589733
 15.599733 15.609733 15.619733 15.629733 15.639733 15.649733 15.659733
 15.669733 15.679733 15.689733]","[9.91323159e+01 1.31257267e+02 1.73252222e+02 2.27972059e+02
 2.99041721e+02 3.91047306e+02 5.09769874e+02 6.62470260e+02
 8.58234482e+02 1.10839073e+03 1.42701048e+03 1.83150789e+03
 2.34335334e+03 2.98891878e+03 3.80047433e+03 4.81735715e+03
 6.08733553e+03 7.66819216e+03 9.62955211e+03 1.20549813e+04
 1.50443818e+04 1.87167097e+04 2.32130397e+04 2.86999988e+04
 3.53735865e+04 4.34633967e+04 5.32372466e+04 6.50062121e+04
 7.91300586e+04 9.60230436e+04 1.16160053e+05 1.40083017e+05
 1.68407537e+05 2.01829625e+05 2.41132449e+05 7.78072239e+05
 8.02379534e+05 8.38365271e+05 8.88776427e+05 9.56518515e+05
 1.04587007e+06 1.15804424e+06 1.29488424e+06 1.45317542e+06
 1.62759161e+06 1.81131550e+06 1.99818315e+06 2.18252234e+06
 2.36312765e+06 2.53913189e+06 2.71617859e+06 2.90128799e+06
 3.10532956e+06 3.34062077e+06 3.62529430e+06 3.97706811e+06
 4.41659982e+06 4.95796551e+06 5.61641559e+06 6.39258246e+06
 7.28767779e+06 8.28710323e+06 9.37829880e+06 1.05362458e+07
 1.17247122e+07 1.29062182e+07 1.40249976e+07 1.50347529e+07
 1.58822534e+07 1.65254499e+07 1.69428898e+07 1.71209070e+07
 1.73655423e+07 1.62873737e+07 1.52186568e+07 1.41252251e+07
 1.30885613e+07 1.21295513e+07 1.11671220e+07 1.02485502e+07
 9.36459204e+06 8.56461706e+06 7.80261772e+06 7.07864114e+06
 6.39659178e+06 5.74750513e+06 5.19428612e+06 4.66436759e+06
 4.16392780e+06 3.70700451e+06 3.27611574e+06 2.91985980e+06
 2.57415253e+06 2.27093227e+06 1.99782478e+06 1.74750575e+06
 1.52679160e+06 1.32801540e+06 1.15807643e+06 1.00825218e+06
 8.67442681e+05 7.47498005e+05 6.42257919e+05 5.48656071e+05
 4.72716099e+05 4.02557133e+05 3.41179580e+05 2.87192936e+05
 2.41132449e+05 2.01829625e+05 1.68407537e+05 1.40083017e+05
 1.16160053e+05 9.60230436e+04 7.91300586e+04 6.50062121e+04
 5.32372466e+04 4.34633967e+04 3.53735865e+04 2.86999988e+04
 2.32130397e+04 1.87167097e+04 1.50443818e+04 1.20549813e+04
 9.62955211e+03 7.66819216e+03 6.08733553e+03 4.81735715e+03
 3.80047433e+03 2.98891878e+03 2.34335334e+03 1.83150789e+03
 1.42701048e+03 1.10839073e+03 8.58234482e+02 6.62470260e+02
 5.09769874e+02 3.91047306e+02 2.99041721e+02 2.27972059e+02
 1.73252222e+02 1.31257267e+02 9.91323159e+01]",1,0.9893232695959544,,17365542.343563106
195,6579,806650.31,15.737253,16.045511,16.234678,848.5451,848.53662-848.55359,53122560.71301774,4092614.093963623,53,3900994.4995964607,95.3,3062303.9105920666,74.8,[2.34],"[301.2173, 327.233]",[327.23376],[100.0],"[15.476344 15.486344 15.496344 15.506344 15.516344 15.526344 15.536344
 15.546344 15.556344 15.566344 15.576344 15.586344 15.596344 15.606344
 15.616344 15.626344 15.636344 15.646344 15.656344 15.666344 15.676344
 15.686344 15.696344 15.706344 15.716344 15.726344 15.736344 15.746344
 15.756344 15.766344 15.776344 15.786344 15.796344 15.806344 15.816344
 15.826344 15.836344 15.846344 15.856344 15.856344 15.865816 15.875198
 15.884775 15.894217 15.904068 15.91349  15.92275  15.932243 15.941629
 15.951434 15.961152 15.970356 15.979784 15.989095 15.998682 16.008271
 16.017425 16.026843 16.036104 16.045511 16.054918 16.064179 16.073597
 16.082751 16.09234  16.101927 16.111238 16.120666 16.12987  16.139588
 16.149393 16.158779 16.168272 16.177532 16.186954 16.196805 16.206247
 16.215824 16.225206 16.234678 16.234678 16.244678 16.254678 16.264678
 16.274678 16.284678 16.294678 16.304678 16.314678 16.324678 16.334678
 16.344678 16.354678 16.364678 16.374678 16.384678 16.394678 16.404678
 16.414678 16.424678 16.434678 16.444678 16.454678 16.464678 16.474678
 16.484678 16.494678 16.504678 16.514678 16.524678 16.534678 16.544678
 16.554678 16.564678 16.574678 16.584678 16.594678 16.604678 16.614678
 16.624678]","[1.23651947e+02 1.69904795e+02 2.32341226e+02 3.16200738e+02
 4.28267822e+02 5.77276625e+02 7.74405563e+02 1.03387711e+03
 1.37367924e+03 1.81642603e+03 2.39037512e+03 3.13062007e+03
 4.08047418e+03 5.29306060e+03 6.83312021e+03 8.77904386e+03
 1.12251290e+04 1.42840520e+04 1.80895378e+04 2.27991932e+04
 2.85974594e+04 3.56986166e+04 4.43497612e+04 5.48336489e+04
 6.74712833e+04 8.26241030e+04 1.00695603e+05 1.22132211e+05
 1.47423221e+05 1.77099582e+05 2.11731336e+05 2.51923512e+05
 2.98310286e+05 3.51547262e+05 4.12301745e+05 4.81240965e+05
 5.59018227e+05 6.46257075e+05 7.43533629e+05 7.43533629e+05
 8.45393224e+05 9.55969210e+05 1.07906258e+06 1.21070024e+06
 1.35897552e+06 1.51115624e+06 1.67036687e+06 1.84312143e+06
 2.02286932e+06 2.21934631e+06 2.42185510e+06 2.61969461e+06
 2.82717507e+06 3.03546931e+06 3.25181825e+06 3.46830171e+06
 3.67324477e+06 3.88042529e+06 4.07858008e+06 4.08926223e+06
 4.04244476e+06 3.93880967e+06 3.78616946e+06 3.59054664e+06
 3.36372338e+06 3.11731170e+06 2.86311130e+06 2.61115392e+06
 2.36844609e+06 2.13805560e+06 1.92337766e+06 1.72811691e+06
 1.55301771e+06 1.40057073e+06 1.27403493e+06 1.17354804e+06
 1.09794208e+06 1.04320281e+06 1.00642321e+06 9.83723829e+05
 7.43533629e+05 6.46257075e+05 5.59018227e+05 4.81240965e+05
 4.12301745e+05 3.51547262e+05 2.98310286e+05 2.51923512e+05
 2.11731336e+05 1.77099582e+05 1.47423221e+05 1.22132211e+05
 1.00695603e+05 8.26241030e+04 6.74712833e+04 5.48336489e+04
 4.43497612e+04 3.56986166e+04 2.85974594e+04 2.27991932e+04
 1.80895378e+04 1.42840520e+04 1.12251290e+04 8.77904386e+03
 6.83312021e+03 5.29306060e+03 4.08047418e+03 3.13062007e+03
 2.39037512e+03 1.81642603e+03 1.37367924e+03 1.03387711e+03
 7.74405563e+02 5.77276625e+02 4.28267822e+02 3.16200738e+02
 2.32341226e+02 1.69904795e+02 1.23651947e+02 8.95596207e+01]",1,0.9904207969521561,,4089262.225670902
196,5854,3671187.0,14.164363,14.271335,14.637377,848.54529,848.5368-848.55377,199575612.52023894,14805513.37121582,49,3439281.8916394096,23.2,13976176.17347075,94.4,[1.47],"[301.2173, 327.233]",[301.21774],[100.0],"[13.605293 13.615293 13.625293 13.635293 13.645293 13.655293 13.665293
 13.675293 13.685293 13.695293 13.705293 13.715293 13.725293 13.735293
 13.745293 13.755293 13.765293 13.775293 13.785293 13.795293 13.805293
 13.815293 13.825293 13.835293 13.845293 13.855293 13.865293 13.875293
 13.885293 13.895293 13.905293 13.905293 13.915138 13.924367 13.933828
 13.943168 13.953492 13.963227 13.972367 13.982249 13.991653 14.001793
 14.01123  14.020542 14.030442 14.039815 14.050034 14.059377 14.068749
 14.078114 14.088188 14.098035 14.10725  14.116604 14.126006 14.136046
 14.145783 14.154999 14.164367 14.174143 14.184229 14.194206 14.203483
 14.21334  14.222939 14.232919 14.242759 14.252052 14.261897 14.271335
 14.280773 14.290618 14.299911 14.309751 14.319731 14.32933  14.339187
 14.348464 14.358441 14.368527 14.378303 14.387671 14.396887 14.406624
 14.416664 14.426066 14.43542  14.444635 14.454482 14.464556 14.473921
 14.483293 14.492636 14.502855 14.512228 14.522128 14.53144  14.540877
 14.551017 14.560421 14.570303 14.579443 14.589178 14.599502 14.608842
 14.618303 14.627532 14.637377 14.637377 14.647377 14.657377 14.667377
 14.677377 14.687377 14.697377 14.707377 14.717377 14.727377 14.737377
 14.747377 14.757377 14.767377 14.777377 14.787377 14.797377 14.807377
 14.817377 14.827377 14.837377 14.847377 14.857377 14.867377 14.877377
 14.887377 14.897377 14.907377 14.917377 14.927377 14.937377 14.947377]","[1.29325258e+02 1.74886079e+02 2.35592490e+02 3.16156385e+02
 4.22646022e+02 5.62841261e+02 7.46671171e+02 9.86750040e+02
 1.29903016e+03 1.70359216e+03 2.22559606e+03 2.89641887e+03
 3.75500661e+03 4.84947090e+03 6.23896175e+03 7.99584933e+03
 1.02082476e+04 1.29829116e+04 1.64485387e+04 2.07594984e+04
 2.61000118e+04 3.26887914e+04 4.07841428e+04 5.06895141e+04
 6.27594646e+04 7.74060037e+04 9.51052247e+04 1.16404138e+05
 1.41927573e+05 1.72384990e+05 2.08577008e+05 2.08577008e+05
 2.50682126e+05 2.96836693e+05 3.51790503e+05 4.14614731e+05
 4.95259322e+05 5.83432436e+05 6.78207415e+05 7.95199244e+05
 9.22010407e+05 1.07739377e+06 1.24103804e+06 1.42209375e+06
 1.63765290e+06 1.86529785e+06 2.14145576e+06 2.42107278e+06
 2.72904839e+06 3.06559217e+06 3.46106727e+06 3.88225962e+06
 4.30819270e+06 4.77244602e+06 5.27164717e+06 5.84060420e+06
 6.42720422e+06 7.01306229e+06 7.63779864e+06 8.31924877e+06
 9.05124990e+06 9.80099364e+06 1.05176606e+07 1.12957120e+07
 1.20653912e+07 1.28729513e+07 1.36708607e+07 1.44205193e+07
 1.52045627e+07 1.47989461e+07 1.47771308e+07 1.45586478e+07
 1.41454853e+07 1.35539479e+07 1.28209044e+07 1.19801189e+07
 1.10730182e+07 1.01293625e+07 9.18742444e+06 8.27036023e+06
 7.40431446e+06 6.60637875e+06 5.88462056e+06 5.24235840e+06
 4.67886402e+06 4.19044902e+06 3.76842638e+06 3.40275670e+06
 3.08910925e+06 2.81749486e+06 2.58482063e+06 2.38206990e+06
 2.20421164e+06 2.04425088e+06 1.89879773e+06 1.76176448e+06
 1.63406665e+06 1.51371477e+06 1.40098313e+06 1.29610281e+06
 1.20003339e+06 1.11289346e+06 1.03434489e+06 9.65294236e+05
 9.05596177e+05 8.56300098e+05 8.17535895e+05 7.88804007e+05
 2.08577008e+05 1.72384990e+05 1.41927573e+05 1.16404138e+05
 9.51052247e+04 7.74060037e+04 6.27594646e+04 5.06895141e+04
 4.07841428e+04 3.26887914e+04 2.61000118e+04 2.07594984e+04
 1.64485387e+04 1.29829116e+04 1.02082476e+04 7.99584933e+03
 6.23896175e+03 4.84947090e+03 3.75500661e+03 2.89641887e+03
 2.22559606e+03 1.70359216e+03 1.29903016e+03 9.86750040e+02
 7.46671171e+02 5.62841261e+02 4.22646022e+02 3.16156385e+02
 2.35592490e+02 1.74886079e+02 1.29325258e+02 9.52677220e+01]",1,0.9893744412299317,,15204562.67197396
197,8279,484875.34,19.591135,20.062756,20.223622,848.58203,848.57355-848.59052,36706658.70124575,2106160.7336349487,65,2089070.2198372928,99.2,483223.0346421178,22.9,[1.68],"[301.2173, 327.233]",[327.23355],[80.21372],"[19.531135 19.541135 19.551135 19.561135 19.571135 19.581135 19.591135
 19.601043 19.610562 19.620046 19.629254 19.638432 19.648302 19.657986
 19.667444 19.676663 19.685863 19.695739 19.705743 19.715403 19.724624
 19.733868 19.743745 19.753859 19.763417 19.77273  19.782036 19.791672
 19.801424 19.810867 19.820211 19.829542 19.839456 19.849074 19.858639
 19.868016 19.877374 19.887155 19.896834 19.906619 19.916056 19.925459
 19.935355 19.945091 19.955183 19.964661 19.974143 19.984197 19.994152
 20.004055 20.013498 20.02319  20.033428 20.043632 20.053266 20.062756
 20.072246 20.08188  20.092084 20.102322 20.112014 20.121457 20.13136
 20.141315 20.151369 20.160851 20.170329 20.180421 20.190157 20.200053
 20.209456 20.218893 20.228678 20.238357 20.248138 20.257496 20.266873
 20.276438 20.286056 20.29597  20.305301 20.314645 20.324088 20.33384
 20.343476 20.352782 20.362095 20.371653 20.381767 20.391644 20.400888
 20.410109 20.419769 20.429773 20.439649 20.448849 20.458068 20.467526
 20.47721  20.48708  20.496258 20.505466 20.51495  20.524469 20.534377
 20.544377 20.554377 20.564377 20.574377 20.584377 20.594377]","[7.22738606e+01 1.05902706e+02 1.54061657e+02 2.22507046e+02
 3.19047004e+02 4.54179233e+02 1.48345096e+04 1.55867906e+04
 1.67807996e+04 1.83163798e+04 2.01048398e+04 2.20640154e+04
 2.41374635e+04 2.66282190e+04 2.97972435e+04 3.38800403e+04
 3.91193420e+04 4.56149970e+04 5.32000855e+04 6.19749949e+04
 7.15625456e+04 8.20811825e+04 9.37168829e+04 1.06687689e+05
 1.21138619e+05 1.37255085e+05 1.55113418e+05 1.75338994e+05
 1.98932871e+05 2.26684474e+05 2.59276782e+05 2.97306010e+05
 3.41137571e+05 3.90671551e+05 4.46117800e+05 5.08188040e+05
 5.76742068e+05 6.52556945e+05 7.35549718e+05 8.26883825e+05
 9.25916169e+05 1.03208568e+06 1.14450294e+06 1.26017640e+06
 1.37845264e+06 1.49630022e+06 1.61022708e+06 1.71663241e+06
 1.81221514e+06 1.89377708e+06 1.96057959e+06 2.01358133e+06
 2.05333183e+06 2.08195444e+06 2.09973543e+06 2.10605033e+06
 2.12120263e+06 2.09712465e+06 2.05682154e+06 2.00196692e+06
 1.93781483e+06 1.86507252e+06 1.77935863e+06 1.68508561e+06
 1.58339283e+06 1.48315547e+06 1.38031070e+06 1.26953925e+06
 1.16296814e+06 1.05636794e+06 9.57844769e+05 8.62643713e+05
 7.68669935e+05 6.81137532e+05 5.98673067e+05 5.25724271e+05
 4.58622232e+05 3.96387748e+05 3.40047265e+05 2.88317346e+05
 2.45244329e+05 2.07248367e+05 1.73710040e+05 1.43784713e+05
 1.18480180e+05 9.76543720e+04 7.99748882e+04 6.47296839e+04
 5.13793112e+04 4.07122811e+04 3.25361376e+04 2.58569365e+04
 2.01918141e+04 1.55189431e+04 1.18831280e+04 9.20833101e+03
 7.08823088e+03 5.38488912e+03 4.03696307e+03 2.98882955e+03
 2.24573029e+03 1.67552809e+03 1.23126422e+03 8.97880614e+02
 6.41891425e+02 4.54179233e+02 3.19047004e+02 2.22507046e+02
 1.54061657e+02 1.05902706e+02 7.22738606e+01]",1,0.9987856039550648,,2121202.6310490663
198,8378,397409.84,20.223622,20.305422,20.798153,848.58221,848.57373-848.5907,32023046.186311036,1694147.0352993011,58,70819.2519487883,4.2,1529555.33252803,90.3,"[1.88, 5.6]","[301.2173, 327.233]","[301.21786, 327.23483]","[80.66587, 13.24999]","[19.362691 19.372691 19.382691 19.392691 19.402691 19.412691 19.422691
 19.432691 19.442691 19.452691 19.462691 19.472691 19.482691 19.492691
 19.502691 19.512691 19.522691 19.532691 19.542691 19.552691 19.562691
 19.572691 19.582691 19.592691 19.602691 19.612691 19.622691 19.632691
 19.642691 19.652691 19.662691 19.672691 19.682691 19.692691 19.702691
 19.712691 19.722691 19.732691 19.742691 19.752691 19.762691 19.772691
 19.782691 19.792691 19.802691 19.812691 19.812691 19.822176 19.831874
 19.841728 19.851129 19.860715 19.870525 19.880344 19.889858 19.899458
 19.909067 19.918893 19.928535 19.938095 19.94764  19.957204 19.966753
 19.976548 19.986173 19.995717 20.005154 20.014925 20.024623 20.034462
 20.043909 20.053591 20.063387 20.073003 20.083401 20.093171 20.102744
 20.112701 20.122277 20.132603 20.142892 20.153121 20.162768 20.172777
 20.183081 20.193962 20.204369 20.214024 20.223941 20.234304 20.244444
 20.254563 20.264448 20.274262 20.284867 20.295524 20.305422 20.31532
 20.325977 20.336582 20.346396 20.356281 20.3664   20.37654  20.386903
 20.39682  20.406475 20.416882 20.427763 20.438067 20.448076 20.457723
 20.467952 20.478241 20.488567 20.498143 20.5081   20.517673 20.527443
 20.537841 20.547457 20.557253 20.566935 20.576382 20.586221 20.595919
 20.60569  20.615127 20.624671 20.634296 20.644091 20.65364  20.663204
 20.672749 20.682309 20.691951 20.701777 20.711386 20.720986 20.7305
 20.740319 20.750129 20.759715 20.769116 20.77897  20.788668 20.798153
 20.798153 20.808153 20.818153 20.828153 20.838153 20.848153 20.858153
 20.868153 20.878153 20.888153 20.898153 20.908153 20.918153 20.928153
 20.938153 20.948153 20.958153 20.968153 20.978153 20.988153 20.998153
 21.008153 21.018153 21.028153 21.038153 21.048153 21.058153 21.068153
 21.078153 21.088153 21.098153 21.108153 21.118153 21.128153 21.138153
 21.148153 21.158153 21.168153 21.178153 21.188153 21.198153 21.208153
 21.218153 21.228153 21.238153 21.248153 21.258153]","[1.19051433e+02 1.44259936e+02 1.74466788e+02 2.10589019e+02
 2.53696572e+02 3.05034808e+02 3.66049758e+02 4.38416379e+02
 5.24070050e+02 6.25241555e+02 7.44495798e+02 8.84774486e+02
 1.04944300e+03 1.24234163e+03 1.46784145e+03 1.73090479e+03
 2.03715059e+03 2.39292459e+03 2.80537430e+03 3.28252875e+03
 3.83338277e+03 4.46798552e+03 5.19753295e+03 6.03446354e+03
 6.99255688e+03 8.08703404e+03 9.33465899e+03 1.07538399e+04
 1.23647289e+04 1.41893191e+04 1.62515367e+04 1.85773274e+04
 2.11947335e+04 2.41339611e+04 2.74274340e+04 3.11098326e+04
 3.52181137e+04 3.97915111e+04 4.48715111e+04 5.05018028e+04
 5.67281985e+04 6.35985223e+04 7.11624646e+04 7.94713993e+04
 8.85781616e+04 9.85367849e+04 9.85367849e+04 1.08819601e+05
 1.20226110e+05 1.32792552e+05 1.45747086e+05 1.59975484e+05
 1.75650442e+05 1.92516908e+05 2.10027107e+05 2.28901770e+05
 2.49045669e+05 2.70975539e+05 2.93834408e+05 3.17834728e+05
 3.43144409e+05 3.69868572e+05 3.97920753e+05 4.28118516e+05
 4.59188729e+05 4.91349198e+05 5.24449544e+05 5.60050478e+05
 5.96678899e+05 6.35101218e+05 6.73126187e+05 7.13175771e+05
 7.54721872e+05 7.96411728e+05 8.42381882e+05 8.86292059e+05
 9.29861438e+05 9.75607043e+05 1.01986839e+06 1.06771462e+06
 1.11532061e+06 1.16237971e+06 1.20632931e+06 1.25129079e+06
 1.29668854e+06 1.34340493e+06 1.38667152e+06 1.42537129e+06
 1.46348291e+06 1.50132847e+06 1.53620001e+06 1.56867859e+06
 1.59799540e+06 1.62458863e+06 1.65034645e+06 1.67295416e+06
 1.69364655e+06 1.68862485e+06 1.67528132e+06 1.65293202e+06
 1.62087758e+06 1.58040554e+06 1.53438716e+06 1.48483199e+06
 1.43406252e+06 1.38391529e+06 1.33497614e+06 1.29002286e+06
 1.24864112e+06 1.21163362e+06 1.17851303e+06 1.14783123e+06
 1.11771765e+06 1.08669752e+06 1.05426140e+06 1.01966536e+06
 9.82513031e+05 9.42930057e+05 9.00242662e+05 8.55169518e+05
 8.07714855e+05 7.58452872e+05 7.07056730e+05 6.55059486e+05
 6.03048522e+05 5.52327345e+05 5.03838070e+05 4.59250869e+05
 4.18531639e+05 3.81864836e+05 3.49729886e+05 3.21387593e+05
 2.96306608e+05 2.74108664e+05 2.54157889e+05 2.36518362e+05
 2.21119400e+05 2.08477524e+05 1.97953601e+05 1.89304808e+05
 1.82096423e+05 1.76057902e+05 1.70430515e+05 1.65768352e+05
 1.61449827e+05 1.57458362e+05 1.53824632e+05 9.85367849e+04
 8.85781616e+04 7.94713993e+04 7.11624646e+04 6.35985223e+04
 5.67281985e+04 5.05018028e+04 4.48715111e+04 3.97915111e+04
 3.52181137e+04 3.11098326e+04 2.74274340e+04 2.41339611e+04
 2.11947335e+04 1.85773274e+04 1.62515367e+04 1.41893191e+04
 1.23647289e+04 1.07538399e+04 9.33465899e+03 8.08703404e+03
 6.99255688e+03 6.03446354e+03 5.19753295e+03 4.46798552e+03
 3.83338277e+03 3.28252875e+03 2.80537430e+03 2.39292459e+03
 2.03715059e+03 1.73090479e+03 1.46784145e+03 1.24234163e+03
 1.04944300e+03 8.84774486e+02 7.44495798e+02 6.25241555e+02
 5.24070050e+02 4.38416379e+02 3.66049758e+02 3.05034808e+02
 2.53696572e+02 2.10589019e+02 1.74466788e+02 1.44259936e+02
 1.19051433e+02 9.80571896e+01]",1,0.9953461907571995,,1693646.5491710913
199,4763,341166.19,11.430855,11.653017,12.139358,850.46533,850.45683-850.47384,17416221.895363025,1385181.899892807,71,1383213.2249229713,99.9,1368611.913911813,98.8,[1.27],"[301.2173, 327.233]",[301.21768],[100.0],"[11.096676 11.106676 11.116676 11.126676 11.136676 11.146676 11.156676
 11.166676 11.166676 11.176319 11.18651  11.196603 11.206517 11.216984
 11.226486 11.236874 11.246187 11.256076 11.266449 11.275816 11.285903
 11.294957 11.304788 11.314817 11.324032 11.333709 11.342836 11.35253
 11.362307 11.371522 11.380761 11.389992 11.399967 11.409821 11.41906
 11.428215 11.437505 11.447109 11.457292 11.466867 11.476542 11.486036
 11.496306 11.506116 11.515752 11.5258   11.535438 11.545665 11.555247
 11.564989 11.575393 11.584884 11.594622 11.604375 11.6144   11.624014
 11.633595 11.643479 11.653017 11.662555 11.672439 11.68202  11.691634
 11.701659 11.711412 11.72115  11.730641 11.741045 11.750787 11.760369
 11.770596 11.780234 11.790282 11.799918 11.809728 11.819998 11.829492
 11.839167 11.848742 11.858925 11.868529 11.877819 11.886974 11.896213
 11.906067 11.916042 11.925273 11.934512 11.943727 11.953504 11.963198
 11.972325 11.982002 11.991217 12.001246 12.011077 12.020131 12.030218
 12.039585 12.049958 12.059847 12.06916  12.079548 12.08905  12.099517
 12.109431 12.119524 12.129715 12.139358 12.139358 12.149358 12.159358
 12.169358 12.179358 12.189358 12.199358 12.209358 12.219358]","[1.20947746e+02 1.62428519e+02 2.17132558e+02 2.88925432e+02
 3.82687919e+02 5.04547307e+02 6.62151231e+02 8.64989127e+02
 8.64989127e+02 1.11435888e+03 1.44966733e+03 1.87225016e+03
 2.39609369e+03 3.09374634e+03 3.88449510e+03 4.95830786e+03
 6.14506783e+03 7.68392555e+03 9.66687636e+03 1.18431977e+04
 1.46712084e+04 1.77094245e+04 2.16321353e+04 2.64089319e+04
 3.15932485e+04 3.79761209e+04 4.49952831e+04 5.36504010e+04
 6.37863442e+04 7.47843450e+04 8.73709514e+04 1.01661942e+05
 1.19216078e+05 1.38904519e+05 1.59657506e+05 1.82568973e+05
 2.08357079e+05 2.37855267e+05 2.72437770e+05 3.08182710e+05
 3.47571571e+05 3.89476637e+05 4.38457731e+05 4.88762725e+05
 5.41447335e+05 5.99702089e+05 6.58574572e+05 7.23979535e+05
 7.87688167e+05 8.54495322e+05 9.27619027e+05 9.95429036e+05
 1.06555073e+06 1.13574488e+06 1.20718986e+06 1.27436643e+06
 1.33934225e+06 1.40360899e+06 1.38321322e+06 1.38136927e+06
 1.35756359e+06 1.31515233e+06 1.25642165e+06 1.18510073e+06
 1.10525029e+06 1.01994083e+06 9.33171577e+05 8.47250427e+05
 7.65904410e+05 6.89944015e+05 6.21100493e+05 5.59817478e+05
 5.06722899e+05 4.60363253e+05 4.19533166e+05 3.82573673e+05
 3.47701779e+05 3.13983229e+05 2.81178027e+05 2.49550803e+05
 2.19728066e+05 1.92452289e+05 1.67987285e+05 1.46376406e+05
 1.27530796e+05 1.11467244e+05 9.76035301e+04 8.54428008e+04
 7.51246447e+04 6.62482280e+04 5.87696847e+04 5.27396208e+04
 4.83316136e+04 4.51331162e+04 4.29023636e+04 4.12441919e+04
 3.97536555e+04 3.82630645e+04 3.65059929e+04 3.43931001e+04
 3.18245579e+04 2.90398287e+04 2.60123496e+04 2.29499844e+04
 2.00264298e+04 1.76119103e+04 1.60040795e+04 1.53497136e+04
 1.56365282e+04 8.64989127e+02 6.62151231e+02 5.04547307e+02
 3.82687919e+02 2.88925432e+02 2.17132558e+02 1.62428519e+02
 1.20947746e+02 8.96461066e+01]",1,0.9967855711781766,,1403608.9882501333
200,7027,426976.12,16.948461,17.115286,17.1624,850.56055,850.55204-850.56905,19157228.07129381,1996789.2161445618,22,1110208.498345147,55.6,63044.03610269376,3.2,[2.18],"[301.2173, 327.233]",[301.21796],[22.24501],"[16.948461 16.959074 16.968587 16.978368 16.988768 16.998365 17.008495
 17.017815 17.027998 17.038598 17.048183 17.057791 17.067213 17.077073
 17.08732  17.096638 17.106036 17.115286 17.125149 17.134959 17.144065
 17.153276 17.1624  ]","[ 863437.48498993  872076.77035615  887443.880539    912692.36572888
  949121.08524609  998608.34442842 1062556.41666321 1141960.50523362
 1235567.97324905 1343056.92979444 1460258.10456497 1580848.39314166
 1697607.69429062 1801997.68905616 1887014.10630193 1948162.93805705
 1984257.26702965 1997043.67106473 1990856.95924623 1973208.6237717
 1950577.29990874 1928844.23973289 1911784.16486171]",,,,1997043.6710647251
201,7218,9855077.0,17.1624,17.505975,18.499766,850.56061,850.5521-850.56911,974791494.3662903,41245880.847839355,141,39300308.25759406,95.3,40092810.85869687,97.2,[2.99],"[301.2173, 327.233]",[301.2182],[100.0],"[16.8924   16.9024   16.9124   16.9224   16.9324   16.9424   16.9524
 16.9624   16.9724   16.9824   16.9924   17.0024   17.0124   17.0224
 17.0324   17.0424   17.0524   17.0624   17.0724   17.0824   17.0924
 17.1024   17.1124   17.1224   17.1324   17.1424   17.1524   17.1624
 17.171844 17.182009 17.191149 17.200236 17.209355 17.219209 17.229301
 17.238734 17.247871 17.257138 17.266919 17.276999 17.286476 17.295698
 17.304856 17.314578 17.324807 17.334286 17.343387 17.352535 17.362434
 17.372662 17.382003 17.39106  17.400384 17.410476 17.420573 17.429942
 17.439138 17.448507 17.458334 17.468353 17.477994 17.487184 17.496691
 17.505975 17.515259 17.524766 17.533956 17.543597 17.553616 17.563443
 17.572812 17.582008 17.591377 17.601474 17.611566 17.62089  17.629947
 17.639288 17.649516 17.659415 17.668563 17.677664 17.687143 17.697372
 17.707094 17.716252 17.725474 17.734951 17.745031 17.754812 17.764079
 17.773216 17.782649 17.792741 17.802595 17.811714 17.820801 17.829941
 17.840106 17.84955  17.85955  17.86955  17.87955  17.88955  17.89955
 17.90955  17.91955  17.92955  17.93955  17.94955  17.95955  17.96955
 17.97955  17.98955  17.99955  18.00955  18.01955  18.02955  18.03955
 18.04955  18.05955  18.06955  18.07955  18.08955  18.09955  18.10955
 18.11955 ]","[6.60241302e+01 1.00759085e+02 1.52727545e+02 2.29933451e+02
 3.43825890e+02 5.10653868e+02 7.53297122e+02 1.10371672e+03
 1.60620349e+03 2.32164141e+03 3.33304632e+03 4.75268673e+03
 6.73114055e+03 9.46868701e+03 1.32294715e+04 1.83589086e+04
 2.53047969e+04 3.46426003e+04 4.71052965e+04 6.36180909e+04
 8.53381364e+04 1.13699174e+05 1.50460705e+05 1.97760936e+05
 2.58172248e+05 3.34757439e+05 4.31124344e+05 1.91603023e+06
 1.94515184e+06 1.99653374e+06 2.07949949e+06 2.20073279e+06
 2.37073369e+06 2.59662608e+06 2.88504828e+06 3.24611426e+06
 3.68978903e+06 4.22674824e+06 4.86715892e+06 5.62592406e+06
 6.50871052e+06 7.51779357e+06 8.65451647e+06 9.91752201e+06
 1.12888140e+07 1.27735481e+07 1.43734967e+07 1.60828073e+07
 1.78898083e+07 1.97957488e+07 2.17907900e+07 2.38667061e+07
 2.60046354e+07 2.81846257e+07 3.03436447e+07 3.24405827e+07
 3.44317242e+07 3.62498735e+07 3.78455324e+07 3.91731424e+07
 4.01848575e+07 4.08554109e+07 4.11936749e+07 4.12335773e+07
 4.16110895e+07 4.08627720e+07 3.99186946e+07 3.87124158e+07
 3.72475732e+07 3.56280188e+07 3.39417225e+07 3.21771915e+07
 3.02943809e+07 2.81996558e+07 2.60697779e+07 2.40966999e+07
 2.21974147e+07 2.02766271e+07 1.82392072e+07 1.63515305e+07
 1.46940625e+07 1.31375821e+07 1.16217901e+07 1.01122105e+07
 8.80146260e+06 7.67736782e+06 6.65206355e+06 5.70645724e+06
 4.81541430e+06 4.05717845e+06 3.42864602e+06 2.88780409e+06
 2.40444696e+06 1.96336128e+06 1.60016005e+06 1.31644378e+06
 1.07770473e+06 8.76263033e+05 6.91509941e+05 5.51475838e+05
 4.31124344e+05 3.34757439e+05 2.58172248e+05 1.97760936e+05
 1.50460705e+05 1.13699174e+05 8.53381364e+04 6.36180909e+04
 4.71052965e+04 3.46426003e+04 2.53047969e+04 1.83589086e+04
 1.32294715e+04 9.46868701e+03 6.73114055e+03 4.75268673e+03
 3.33304632e+03 2.32164141e+03 1.60620349e+03 1.10371672e+03
 7.53297122e+02 5.10653868e+02 3.43825890e+02 2.29933451e+02
 1.52727545e+02 1.00759085e+02 6.60241302e+01]",1,0.9984932722189436,,41611089.51627049
202,7894,12834246.0,18.499766,19.129954,20.682309,850.5614,850.5529-850.56991,1423979543.1223006,58035394.394836426,224,56898222.48835147,98.0,57818061.806873225,99.6,[2.9],"[301.2173, 327.233]",[327.23395],[100.0],"[18.499766 18.509617 18.519217 18.52895  18.538296 18.548355 18.558626
 18.568534 18.578164 18.587727 18.597325 18.607304 18.617329 18.62713
 18.636776 18.646604 18.656428 18.666372 18.676105 18.685672 18.695236
 18.705117 18.715736 18.725304 18.735042 18.744789 18.75461  18.764637
 18.774163 18.78357  18.793311 18.802876 18.813093 18.822542 18.831951
 18.841604 18.851257 18.86114  18.870517 18.880292 18.890198 18.899727
 18.909399 18.918519 18.928034 18.938332 18.948084 18.957571 18.966769
 18.976059 18.985804 18.995714 19.005431 19.014569 19.023843 19.033539
 19.043424 19.053504 19.062639 19.071982 19.081568 19.091286 19.101473
 19.110786 19.120426 19.129954 19.139648 19.149719 19.159417 19.169162
 19.178851 19.18845  19.198548 19.208258 19.218    19.22758  19.237682
 19.247601 19.257203 19.2668   19.276156 19.286336 19.29619  19.305634
 19.315262 19.324667 19.334757 19.344177 19.353826 19.363669 19.373106
 19.3829   19.392158 19.401501 19.411303 19.420902 19.430333 19.439578
 19.448897 19.458455 19.468412 19.477965 19.487158 19.496328 19.506162
 19.515702 19.525438 19.534607 19.543785 19.553735 19.563256 19.572763
 19.581945 19.591135 19.601043 19.610562 19.620046 19.629254 19.638432
 19.648302 19.657986 19.667444 19.676663 19.685863 19.695739 19.705743
 19.715403 19.724624 19.733868 19.743745 19.753859 19.763417 19.77273
 19.782036 19.791672 19.801424 19.810867 19.820211 19.829542 19.839456
 19.849074 19.858639 19.868016 19.877374 19.887155 19.896834 19.906619
 19.916056 19.925459 19.935355 19.945091 19.955183 19.964661 19.974143
 19.984197 19.994152 20.004055 20.013498 20.02319  20.033428 20.043632
 20.053266 20.062756 20.072828 20.082826 20.093332 20.103085 20.112716
 20.122787 20.132757 20.143616 20.153525 20.163271 20.172827 20.183511
 20.193396 20.203454 20.213053 20.223622 20.23436  20.244209 20.254268
 20.263844 20.274802 20.285614 20.295395 20.305422 20.31532  20.325977
 20.336582 20.346396 20.356281 20.3664   20.37654  20.386903 20.39682
 20.406475 20.416882 20.427763 20.438067 20.448076 20.457723 20.467952
 20.478241 20.488567 20.498143 20.5081   20.517673 20.527443 20.537841
 20.547457 20.557253 20.566935 20.576382 20.586221 20.595919 20.60569
 20.615127 20.624671 20.634296 20.644091 20.65364  20.663204 20.672749
 20.682309]","[ 1131084.99962391  1139002.84386859  1150362.91243398  1165923.2518583
  1186375.65654976  1212676.2271012   1243600.8086718   1278590.71578441
  1316287.68495143  1354752.19790261  1391915.05499011  1427088.92214948
  1459592.95642481  1489991.24384767  1517435.62396115  1542700.5133531
  1566736.57509433  1589474.42617379  1612558.33990209  1635614.54796013
  1660177.47732945  1687778.28525733  1720153.4411305   1758412.78290284
  1803704.96829459  1854223.36337231  1907653.0611787   1962510.09314988
  2017223.98109702  2073010.61375613  2131135.01796276  2194081.34487275
  2265308.45423611  2350085.50248172  2456938.84621947  2595321.85133723
  2777144.58036382  3021569.21028672  3354560.67293184  3806157.54232722
  4415865.14953381  5224821.51163822  6272882.78153845  7613899.14367019
  9279790.39389091 11296984.81486545 13675510.96199743 16421346.65824509
 19520656.45254616 22907001.199733   26521568.17831828 30291226.89777489
 34089154.13237317 37797826.83517902 41305120.39690547 44478946.40654248
 47263859.86462268 49649717.55760403 51665322.81641876 53365199.67853987
 54785300.61796927 55951650.86928027 56867237.77610266 57528100.33930548
 57924891.93302431 58038988.91106234 57869930.09118337 57466126.50352634
 56838432.74182476 55998443.78133938 54958612.74884924 53703881.01368497
 52266027.25312743 50690861.13747453 49057939.9891196  47398843.27149639
 45722246.49845555 43993109.53896575 42184765.41506431 40293827.44543806
 38300114.88824878 36224535.8051605  34063407.50336961 31852489.61582357
 29630007.39489042 27445165.99107145 25348558.57800242 23381496.62292799
 21579688.51934769 19944719.93707281 18498394.36448523 17223902.37210119
 16136278.03464618 15226631.29277048 14486432.87688279 13899980.91461643
 13438109.65255432 13074814.37122106 12766341.46512378 12484242.38066871
 12210045.17367315 11923861.97745073 11619913.60396961 11296897.13253687
 10955315.75494226 10596161.02045622 10234286.17213341  9864178.97689202
  9495920.30293824  9128888.56412782  8771479.00286605  8419217.45833534
  8083351.69259183  7771320.230003    7488897.86319301  7238483.2704815
  7016692.13725188  6814372.23935311  6621046.32335046  6427467.84530961
  6227693.38628448  6019701.58966177  5807524.33892193  5592424.0164723
  5381721.12715049  5177168.84939208  4982474.11200035  4793622.79165642
  4610178.56943574  4431933.5844411   4258034.10525244  4087584.17151635
  3921437.04574038  3762238.32171935  3612909.6266043   3472633.74709926
  3341522.55184739  3219989.23364441  3104034.55917795  2992268.44689948
  2883035.65556115  2777180.01229968  2675731.93456158  2579444.24256693
  2491940.36134184  2412669.28370302  2343206.93314234  2282234.58065437
  2227491.79996258  2177479.8721417   2128924.87154209  2081748.7203688
  2034584.85360028  1987675.3360403   1940086.68855782  1891904.93823301
  1840800.11331174  1788085.28578702  1735233.0034256   1683233.87387457
  1634626.42880847  1589782.89498215  1549536.45094668  1513765.22011048
  1482535.06145099  1455459.72011968  1431227.07131281  1408260.79532238
  1385750.88423527  1362393.01606597  1338246.55109464  1314448.90969295
  1290552.78650677  1267187.93943863  1244863.84178212  1222412.22861599
  1198361.2174044   1172482.16294687  1144479.6090354   1114718.668355
  1083737.37636631  1052484.26703315  1021280.59918345   990902.2553183
   962104.79908597   934122.83218399   906589.95847806   878997.06889578
   850772.7209859    821686.46528307   791781.40914288   761733.51772473
   732457.00910011   704318.44284882   678493.18617886   654933.08712126
   632833.24681804   612348.59292575   592015.36822173   572113.26563885
   552436.65554139   532772.93817741   512957.83415667   492820.40369134
   472666.43979118   452203.85191797   431696.12239293   411068.55456501
   390679.25534691   370886.24269984   352538.33036906   335804.60193117
   320538.73305543   306748.96077536   293559.03857068   281479.44915831
   270140.64660972   259576.46794202   249778.38034326   240451.75071051
   232118.59962754   224415.36418081   217742.59235788   212526.84740602
   208712.30270408]",,,,58038988.91106234
203,8754,1022095.1,20.356281,21.086653,21.343808,852.57568,852.56716-852.58421,343687476.47688925,16585154.70916748,102,16184438.359356647,97.6,13612741.081083775,82.1,[2.58],"[301.2173, 327.233]",[301.21652],[16.46382],"[20.449498 20.459498 20.469498 20.479498 20.489498 20.499498 20.509498
 20.519498 20.529498 20.539498 20.549498 20.559498 20.569498 20.579498
 20.589498 20.599498 20.609498 20.619498 20.629498 20.639498 20.649498
 20.659498 20.669498 20.679498 20.689498 20.699498 20.709498 20.719498
 20.729498 20.739498 20.749498 20.759498 20.769498 20.779498 20.789498
 20.799498 20.809498 20.819498 20.829498 20.829498 20.839719 20.84903
 20.858292 20.867594 20.876895 20.886862 20.896158 20.905639 20.914932
 20.92447  20.933997 20.943929 20.953641 20.963    20.97256  20.981942
 20.991314 21.001047 21.010689 21.020102 21.029484 21.038873 21.048638
 21.058418 21.067885 21.077267 21.086653 21.096039 21.105421 21.114888
 21.124668 21.134433 21.143822 21.153204 21.162617 21.172259 21.181992
 21.191364 21.200746 21.210306 21.219665 21.229377 21.239309 21.248836
 21.258374 21.267667 21.277148 21.286444 21.296411 21.305712 21.315014
 21.324276 21.333587 21.343808 21.343808 21.353808 21.363808 21.373808
 21.383808 21.393808 21.403808 21.413808 21.423808 21.433808 21.443808
 21.453808 21.463808 21.473808 21.483808 21.493808 21.503808 21.513808
 21.523808 21.533808 21.543808 21.553808 21.563808 21.573808 21.583808
 21.593808 21.603808 21.613808 21.623808 21.633808 21.643808 21.653808
 21.663808 21.673808 21.683808 21.693808 21.703808 21.713808 21.723808
 21.733808]","[1.08258513e+02 1.53825533e+02 2.17436347e+02 3.05754743e+02
 4.27712170e+02 5.95206078e+02 8.23987174e+02 1.13477796e+03
 1.55467164e+03 2.11886752e+03 2.87280586e+03 3.87477150e+03
 5.19904121e+03 6.93965321e+03 9.21487867e+03 1.21724730e+04
 1.59957778e+04 2.09107327e+04 2.71938365e+04 3.51810713e+04
 4.52777651e+04 5.79693258e+04 7.38327189e+04 9.35484978e+04
 1.17913117e+05 1.47851170e+05 1.84427109e+05 2.28855890e+05
 2.82511919e+05 3.46935548e+05 4.23836321e+05 5.15092098e+05
 6.22743134e+05 7.48980228e+05 8.96126052e+05 1.06660889e+06
 1.26292813e+06 1.48761114e+06 1.74316121e+06 1.74316121e+06
 2.03877364e+06 2.34037799e+06 2.67264661e+06 3.04013217e+06
 3.44254702e+06 3.91345575e+06 4.39002086e+06 4.91305790e+06
 5.46127488e+06 6.05920195e+06 6.69005866e+06 7.38051253e+06
 8.08425256e+06 8.78489007e+06 9.51835367e+06 1.02501069e+07
 1.09868252e+07 1.17509629e+07 1.24993721e+07 1.32140784e+07
 1.39030828e+07 1.45615615e+07 1.52052505e+07 1.57995797e+07
 1.63193611e+07 1.67738941e+07 1.65807965e+07 1.64836906e+07
 1.62616844e+07 1.59324230e+07 1.55019170e+07 1.49712626e+07
 1.43494831e+07 1.36359656e+07 1.28499494e+07 1.20003089e+07
 1.11208861e+07 1.02287940e+07 9.34078056e+06 8.47623640e+06
 7.64810646e+06 6.86943731e+06 6.16005970e+06 5.52585503e+06
 4.97009936e+06 4.49419883e+06 4.09507475e+06 3.76758873e+06
 3.50538410e+06 3.30148215e+06 3.15006041e+06 3.04508243e+06
 2.97964146e+06 2.94516815e+06 1.74316121e+06 1.48761114e+06
 1.26292813e+06 1.06660889e+06 8.96126052e+05 7.48980228e+05
 6.22743134e+05 5.15092098e+05 4.23836321e+05 3.46935548e+05
 2.82511919e+05 2.28855890e+05 1.84427109e+05 1.47851170e+05
 1.17913117e+05 9.35484978e+04 7.38327189e+04 5.79693258e+04
 4.52777651e+04 3.51810713e+04 2.71938365e+04 2.09107327e+04
 1.59957778e+04 1.21724730e+04 9.21487867e+03 6.93965321e+03
 5.19904121e+03 3.87477150e+03 2.87280586e+03 2.11886752e+03
 1.55467164e+03 1.13477796e+03 8.23987174e+02 5.95206078e+02
 4.27712170e+02 3.05754743e+02 2.17436347e+02 1.53825533e+02
 1.08258513e+02 7.57936868e+01]",1,0.9912223185447596,,16773894.07633228
204,9530,842481.88,23.062798,23.119016,24.539969,852.57574,852.56722-852.58427,88982883.19597085,3883748.7813301086,152,59072.092670287006,1.5,3772584.41624793,97.1,[0.25],"[301.2173, 327.233]",[301.21738],[100.0],"[23.062798 23.072138 23.081564 23.091135 23.100525 23.109844 23.119016
 23.128561 23.138163 23.147538 23.156682 23.165936 23.175449 23.185216
 23.194436 23.203613 23.212821 23.222363 23.231896 23.241197 23.250361
 23.259551 23.268955 23.278535 23.287816 23.297001 23.306057 23.315604
 23.32524  23.334555 23.343625 23.352853 23.362614 23.372366 23.381602
 23.390801 23.400054 23.409641 23.419378 23.428781 23.43805  23.447364
 23.456683 23.46647  23.475991 23.485379 23.494569 23.504091 23.513964
 23.523562 23.532799 23.542223 23.552005 23.5615   23.571341 23.580782
 23.590261 23.600033 23.609994 23.619973 23.629923 23.639368 23.648883
 23.658997 23.669045 23.678479 23.688023 23.697637 23.707596 23.717819
 23.727778 23.737358 23.746863 23.756987 23.7668   23.776759 23.786359
 23.795759 23.805614 23.815533 23.825311 23.834789 23.844198 23.854027
 23.864001 23.873638 23.883292 23.892866 23.902749 23.912529 23.922131
 23.931753 23.941358 23.951294 23.961099 23.970751 23.980414 23.989867
 23.999973 24.010082 24.019834 24.029404 24.038837 24.049335 24.059523
 24.06917  24.078683 24.088498 24.098568 24.10854  24.11821  24.127837
 24.137534 24.147275 24.157477 24.167585 24.17728  24.186857 24.196653
 24.207178 24.217341 24.226862 24.23645  24.246313 24.257061 24.267256
 24.276845 24.286734 24.296718 24.30719  24.317385 24.327    24.337142
 24.346942 24.357472 24.367684 24.377376 24.387435 24.397296 24.407821
 24.418282 24.42793  24.43813  24.447987 24.4587   24.469123 24.478734
 24.488971 24.49898  24.509547 24.520046 24.529676 24.539969]","[3793359.94461398 3816914.32540451 3839203.5058456  3859076.3939262
 3872220.6103913  3881142.63238414 3882932.64243548 3878092.79276928
 3864441.11049273 3840434.51486672 3804891.14309347 3759881.93079935
 3700583.8699388  3631663.06540944 3554475.09446917 3469927.55580947
 3381924.17010138 3292417.02473663 3197425.83075735 3098135.92740127
 2990172.04054448 2875392.75029904 2752560.97588649 2625013.14471051
 2495266.75039887 2367860.0335628  2246234.77703375 2134270.13048156
 2030609.47983231 1935428.02265389 1847925.61681784 1767141.47721017
 1691710.92220521 1623288.07986585 1558822.31798342 1497303.83615715
 1438661.2614389  1381464.80070223 1326026.67008442 1272625.14708583
 1220575.7732484  1171457.58284086 1124669.03941974 1081227.53645227
 1040432.03432314 1003081.02462916  969689.66443008  939866.71858462
  913188.0777099   889945.79206033  869172.98486038  850669.97990043
  834418.96843996  819240.6154096   805329.0130389   792495.57380198
  779424.05733944  765328.52607073  749534.7860392   731831.32702097
  711800.17132398  691455.5245041   671660.71785269  653209.95409257
  635783.66530254  619356.87426429  603121.95980186  586445.28802785
  569508.76592732  552390.93053085  535425.89718002  518956.40753926
  503284.03901964  488573.7524607   474632.59584544  461900.42455705
  449981.74275292  439576.27668826  430756.89960077  423488.93312386
  417252.59800061  411394.5415515   405765.58876838  399011.6925099
  391197.68075055  382057.58078906  372238.83850745  361945.93587457
  351381.53334508  341330.42903882  331405.33301079  322035.10428944
  312787.20057104  304013.63846621  296071.74116314  289100.73534895
  283094.73991322  277814.8730734   273247.38354961  268941.59777101
  265067.70006162  261183.16506498  257039.89434963  252526.47012486
  247085.64082232  241154.45014135  235020.3467724   229160.54595032
  223651.36740926  218575.43472816  214047.67995717  210263.63401976
  207033.62246062  204269.97637243  201652.18343948  198799.91575394
  195552.97814219  191917.11521701  187985.46769394  184325.26417297
  180738.01657803  177631.14889205  174773.40149595  171961.5157207
  169058.93962226  165733.58933746  161957.26399879  158042.82324121
  154058.36359225  150113.1480986   146350.98240273  142836.44876065
  140026.54402579  137992.40291994  136570.74852885  135716.23360143
  134710.38237146  133417.23212291  131671.89859883  129466.29619587
  127103.9258765   124718.59517216  122576.15490505  120831.6038002
  119380.955086    118123.1242408   116859.18139082  115432.61174825
  114132.29279762  113309.50297292  113174.64072682  113808.22595627
  114970.79625537]",,,,3882932.642435483
205,8850,795458.88,21.343808,21.486751,22.333958,852.57574,852.56722-852.58427,92987404.79041226,3937615.416534424,100,966160.2185320393,24.5,3690768.5366594377,93.7,[2.48],"[301.2173, 327.233]",[301.21805],[94.62666],"[21.343808 21.353173 21.362611 21.37204  21.38146  21.391397 21.400627
 21.410027 21.419491 21.429045 21.438848 21.448253 21.457756 21.467221
 21.476785 21.486751 21.496137 21.505614 21.515075 21.524936 21.534849
 21.544347 21.55376  21.563609 21.573545 21.583381 21.592869 21.6026
 21.612645 21.62251  21.632399 21.642129 21.651862 21.661796 21.671308
 21.681199 21.690955 21.701307 21.71103  21.720665 21.730293 21.740195
 21.750357 21.760294 21.769851 21.779564 21.789358 21.799641 21.809354
 21.819119 21.828811 21.838835 21.849489 21.859729 21.869285 21.879185
 21.88951  21.899706 21.909794 21.920135 21.930135 21.940742 21.950691
 21.9607   21.97096  21.981251 21.991264 22.001477 22.011654 22.021921
 22.031949 22.04258  22.05279  22.06313  22.072979 22.083134 22.093635
 22.103699 22.113935 22.124166 22.134247 22.144944 22.154899 22.165244
 22.175375 22.185692 22.196187 22.20626  22.215949 22.22612  22.235589
 22.246147 22.255871 22.265489 22.275983 22.285416 22.295752 22.30527
 22.314554 22.324478 22.333958]","[2967855.73147267 2991201.72528071 3028766.57063595 3081876.07230038
 3151060.60324463 3236548.76672941 3331167.15153556 3432125.96715745
 3532185.05479536 3627147.42984319 3715323.3833594  3790649.855047
 3854010.76408391 3902254.60029569 3931569.43641694 3934215.60075901
 3905661.38174181 3842013.01020534 3745515.0535789  3619632.57219332
 3469505.30107113 3306899.70889542 3137407.762473   2969970.00655959
 2808776.1073785  2658384.54580111 2519492.99428568 2389388.59097595
 2267419.91976259 2152205.74993677 2044627.35166982 1945217.52235682
 1855296.06482414 1775218.31304574 1707395.70948627 1650134.22584107
 1602628.97510884 1562531.45642731 1527802.69754212 1496064.43327908
 1465947.74270923 1437145.58304459 1406969.71261745 1376104.95358809
 1343403.18886653 1310371.82657766 1274785.56351394 1239761.21752449
 1204774.11757084 1169742.20209852 1136624.58817911 1103431.46984166
 1071137.23607082 1040438.01679531 1012113.74626185  986101.514668
  964494.45039374  946523.82301548  931444.21619059  918770.40188102
  906079.52259251  892922.05059842  876776.21999388  858392.32380104
  838300.98650612  817569.80050032  797118.73324592  777712.20555364
  759353.08607855  741917.68351247  725436.50162601  709304.04104263
  693199.20899046  675603.74761135  655705.23020371  633248.36639027
  607945.28396449  580513.50170544  552552.08076177  525482.44786783
  500268.47856359  477234.74492121  455464.08902506  434661.09254729
  414241.84426153  394313.66463484  375203.46176153  357535.98142097
  342223.14728725  329330.95699519  318729.50175091  310030.66857784
  302421.36277597  294806.58320676  286637.23609409  277667.38901404
  268017.53924952  258201.87920084  248654.08458027  240156.61214721
  232886.75496438]",,,,3934215.6007590084
206,9338,5036513.0,22.333958,22.693031,23.062798,852.57581,852.56728-852.58433,378263198.70338714,20507162.445739746,77,20243021.40242764,98.7,16662384.28405133,81.3,[1.47],"[301.2173, 327.233]",[301.21774],[100.0],"[22.333958 22.343909 22.353653 22.362697 22.372214 22.382134 22.391917
 22.401231 22.410261 22.419917 22.429932 22.439598 22.448706 22.45785
 22.467483 22.477262 22.486839 22.49605  22.505186 22.514853 22.5242
 22.533644 22.542866 22.552025 22.561747 22.571419 22.58112  22.590372
 22.599471 22.608956 22.618567 22.627875 22.637209 22.646411 22.655853
 22.665252 22.674483 22.683883 22.693031 22.70249  22.711824 22.721058
 22.730465 22.73965  22.749062 22.758414 22.767992 22.777393 22.786591
 22.796058 22.805508 22.815291 22.824659 22.83389  22.843373 22.852991
 22.862821 22.872231 22.881474 22.891036 22.900903 22.910798 22.920188
 22.929475 22.939064 22.948682 22.958543 22.967956 22.977252 22.986963
 22.996492 23.006079 23.015517 23.024811 23.034554 23.043999 23.053436
 23.062798]","[  226803.9185102    234734.91888665   246507.11825755   263100.8691404
   285031.88780237   312822.52616629   348407.92771132   394296.55764201
   454802.74702025   534716.66122342   638571.63034002   773466.71831858
   943292.77626     1153491.98186286  1408756.3338913   1717937.48309936
  2090692.38885347  2535092.50146944  3060710.81843242  3682952.58052295
  4399762.05495774  5217362.264312    6138508.07945287  7161526.62737256
  8255997.10997595  9414547.06264991 10597875.05449894 11784111.03828112
 12952026.80691785 14070982.79361034 15128097.61580687 16121944.19761826
 17056021.25180586 17933061.84135939 18727137.34606544 19417621.89822671
 19964127.39765501 20322235.00756317 20486468.46652721 20477198.65620453
 20304992.6399862  19996931.40781898 19581574.44340844 19066039.97502913
 18486274.88197538 17849761.13533226 17163813.5716617  16446005.91480557
 15700824.53011473 14937732.30412366 14167788.88109191 13393617.49558268
 12632266.17468511 11881814.28530929 11143949.90989247 10417203.57292665
  9715390.92393829  9024691.16107273  8372849.41182186  7757447.60223083
  7193625.49224278  6687271.62304768  6228811.46181746  5822107.29244744
  5466828.92141678  5158463.39426457  4900827.01798455  4686088.44755683
  4504238.99675693  4350728.19973027  4218861.00496127  4103553.77600591
  4008847.72602645  3927980.07678605  3864482.37983644  3815816.69979372
  3780813.693879    3758219.73786191]",,,,20486468.466527212
207,4879,2220070.8,11.633554,11.943727,12.582015,854.53442,854.52588-854.54297,106134645.38325378,9482015.88217163,95,9482750.783169504,100.0,9476975.644532558,99.9,[2.62],"[301.2173, 327.233]",[327.23386],[91.95668],"[11.362786 11.372348 11.381403 11.390741 11.400664 11.410341 11.419919
 11.42907  11.438908 11.448625 11.458503 11.468812 11.478479 11.488454
 11.498532 11.508497 11.518977 11.528793 11.538765 11.549047 11.558925
 11.568909 11.578662 11.588583 11.598837 11.608483 11.618575 11.628406
 11.638414 11.648335 11.658032 11.668157 11.678275 11.687882 11.698138
 11.707813 11.717843 11.727795 11.737535 11.748096 11.757739 11.76793
 11.778023 11.787937 11.798404 11.807906 11.818294 11.827607 11.837496
 11.847869 11.857236 11.867323 11.876377 11.886208 11.896237 11.905452
 11.915129 11.924256 11.93395  11.943727 11.953504 11.963198 11.972325
 11.982002 11.991217 12.001246 12.011077 12.020131 12.030218 12.039585
 12.049958 12.059847 12.06916  12.079548 12.08905  12.099517 12.109431
 12.119524 12.129715 12.139358 12.149919 12.159659 12.169611 12.179641
 12.189316 12.199572 12.209179 12.219297 12.229422 12.239119 12.24904
 12.259048 12.268879 12.278971 12.288617 12.298871 12.308792 12.318545
 12.328529 12.338407 12.348689 12.358661 12.368477 12.378957 12.388922
 12.399    12.408975 12.418642 12.428951 12.438829 12.448546 12.458384
 12.467535 12.477113 12.48679  12.496713 12.506051 12.515106 12.524668
 12.5343   12.543988 12.553495 12.562929 12.57252  12.582015]","[1.15252907e+02 1.56231310e+02 2.07642498e+02 2.77417189e+02
 3.75889866e+02 5.03452872e+02 6.69651700e+02 8.76247854e+02
 1.16530589e+03 1.53804289e+03 2.03095104e+03 2.70251950e+03
 3.51820693e+03 4.59946366e+03 6.00372978e+03 7.78011330e+03
 1.01714222e+04 1.30183427e+04 1.66572588e+04 2.13820054e+04
 2.70636309e+04 3.41966352e+04 4.28001588e+04 5.35521136e+04
 6.72135490e+04 8.28907850e+04 1.02782395e+05 1.26211666e+05
 1.54897756e+05 1.88966358e+05 2.28565539e+05 2.77602401e+05
 3.35643637e+05 4.00324742e+05 4.81091875e+05 5.69815554e+05
 6.76246989e+05 7.98094580e+05 9.34743588e+05 1.10440540e+06
 1.28074266e+06 1.49134201e+06 1.72646904e+06 1.98506067e+06
 2.28977109e+06 2.59617190e+06 2.96513774e+06 3.32723149e+06
 3.74503160e+06 4.22078959e+06 4.68360800e+06 5.21700662e+06
 5.72609561e+06 6.31022423e+06 6.93799599e+06 7.54112434e+06
 8.19895003e+06 8.83944151e+06 9.53738344e+06 9.48275078e+06
 9.37386875e+06 9.08344415e+06 8.63696362e+06 8.06273934e+06
 7.39847231e+06 6.68282129e+06 5.95169362e+06 5.23283453e+06
 4.55563548e+06 3.93616122e+06 3.38851559e+06 2.91613367e+06
 2.51915996e+06 2.18909875e+06 1.92088274e+06 1.70551755e+06
 1.53440104e+06 1.39891116e+06 1.28967545e+06 1.19753524e+06
 1.11411036e+06 1.03572809e+06 9.57967338e+05 8.81268876e+05
 8.05925489e+05 7.32791939e+05 6.63386192e+05 5.99099599e+05
 5.39604988e+05 4.85247449e+05 4.35848436e+05 3.90922015e+05
 3.50694831e+05 3.15076107e+05 2.83300717e+05 2.55515001e+05
 2.31294257e+05 2.10410577e+05 1.92600140e+05 1.77272002e+05
 1.63899765e+05 1.51735989e+05 1.40262650e+05 1.29464988e+05
 1.19138716e+05 1.09304693e+05 9.99176316e+04 9.09773176e+04
 8.25056542e+04 7.45054566e+04 6.68221091e+04 5.95917816e+04
 5.26501174e+04 4.58704321e+04 3.92354451e+04 3.26897879e+04
 2.65033259e+04 2.10549881e+04 1.64014056e+04 1.27914373e+04
 9.88921200e+03 7.61356579e+03 5.62454393e+03 3.89692134e+03
 2.50873595e+03]",1,0.9912677272735214,,9537383.443959171
208,4359,192103.91,10.427175,10.600129,11.145566,856.51056,856.50199-856.51912,7393299.529040592,590780.5503959656,70,518823.2995232477,87.8,567890.663190754,96.1,[1.37],"[301.2173, 327.233]",[301.21771],[47.87242],"[10.297175 10.307175 10.317175 10.327175 10.337175 10.347175 10.357175
 10.367175 10.377175 10.387175 10.397175 10.407175 10.417175 10.427175
 10.437386 10.447597 10.457803 10.468176 10.477731 10.487545 10.49793
 10.508153 10.518518 10.528164 10.538321 10.548617 10.559129 10.569625
 10.579345 10.589866 10.600129 10.610392 10.620913 10.630633 10.641129
 10.651641 10.661937 10.672094 10.68174  10.692105 10.702328 10.712713
 10.722527 10.732082 10.742455 10.752661 10.762872 10.773083 10.783083
 10.793083 10.803083 10.813083 10.823083 10.833083 10.843083 10.853083
 10.863083 10.873083 10.883083 10.893083 10.903083]","[9.12807287e+01 1.59706424e+02 2.74338566e+02 4.62671274e+02
 7.66089305e+02 1.24539597e+03 1.98772684e+03 3.11477831e+03
 4.79202167e+03 7.23821698e+03 1.07340994e+04 1.56286268e+04
 2.23407229e+04 6.22716869e+04 6.63990866e+04 7.34796466e+04
 8.47199953e+04 1.01590047e+05 1.25032204e+05 1.55474147e+05
 1.93029280e+05 2.36910686e+05 2.86300804e+05 3.39827315e+05
 3.95354538e+05 4.49809603e+05 4.99770323e+05 5.41726610e+05
 5.72153012e+05 5.88621073e+05 5.89360420e+05 5.89160057e+05
 5.64571633e+05 5.33047009e+05 4.91309079e+05 4.43690413e+05
 3.93702515e+05 3.43296623e+05 2.96171804e+05 2.47949623e+05
 2.04100476e+05 1.64228055e+05 1.31320519e+05 1.03847861e+05
 7.89749350e+04 5.91720268e+04 4.34875722e+04 3.13541343e+04
 2.23407229e+04 1.56286268e+04 1.07340994e+04 7.23821698e+03
 4.79202167e+03 3.11477831e+03 1.98772684e+03 1.24539597e+03
 7.66089305e+02 4.62671274e+02 2.74338566e+02 1.59706424e+02
 9.12807287e+01]",1,0.9962120300019142,,589360.4199969927
209,8240,407915.53,19.515702,19.974143,20.644091,856.55017,856.54161-856.55874,21049230.547988877,1259570.8136367798,114,1259584.0347005057,100.0,1249283.877780703,99.2,[3.27],"[301.2173, 327.233]",[327.23407],[100.0],"[19.104195 19.114195 19.124195 19.134195 19.144195 19.154195 19.164195
 19.174195 19.184195 19.194195 19.204195 19.214195 19.224195 19.234195
 19.244195 19.254195 19.264195 19.274195 19.284195 19.294195 19.304195
 19.304195 19.31399  19.323615 19.333159 19.342596 19.352367 19.362065
 19.371904 19.381351 19.391033 19.400829 19.410445 19.420843 19.430613
 19.440186 19.450143 19.459719 19.470045 19.480334 19.490563 19.50021
 19.510219 19.520523 19.531404 19.541811 19.551466 19.561383 19.571746
 19.581886 19.592005 19.60189  19.611704 19.622309 19.632966 19.642864
 19.652891 19.662672 19.673484 19.684442 19.694018 19.704077 19.713926
 19.724664 19.735233 19.744832 19.75489  19.764775 19.775459 19.785015
 19.794761 19.80467  19.815529 19.825499 19.83557  19.845201 19.854954
 19.86546  19.875458 19.88553  19.89502  19.904654 19.914858 19.925096
 19.934788 19.944231 19.954134 19.964089 19.974143 19.984197 19.994152
 20.004055 20.013498 20.02319  20.033428 20.043632 20.053266 20.062756
 20.072828 20.082826 20.093332 20.103085 20.112716 20.122787 20.132757
 20.143616 20.153525 20.163271 20.172827 20.183511 20.193396 20.203454
 20.213053 20.223622 20.23436  20.244209 20.254268 20.263844 20.274802
 20.285614 20.295395 20.305422 20.31532  20.325977 20.336582 20.346396
 20.356281 20.3664   20.37654  20.386903 20.39682  20.406475 20.416882
 20.427763 20.438067 20.448076 20.457723 20.467952 20.478241 20.488567
 20.498143 20.5081   20.517673 20.527443 20.537841 20.547457 20.557253
 20.566935 20.576382 20.586221 20.595919 20.60569  20.615127 20.624671
 20.634296 20.644091 20.644091 20.654091 20.664091 20.674091 20.684091
 20.694091 20.704091 20.714091 20.724091 20.734091 20.744091 20.754091
 20.764091 20.774091 20.784091 20.794091 20.804091 20.814091 20.824091
 20.834091 20.844091 20.854091]","[1.15192457e+02 1.34380993e+02 1.56597984e+02 1.82292586e+02
 2.11975838e+02 2.46228452e+02 2.85709463e+02 3.31165840e+02
 3.83443128e+02 4.43497219e+02 5.12407363e+02 5.91390494e+02
 6.81817014e+02 7.85228126e+02 9.03354842e+02 1.03813880e+03
 1.19175502e+03 1.36663667e+03 1.56550216e+03 1.79138440e+03
 2.04766271e+03 2.04766271e+03 2.33177350e+03 2.64667074e+03
 2.99795218e+03 3.38786258e+03 3.84122233e+03 4.34676501e+03
 4.92261868e+03 5.54178345e+03 6.25103296e+03 7.05384267e+03
 7.93416266e+03 9.00006552e+03 1.01210432e+04 1.13434714e+04
 1.27585261e+04 1.42713848e+04 1.60866256e+04 1.81043863e+04
 2.03383127e+04 2.26738201e+04 2.53540951e+04 2.84128334e+04
 3.20047530e+04 3.58217360e+04 3.97275853e+04 4.41372856e+04
 4.92136780e+04 5.46845622e+04 6.06836542e+04 6.71078131e+04
 7.40816435e+04 8.23388643e+04 9.14527576e+04 1.00708963e+05
 1.10922631e+05 1.21756467e+05 1.34806797e+05 1.49270315e+05
 1.63002877e+05 1.78601567e+05 1.95114845e+05 2.14608742e+05
 2.35412482e+05 2.55783880e+05 2.78727757e+05 3.02961025e+05
 3.31137519e+05 3.58180761e+05 3.87646774e+05 4.19653676e+05
 4.57219014e+05 4.94112699e+05 5.33825618e+05 5.74201557e+05
 6.17576030e+05 6.67210514e+05 7.17356231e+05 7.70849035e+05
 8.24075251e+05 8.80999396e+05 9.44559966e+05 1.01180582e+06
 1.07875390e+06 1.14712878e+06 1.22223926e+06 1.30132214e+06
 1.25958403e+06 1.25022823e+06 1.22608171e+06 1.18789482e+06
 1.13815262e+06 1.07944317e+06 1.01386692e+06 9.44941551e+05
 8.75582196e+05 8.07231188e+05 7.40890654e+05 6.77285410e+05
 6.16810536e+05 5.59721487e+05 5.06995124e+05 4.58447328e+05
 4.13997814e+05 3.73837112e+05 3.38067810e+05 3.06371698e+05
 2.78746124e+05 2.55474676e+05 2.35580489e+05 2.18313911e+05
 2.03305203e+05 1.89507275e+05 1.76644608e+05 1.64549410e+05
 1.53337001e+05 1.43406061e+05 1.34779682e+05 1.27595307e+05
 1.21852546e+05 1.17252677e+05 1.13508277e+05 1.10212330e+05
 1.06990777e+05 1.03675960e+05 1.00142655e+05 9.62771609e+04
 9.19905442e+04 8.73938300e+04 8.25697437e+04 7.75565895e+04
 7.25549587e+04 6.76313581e+04 6.27106949e+04 5.78062418e+04
 5.30998443e+04 4.86506774e+04 4.43525322e+04 4.03611689e+04
 3.67411027e+04 3.34495253e+04 3.05527331e+04 2.79726579e+04
 2.56303081e+04 2.35776091e+04 2.17033436e+04 2.00077001e+04
 1.83950922e+04 1.68097363e+04 1.51977425e+04 1.35156461e+04
 1.19224594e+04 1.05486222e+04 9.45400067e+03 8.70710421e+03
 2.04766271e+03 1.79138440e+03 1.56550216e+03 1.36663667e+03
 1.19175502e+03 1.03813880e+03 9.03354842e+02 7.85228126e+02
 6.81817014e+02 5.91390494e+02 5.12407363e+02 4.43497219e+02
 3.83443128e+02 3.31165840e+02 2.85709463e+02 2.46228452e+02
 2.11975838e+02 1.82292586e+02 1.56597984e+02 1.34380993e+02
 1.15192457e+02 9.86381130e+01]",1,0.9901590957351594,,1301322.1360418187
210,5284,251042.81,12.601414,12.908226,13.24114,856.55048,856.54191-856.55904,12934480.283596957,1094215.837896347,65,1093569.8655772486,99.9,1078757.9985848994,98.6,[4.41],"[301.2173, 327.233]",[301.21863],[100.0],"[12.600385 12.610385 12.620385 12.63011  12.640355 12.649717 12.659088
 12.669133 12.679095 12.688644 12.69778  12.707199 12.717417 12.726813
 12.736575 12.74569  12.755464 12.765472 12.775531 12.784775 12.793718
 12.803091 12.813305 12.823192 12.832281 12.841365 12.851289 12.861213
 12.870754 12.879884 12.889021 12.898452 12.908226 12.918    12.927431
 12.936568 12.945698 12.955239 12.965163 12.975087 12.984171 12.99326
 13.003147 13.013361 13.022734 13.031677 13.040921 13.05098  13.060988
 13.070762 13.079877 13.089639 13.099035 13.109253 13.118672 13.127808
 13.137357 13.147319 13.157364 13.166735 13.176097 13.186342 13.196067
 13.206067 13.216067]","[6.65057992e+01 1.25050806e+02 7.87872542e+01 1.74432413e+02
 3.41739474e+02 7.34643147e+02 1.41970653e+03 2.56889477e+03
 4.40254771e+03 7.17716952e+03 1.14366408e+04 1.78321675e+04
 2.68274239e+04 3.91599587e+04 5.58874977e+04 7.82428934e+04
 1.07224976e+05 1.44096235e+05 1.89749530e+05 2.45354686e+05
 3.10871513e+05 3.85810055e+05 4.68761293e+05 5.57287740e+05
 6.48880017e+05 7.39570342e+05 8.25727478e+05 9.04220676e+05
 9.71962773e+05 1.02694976e+06 1.06661032e+06 1.08942324e+06
 1.09356987e+06 1.08861478e+06 1.06924637e+06 1.03204899e+06
 9.78685777e+05 9.08516770e+05 8.23791074e+05 7.31505185e+05
 6.44202313e+05 5.57415915e+05 4.66838429e+05 3.80310492e+05
 3.09010891e+05 2.49110293e+05 1.95842313e+05 1.47657282e+05
 1.09134808e+05 7.95838091e+04 5.82093005e+04 4.08338211e+04
 2.84786189e+04 1.88401272e+04 1.26226291e+04 8.40667049e+03
 5.39373798e+03 3.32549295e+03 1.99895984e+03 1.21953237e+03
 7.30635429e+02 4.08281237e+02 2.30191881e+02 1.25050806e+02
 6.65057992e+01]",1,0.999929203748545,,1093569.8655772486
211,6274,1085843.6,14.997975,15.286599,15.82074,858.56573,858.55715-858.57432,64283937.31786959,5499424.658935547,86,5473852.8836886035,99.5,5475191.3366991095,99.6,[2.8],"[301.2173, 327.233]",[327.23392],[93.94003],"[14.835945 14.845305 14.855172 14.865217 14.874211 14.883237 14.892829
 14.902491 14.91268  14.921692 14.931364 14.940395 14.950265 14.959908
 14.968878 14.978731 14.988116 14.998271 15.007827 15.017062 15.026741
 15.0361   15.046259 15.055793 15.065306 15.075079 15.084799 15.094339
 15.10386  15.113375 15.123095 15.132764 15.142253 15.1518   15.161724
 15.171381 15.180738 15.190086 15.199911 15.209792 15.219553 15.228913
 15.238334 15.248002 15.257868 15.267804 15.277195 15.286599 15.296003
 15.305394 15.31533  15.325196 15.334864 15.344285 15.353645 15.363406
 15.373287 15.383112 15.39246  15.401817 15.411474 15.421398 15.430945
 15.440434 15.450103 15.459823 15.469338 15.478859 15.488399 15.498119
 15.507892 15.517405 15.526939 15.537098 15.546457 15.556136 15.565371
 15.574927 15.585082 15.594467 15.60432  15.61329  15.622933 15.632803
 15.641834 15.651506 15.660518 15.670707 15.680369 15.689961 15.698987
 15.707981 15.718026 15.727893 15.737253 15.746954 15.755932 15.765228
 15.774527 15.783969 15.793078 15.802086 15.811286 15.82074 ]","[1.41992600e+02 2.11141256e+02 3.18195246e+02 4.78978765e+02
 6.85767709e+02 9.76280021e+02 1.41018909e+03 2.02625428e+03
 2.94403951e+03 4.06668022e+03 5.70765890e+03 7.77651906e+03
 1.08175841e+04 1.48145052e+04 1.97067762e+04 2.67486690e+04
 3.55088257e+04 4.78391039e+04 6.28201928e+04 8.11374098e+04
 1.05266138e+05 1.34373001e+05 1.73667673e+05 2.19173600e+05
 2.74329694e+05 3.42708177e+05 4.24166446e+05 5.18828490e+05
 6.29462299e+05 7.57708063e+05 9.08447917e+05 1.07945903e+06
 1.26865843e+06 1.48094811e+06 1.72505539e+06 1.98506549e+06
 2.25710268e+06 2.54700457e+06 2.86873645e+06 3.20651369e+06
 3.55002148e+06 3.88411693e+06 4.22012325e+06 4.55909154e+06
 4.89263359e+06 5.20923432e+06 5.48458415e+06 5.49863200e+06
 5.42785067e+06 5.26506017e+06 5.02395296e+06 4.72189748e+06
 4.37308425e+06 3.99459217e+06 3.60171019e+06 3.20885684e+06
 2.82810326e+06 2.47049756e+06 2.14086758e+06 1.84456728e+06
 1.58201686e+06 1.35313627e+06 1.15481317e+06 9.86742694e+05
 8.45322194e+05 7.28256059e+05 6.32834813e+05 5.56801128e+05
 4.96841700e+05 4.50647470e+05 4.14729919e+05 3.86228195e+05
 3.62882611e+05 3.42320133e+05 3.23193411e+05 3.04718916e+05
 2.86854049e+05 2.69650231e+05 2.53363877e+05 2.37843252e+05
 2.22747784e+05 2.07957805e+05 1.92810345e+05 1.77261325e+05
 1.61436384e+05 1.45482280e+05 1.29548951e+05 1.14203018e+05
 9.99956381e+04 8.70281778e+04 7.58461153e+04 6.64738320e+04
 5.90948183e+04 5.32770607e+04 4.88534030e+04 4.50693615e+04
 4.18414495e+04 3.89085458e+04 3.59338656e+04 3.28193110e+04
 2.97230317e+04 2.67666454e+04 2.42374447e+04 2.23136772e+04]",1,0.9938477552341847,,5498632.004510904
212,4696,219940.23,11.166842,11.440584,11.963198,860.50269,860.49408-860.51129,14795495.673348885,796448.6454610825,81,794934.9493377822,99.8,782779.083234254,98.3,[2.08],"[301.2173, 327.233]",[301.21793],[100.0],"[11.126842 11.136842 11.146842 11.156842 11.166842 11.177779 11.188279
 11.198462 11.209185 11.219742 11.230696 11.241052 11.251714 11.261998
 11.272604 11.283312 11.293468 11.303833 11.313504 11.323772 11.334075
 11.34398  11.354128 11.36364  11.372689 11.382747 11.392647 11.402431
 11.411986 11.420821 11.430855 11.440584 11.450313 11.460347 11.469182
 11.478737 11.488521 11.498421 11.508479 11.517528 11.52704  11.537188
 11.547093 11.557396 11.567664 11.577335 11.5877   11.597856 11.608564
 11.61917  11.629454 11.640116 11.650472 11.661426 11.671983 11.682706
 11.692889 11.703389 11.714326 11.724326 11.734326 11.744326 11.754326]","[8.89370976e+01 1.66371778e+02 3.04372689e+02 5.44579166e+02
 2.17925848e+03 2.05192503e+03 2.20340561e+03 2.76224901e+03
 4.03137125e+03 6.26855635e+03 1.01077772e+04 1.64937294e+04
 2.68370717e+04 4.30298606e+04 6.68758798e+04 1.00905910e+05
 1.46187889e+05 2.03197000e+05 2.70903468e+05 3.46752865e+05
 4.26693510e+05 5.05639981e+05 5.78479869e+05 6.40889102e+05
 6.91293897e+05 7.29166523e+05 7.55893961e+05 7.73695994e+05
 7.85121302e+05 7.92517697e+05 7.95716854e+05 7.96343182e+05
 7.87274449e+05 8.10000916e+05 8.15280616e+05 8.05122898e+05
 7.78283209e+05 7.35895016e+05 6.79828787e+05 6.20977054e+05
 5.53608317e+05 4.79013811e+05 4.06812568e+05 3.35368540e+05
 2.70222709e+05 2.15799834e+05 1.65702751e+05 1.24981053e+05
 9.05521105e+04 6.41734585e+04 4.48708786e+04 3.02039365e+04
 2.00711092e+04 1.26923755e+04 7.95695826e+03 4.82757365e+03
 2.93322792e+03 1.71287494e+03 9.52896390e+02 5.44579166e+02
 3.04372689e+02 1.66371778e+02 8.89370976e+01]",1,0.9964997034965299,,815280.6163100782
213,7566,625061.5,17.824539,18.356495,19.120426,860.58142,860.57282-860.59003,59111230.60975926,3009482.9696063995,135,2988156.910038235,99.3,3006726.7883321713,99.9,[1.12],"[301.2173, 327.233]",[327.23337],[100.0],"[17.824539 17.834184 17.843717 17.853083 17.862657 17.871926 17.88151
 17.891433 17.901185 17.910434 17.919888 17.929222 17.93912  17.94887
 17.958166 17.967632 17.976943 17.98696  17.996164 18.005501 18.0152
 18.024545 18.034291 18.044126 18.053484 18.062841 18.072255 18.082143
 18.091632 18.10103  18.110479 18.119965 18.129517 18.138951 18.148402
 18.157832 18.167321 18.176825 18.186238 18.195597 18.204956 18.214646
 18.22432  18.233841 18.243351 18.252634 18.26209  18.271514 18.280918
 18.290631 18.30015  18.30957  18.318684 18.328123 18.337829 18.347082
 18.356495 18.36562  18.375618 18.385368 18.3946   18.404016 18.41332
 18.422892 18.432165 18.441934 18.451378 18.460984 18.470531 18.480385
 18.489958 18.499766 18.509617 18.519217 18.52895  18.538296 18.548355
 18.558626 18.568534 18.578164 18.587727 18.597325 18.607304 18.617329
 18.62713  18.636776 18.646604 18.656428 18.666372 18.676105 18.685672
 18.695236 18.705117 18.715736 18.725304 18.735042 18.744789 18.75461
 18.764637 18.774163 18.78357  18.793311 18.802876 18.813093 18.822542
 18.831951 18.841604 18.851257 18.86114  18.870517 18.880292 18.890198
 18.899727 18.909399 18.918519 18.928034 18.938332 18.948084 18.957571
 18.966769 18.976059 18.985804 18.995714 19.005431 19.014569 19.023843
 19.033539 19.043424 19.053504 19.062639 19.071982 19.081568 19.091286
 19.101473 19.110786 19.120426]","[2.75218898e+04 2.59342362e+04 2.47287504e+04 2.39214225e+04
 2.35443156e+04 2.33177035e+04 2.32674720e+04 2.33880879e+04
 2.37034655e+04 2.42326319e+04 2.49392225e+04 2.55270822e+04
 2.60247905e+04 2.65135840e+04 2.68092163e+04 2.70389625e+04
 2.70838121e+04 2.71101263e+04 2.73028739e+04 2.77019336e+04
 2.87105910e+04 3.03448186e+04 3.29759899e+04 3.66325237e+04
 4.18286642e+04 4.89046124e+04 5.86620126e+04 7.20741055e+04
 9.00560313e+04 1.13701466e+05 1.44126253e+05 1.83228280e+05
 2.32404648e+05 2.92910543e+05 3.66858779e+05 4.55183828e+05
 5.59407790e+05 6.80222779e+05 8.17846935e+05 9.70943485e+05
 1.13684501e+06 1.31227348e+06 1.49369335e+06 1.67614413e+06
 1.85525540e+06 2.02912116e+06 2.19553893e+06 2.35225299e+06
 2.50056109e+06 2.63434749e+06 2.75100688e+06 2.84522938e+06
 2.91630728e+06 2.96406320e+06 2.99157283e+06 3.00522746e+06
 3.00945891e+06 3.00413765e+06 2.98907865e+06 2.95638149e+06
 2.90022376e+06 2.81857624e+06 2.71266972e+06 2.58641840e+06
 2.44866219e+06 2.30357423e+06 2.15659821e+06 2.00812167e+06
 1.86187818e+06 1.71895133e+06 1.57983929e+06 1.44636443e+06
 1.32129836e+06 1.20475684e+06 1.09988597e+06 1.00652779e+06
 9.25344120e+05 8.56413894e+05 7.97593136e+05 7.48681974e+05
 7.07561145e+05 6.72539104e+05 6.43494582e+05 6.18719979e+05
 5.97504259e+05 5.78550920e+05 5.60827970e+05 5.43211671e+05
 5.25445326e+05 5.07375199e+05 4.88709134e+05 4.69450534e+05
 4.50085989e+05 4.30924914e+05 4.12050076e+05 3.94189693e+05
 3.77088087e+05 3.60287735e+05 3.43496945e+05 3.27212048e+05
 3.11662384e+05 2.97247511e+05 2.84281295e+05 2.72192096e+05
 2.60888276e+05 2.49833264e+05 2.39049695e+05 2.27823100e+05
 2.16502774e+05 2.05082297e+05 1.93398478e+05 1.81576262e+05
 1.69288239e+05 1.56473885e+05 1.43130598e+05 1.29558041e+05
 1.16059144e+05 1.02787222e+05 9.01366722e+04 7.81394509e+04
 6.69364726e+04 5.65298228e+04 4.74754586e+04 3.95321080e+04
 3.29950659e+04 2.76676330e+04 2.32559824e+04 1.94645278e+04
 1.59223008e+04 1.24866198e+04 9.27253973e+03 6.34631168e+03
 4.01539147e+03 2.30609452e+03 1.14517954e+03 4.89776340e+02]",,,,3009458.9068567613
214,7235,632867.0,17.266919,17.572729,17.843717,862.56006,862.55143-862.56868,39262879.004177,2903317.0939178467,61,2849697.4695534394,98.2,2475333.649622901,85.3,[1.77],"[301.2173, 327.233]",[301.21783],[92.50615],"[16.941741 16.951741 16.961741 16.971741 16.981741 16.991741 17.001741
 17.011741 17.021741 17.031741 17.041741 17.051741 17.061741 17.071741
 17.081741 17.091741 17.101741 17.111741 17.121741 17.131741 17.141741
 17.151741 17.161741 17.171741 17.181741 17.191741 17.201741 17.211741
 17.221741 17.231741 17.241741 17.251741 17.261741 17.271741 17.281741
 17.291741 17.301741 17.301741 17.311274 17.320919 17.330131 17.339224
 17.348704 17.358528 17.367802 17.377004 17.386081 17.395349 17.404916
 17.414182 17.423429 17.432486 17.441726 17.451159 17.460638 17.470201
 17.479287 17.488605 17.497947 17.507184 17.51648  17.525559 17.535069
 17.544703 17.553959 17.563655 17.572729 17.581803 17.591499 17.600755
 17.610389 17.619899 17.628978 17.638274 17.647511 17.656853 17.666171
 17.675257 17.68482  17.694299 17.703732 17.712972 17.722029 17.731276
 17.740542 17.750109 17.759377 17.768454 17.777656 17.78693  17.796754
 17.806234 17.815327 17.824539 17.834184 17.843717 17.843717 17.853717
 17.863717 17.873717 17.883717 17.893717 17.903717 17.913717 17.923717
 17.933717 17.943717 17.953717 17.963717 17.973717 17.983717 17.993717
 18.003717 18.013717 18.023717 18.033717 18.043717 18.053717 18.063717
 18.073717 18.083717 18.093717 18.103717 18.113717 18.123717 18.133717
 18.143717 18.153717 18.163717 18.173717 18.183717 18.193717 18.203717
 18.213717]","[1.22197851e+02 1.59920743e+02 2.08559303e+02 2.71042799e+02
 3.51018268e+02 4.53007199e+02 5.82591340e+02 7.46631803e+02
 9.53525876e+02 1.21350626e+03 1.53898751e+03 1.94496462e+03
 2.44946849e+03 3.07408270e+03 3.84452575e+03 4.79130193e+03
 5.95042304e+03 7.36420186e+03 9.08211641e+03 1.11617421e+04
 1.36697458e+04 1.66829340e+04 2.02893421e+04 2.45893493e+04
 2.96967994e+04 3.57401024e+04 4.28632875e+04 5.12269738e+04
 6.10092185e+04 7.24062011e+04 8.56326926e+04 1.00922262e+05
 1.18527163e+05 1.38717848e+05 1.61782050e+05 1.88023383e+05
 2.17759409e+05 2.17759409e+05 2.49661905e+05 2.85773990e+05
 3.24147037e+05 3.66009616e+05 4.14145525e+05 4.69161857e+05
 5.26158716e+05 5.87807528e+05 6.53795359e+05 7.26660674e+05
 8.07859187e+05 8.92419648e+05 9.82688593e+05 1.07682686e+06
 1.17868216e+06 1.28864063e+06 1.40506548e+06 1.52831709e+06
 1.65053272e+06 1.78068717e+06 1.91564160e+06 2.05297219e+06
 2.19451034e+06 2.33534673e+06 2.48488959e+06 2.63764210e+06
 2.78472519e+06 2.93816229e+06 2.90307618e+06 2.87163938e+06
 2.80364184e+06 2.70625742e+06 2.58871066e+06 2.45437661e+06
 2.30737171e+06 2.14932075e+06 1.98285133e+06 1.81376412e+06
 1.64635219e+06 1.48660801e+06 1.33825255e+06 1.20260232e+06
 1.08087194e+06 9.72381072e+05 8.75840836e+05 7.90304994e+05
 7.15610877e+05 6.50443821e+05 5.95494262e+05 5.49431897e+05
 5.12655343e+05 4.84185391e+05 4.63494409e+05 4.49726787e+05
 4.41721342e+05 4.38473056e+05 4.38185814e+05 4.40087119e+05
 2.17759409e+05 1.88023383e+05 1.61782050e+05 1.38717848e+05
 1.18527163e+05 1.00922262e+05 8.56326926e+04 7.24062011e+04
 6.10092185e+04 5.12269738e+04 4.28632875e+04 3.57401024e+04
 2.96967994e+04 2.45893493e+04 2.02893421e+04 1.66829340e+04
 1.36697458e+04 1.11617421e+04 9.08211641e+03 7.36420186e+03
 5.95042304e+03 4.79130193e+03 3.84452575e+03 3.07408270e+03
 2.44946849e+03 1.94496462e+03 1.53898751e+03 1.21350626e+03
 9.53525876e+02 7.46631803e+02 5.82591340e+02 4.53007199e+02
 3.51018268e+02 2.71042799e+02 2.08559303e+02 1.59920743e+02
 1.22197851e+02 9.30477496e+01]",1,0.9869022858904742,,2938162.286688087
215,6986,1127973.0,16.591009,16.998365,17.266919,862.56079,862.55217-862.56942,66798928.30991507,5167769.58543396,69,5028220.068874136,97.3,5115022.7864762675,99.0,[1.22],"[301.2173, 327.233]",[327.2334],[93.03885],"[16.421009 16.431009 16.441009 16.451009 16.461009 16.471009 16.481009
 16.491009 16.501009 16.511009 16.521009 16.531009 16.541009 16.551009
 16.561009 16.571009 16.581009 16.591009 16.600581 16.61064  16.62048
 16.630569 16.640593 16.650576 16.660482 16.670384 16.680551 16.690559
 16.700425 16.710582 16.720382 16.730537 16.74039  16.749756 16.759682
 16.769565 16.779555 16.789166 16.798499 16.808718 16.818561 16.828687
 16.838524 16.848221 16.858511 16.86822  16.878203 16.888385 16.898205
 16.908788 16.91839  16.928448 16.938637 16.948461 16.959074 16.968587
 16.978368 16.988768 16.998365 17.007962 17.018362 17.028143 17.037656
 17.048269 17.058093 17.068282 17.07834  17.087942 17.098525 17.108345
 17.118527 17.12851  17.138219 17.148509 17.158206 17.168043 17.178169
 17.188012 17.198231 17.207564 17.217175 17.227165 17.237048 17.246974
 17.25634  17.266193 17.276348 17.286148 17.296305 17.306171 17.316179
 17.326346 17.336248 17.346154 17.356137 17.366161 17.37625  17.38609
 17.396149 17.405721 17.415721 17.425721 17.435721 17.445721 17.455721
 17.465721 17.475721 17.485721 17.495721 17.505721 17.515721 17.525721
 17.535721 17.545721 17.555721 17.565721 17.575721]","[9.37007103e+01 1.30640065e+02 1.81230605e+02 2.50154511e+02
 3.43563315e+02 4.69490572e+02 6.38364332e+02 8.63638505e+02
 1.16256442e+03 1.55712581e+03 2.07516210e+03 2.75170578e+03
 3.63055995e+03 4.76614087e+03 6.22560817e+03 8.09130064e+03
 1.04634894e+04 1.37104948e+05 1.39346065e+05 1.43457968e+05
 1.49616208e+05 1.58379021e+05 1.69835224e+05 1.84238853e+05
 2.01345787e+05 2.21224553e+05 2.43614516e+05 2.68657408e+05
 2.96256409e+05 3.26884196e+05 3.61216755e+05 3.99220693e+05
 4.42091836e+05 4.90024229e+05 5.43347933e+05 6.02475659e+05
 6.67047803e+05 7.38011121e+05 8.15276141e+05 9.01143895e+05
 9.98492458e+05 1.11165266e+06 1.24546111e+06 1.40448419e+06
 1.59268827e+06 1.81298097e+06 2.06459617e+06 2.34635122e+06
 2.65226883e+06 2.97573001e+06 3.30947975e+06 3.64411536e+06
 3.97061817e+06 4.28089869e+06 4.56311446e+06 4.80644559e+06
 4.99770329e+06 5.12243660e+06 5.16840150e+06 5.21533277e+06
 4.93729968e+06 4.66619771e+06 4.39652645e+06 4.09204430e+06
 3.80979324e+06 3.51955943e+06 3.23816967e+06 2.97642875e+06
 2.69789474e+06 2.45046593e+06 2.20655162e+06 1.98096528e+06
 1.77518152e+06 1.57223250e+06 1.39546300e+06 1.23049295e+06
 1.07555587e+06 9.39029926e+05 8.11411057e+05 7.06830191e+05
 6.10409369e+05 5.21534239e+05 4.44157722e+05 3.76137442e+05
 3.20081601e+05 2.68824045e+05 2.23428940e+05 1.85989701e+05
 1.53013241e+05 1.25963839e+05 1.02891723e+05 8.33460347e+04
 6.75475809e+04 5.44704075e+04 4.36337442e+04 3.47459614e+04
 2.74874592e+04 2.17640986e+04 1.70572886e+04 1.34634508e+04
 1.04634894e+04 8.09130064e+03 6.22560817e+03 4.76614087e+03
 3.63055995e+03 2.75170578e+03 2.07516210e+03 1.55712581e+03
 1.16256442e+03 8.63638505e+02 6.38364332e+02 4.69490572e+02
 3.43563315e+02 2.50154511e+02 1.81230605e+02 1.30640065e+02
 9.37007103e+01]",1,0.9939396458581897,,5215332.769811791
216,9454,776560.12,22.362697,22.910798,24.078683,862.59619,862.58757-862.60482,132009342.11487769,3914409.143928528,180,3857118.411826906,98.5,3762643.4004923287,96.1,[3.74],"[301.2173, 327.233]",[327.23422],[88.14632],"[21.982697 21.992697 22.002697 22.012697 22.022697 22.032697 22.042697
 22.052697 22.062697 22.072697 22.082697 22.092697 22.102697 22.112697
 22.122697 22.132697 22.142697 22.152697 22.162697 22.172697 22.182697
 22.192697 22.202697 22.212697 22.222697 22.232697 22.242697 22.252697
 22.262697 22.272697 22.282697 22.292697 22.302697 22.312697 22.322697
 22.332697 22.342697 22.352697 22.362697 22.372214 22.382134 22.391917
 22.401231 22.410261 22.419917 22.429932 22.439598 22.448706 22.45785
 22.467483 22.477262 22.486839 22.49605  22.505186 22.514853 22.5242
 22.533644 22.542866 22.552025 22.561747 22.571419 22.58112  22.590372
 22.599471 22.608956 22.618567 22.627875 22.637209 22.646411 22.655853
 22.665252 22.674483 22.683883 22.693031 22.70249  22.711824 22.721058
 22.730465 22.73965  22.749062 22.758414 22.767992 22.777393 22.786591
 22.796058 22.805508 22.815291 22.824659 22.83389  22.843373 22.852991
 22.862821 22.872231 22.881474 22.891036 22.900903 22.910798 22.920693
 22.93056  22.940122 22.949365 22.958775 22.968605 22.978223 22.987706
 22.996937 23.006305 23.016088 23.025538 23.035005 23.044203 23.053604
 23.063182 23.072534 23.081946 23.091131 23.100538 23.109772 23.119106
 23.128565 23.137713 23.147113 23.156344 23.165743 23.175185 23.184387
 23.193721 23.203029 23.21264  23.222125 23.231224 23.240476 23.250177
 23.259849 23.269571 23.27873  23.287952 23.297396 23.306743 23.31641
 23.325546 23.334757 23.344334 23.354113 23.363746 23.37289  23.381998
 23.391664 23.401679 23.411335 23.420365 23.429679 23.439462 23.449382
 23.458899 23.468899 23.478899 23.488899 23.498899 23.508899 23.518899
 23.528899 23.538899 23.548899 23.558899 23.568899 23.578899 23.588899
 23.598899 23.608899 23.618899 23.628899 23.638899 23.648899 23.658899
 23.668899 23.678899 23.688899 23.698899 23.708899 23.718899 23.728899
 23.738899 23.748899 23.758899 23.768899 23.778899 23.788899 23.798899
 23.808899 23.818899 23.828899 23.838899]","[8.22667089e+01 1.05315094e+02 1.34433984e+02 1.71111608e+02
 2.17170997e+02 2.74837589e+02 3.46818606e+02 4.36395836e+02
 5.47533580e+02 6.85003631e+02 8.54529262e+02 1.06295030e+03
 1.31841133e+03 1.63057526e+03 2.01086411e+03 2.47272916e+03
 3.03195205e+03 3.70697843e+03 4.51928512e+03 5.49378141e+03
 6.65924453e+03 8.04878824e+03 9.70036313e+03 1.16572856e+04
 1.39687913e+04 1.66906088e+04 1.98855440e+04 2.36240704e+04
 2.79849110e+04 3.30556031e+04 3.89330290e+04 4.57238986e+04
 5.35451654e+04 6.25243561e+04 7.27997929e+04 8.45206857e+04
 9.78470714e+04 1.12949576e+05 5.92274139e+04 6.09297160e+04
 6.38671808e+04 6.86117836e+04 7.53815060e+04 8.46264195e+04
 9.70916838e+04 1.13595117e+05 1.35249594e+05 1.63043278e+05
 1.97052366e+05 2.38555417e+05 2.87671037e+05 3.45383637e+05
 4.12083156e+05 4.88466366e+05 5.76159551e+05 6.74298547e+05
 7.83847047e+05 9.03883020e+05 1.03413857e+06 1.17053573e+06
 1.31277604e+06 1.45672315e+06 1.60076803e+06 1.74370425e+06
 1.88238044e+06 2.01733051e+06 2.14704749e+06 2.27327131e+06
 2.39714167e+06 2.51595707e+06 2.62836387e+06 2.73119736e+06
 2.81918914e+06 2.89198785e+06 2.95232093e+06 3.00222561e+06
 3.04479735e+06 3.08460827e+06 3.12111429e+06 3.15914344e+06
 3.19843155e+06 3.23965177e+06 3.28355453e+06 3.33081054e+06
 3.38136445e+06 3.43743421e+06 3.49604248e+06 3.55882789e+06
 3.62350627e+06 3.68656906e+06 3.74397743e+06 3.79617944e+06
 3.83568898e+06 3.86866362e+06 3.89121983e+06 3.90644286e+06
 3.91466817e+06 3.63610485e+06 3.68676674e+06 3.72657494e+06
 3.75607113e+06 3.77680276e+06 3.78827314e+06 3.78933168e+06
 3.78052338e+06 3.76261774e+06 3.73517023e+06 3.69675530e+06
 3.65047734e+06 3.59543317e+06 3.53401954e+06 3.46362159e+06
 3.38448853e+06 3.30056101e+06 3.21004003e+06 3.11643804e+06
 3.01581385e+06 2.91298712e+06 2.80561400e+06 2.69395020e+06
 2.58385976e+06 2.46922776e+06 2.35577860e+06 2.23997592e+06
 2.12393860e+06 2.01167202e+06 1.89912881e+06 1.78870413e+06
 1.67703082e+06 1.56956881e+06 1.46938268e+06 1.37071860e+06
 1.27101124e+06 1.17565327e+06 1.08407029e+06 1.00183496e+06
 9.23084551e+05 8.46702490e+05 7.75370785e+05 7.06045175e+05
 6.44640995e+05 5.86711230e+05 5.30619432e+05 4.77573525e+05
 4.29351887e+05 3.87134338e+05 3.48377112e+05 3.10669382e+05
 2.75119261e+05 2.44033877e+05 2.17621632e+05 1.92895996e+05
 1.69488807e+05 1.48235555e+05 1.30008973e+05 1.12949576e+05
 9.78470714e+04 8.45206857e+04 7.27997929e+04 6.25243561e+04
 5.35451654e+04 4.57238986e+04 3.89330290e+04 3.30556031e+04
 2.79849110e+04 2.36240704e+04 1.98855440e+04 1.66906088e+04
 1.39687913e+04 1.16572856e+04 9.70036313e+03 8.04878824e+03
 6.65924453e+03 5.49378141e+03 4.51928512e+03 3.70697843e+03
 3.03195205e+03 2.47272916e+03 2.01086411e+03 1.63057526e+03
 1.31841133e+03 1.06295030e+03 8.54529262e+02 6.85003631e+02
 5.47533580e+02 4.36395836e+02 3.46818606e+02 2.74837589e+02
 2.17170997e+02 1.71111608e+02 1.34433984e+02 1.05315094e+02
 8.22667089e+01]",1,0.9814669672855948,,3914668.16938761
217,10443,327438.72,25.000723,25.4404,26.678123,862.59717,862.58854-862.60579,42370332.81806104,1544780.7360305786,169,1453373.046912908,94.1,1527467.8909591874,98.9,[0.94],"[301.2173, 327.233]",[327.23331],[76.37155],"[23.752677 23.762677 23.772677 23.782677 23.792677 23.802677 23.812677
 23.822677 23.832677 23.842677 23.852677 23.862677 23.872677 23.882677
 23.892677 23.902677 23.912677 23.922677 23.932677 23.942677 23.952677
 23.962677 23.972677 23.982677 23.992677 24.002677 24.012677 24.022677
 24.032677 24.042677 24.052677 24.062677 24.072677 24.082677 24.092677
 24.102677 24.112677 24.122677 24.132677 24.142677 24.152677 24.162677
 24.172677 24.182677 24.192677 24.202677 24.202677 24.212375 24.222773
 24.232906 24.242397 24.252534 24.262194 24.272371 24.282599 24.292313
 24.30227  24.311889 24.321994 24.332205 24.341753 24.351759 24.361343
 24.371778 24.381924 24.391525 24.401523 24.411208 24.421373 24.431539
 24.441126 24.45127  24.46081  24.47098  24.481072 24.490736 24.500847
 24.510458 24.52061  24.530983 24.540906 24.550609 24.560229 24.570492
 24.580762 24.590669 24.600408 24.610197 24.62038  24.630778 24.641058
 24.650798 24.660631 24.670746 24.681128 24.691422 24.701235 24.71128
 24.721456 24.731849 24.741875 24.751679 24.761979 24.772075 24.782219
 24.792205 24.80256  24.812258 24.822574 24.832323 24.842237 24.852561
 24.862328 24.872551 24.882382 24.892699 24.903186 24.912856 24.923076
 24.932709 24.943116 24.953194 24.962874 24.973035 24.98292  24.993178
 25.003128 25.012745 25.023093 25.032759 25.042948 25.053153 25.063471
 25.07323  25.082896 25.093038 25.103223 25.113333 25.123049 25.132688
 25.142757 25.152712 25.162671 25.172391 25.182154 25.19184  25.201917
 25.211725 25.222246 25.231833 25.24148  25.251871 25.261565 25.271834
 25.281399 25.291384 25.301692 25.311198 25.321282 25.330953 25.341753
 25.351906 25.361374 25.371476 25.381213 25.391101 25.401169 25.410729
 25.420923 25.430509 25.4404   25.450291 25.459877 25.470071 25.479631
 25.489699 25.499587 25.509324 25.519426 25.528894 25.539047 25.549847
 25.559518 25.569602 25.579108 25.589416 25.599401 25.608966 25.619235
 25.628929 25.63932  25.648967 25.658554 25.669075 25.678883 25.68896
 25.698646 25.708409 25.718129 25.728088 25.738043 25.748112 25.757751
 25.767467 25.777577 25.787762 25.797904 25.80757  25.817329 25.827647
 25.837852 25.848041 25.857707 25.868055 25.877672 25.887622 25.89788
 25.907765 25.917926 25.927606 25.937684 25.948091 25.957724 25.967944
 25.977614 25.988101 25.998418 26.008249 26.018472 26.028239 26.038563
 26.048477 26.058226 26.068542 26.07824  26.088595 26.098581 26.108725
 26.118821 26.129121 26.138925 26.148951 26.159344 26.16952  26.179565
 26.189378 26.199672 26.210054 26.220169 26.230002 26.239742 26.250022
 26.26042  26.270603 26.280392 26.290131 26.300038 26.310308 26.320571
 26.330191 26.339894 26.349817 26.36019  26.370342 26.379953 26.390064
 26.399728 26.40982  26.41999  26.42953  26.439674 26.449261 26.459427
 26.469592 26.479277 26.489275 26.498876 26.509022 26.519457 26.529041
 26.539047 26.548595 26.558806 26.568911 26.57853  26.588487 26.598201
 26.608429 26.618606 26.628266 26.638403 26.647894 26.658027 26.668425
 26.678123 26.678123 26.688123 26.698123 26.708123 26.718123 26.728123
 26.738123 26.748123 26.758123 26.768123 26.778123 26.788123 26.798123
 26.808123 26.818123 26.828123 26.838123 26.848123 26.858123 26.868123
 26.878123 26.888123 26.898123 26.908123 26.918123 26.928123 26.938123
 26.948123 26.958123 26.968123 26.978123 26.988123 26.998123 27.008123
 27.018123 27.028123 27.038123 27.048123 27.058123 27.068123 27.078123
 27.088123 27.098123 27.108123 27.118123 27.128123 27.138123]","[1.02184429e+02 1.10465393e+02 1.19388680e+02 1.29001705e+02
 1.39355189e+02 1.50503371e+02 1.62504242e+02 1.75419782e+02
 1.89316220e+02 2.04264302e+02 2.20339579e+02 2.37622711e+02
 2.56199790e+02 2.76162677e+02 2.97609363e+02 3.20644347e+02
 3.45379038e+02 3.71932181e+02 4.00430296e+02 4.31008158e+02
 4.63809292e+02 4.98986494e+02 5.36702389e+02 5.77130009e+02
 6.20453411e+02 6.66868323e+02 7.16582819e+02 7.69818042e+02
 8.26808953e+02 8.87805125e+02 9.53071573e+02 1.02288963e+03
 1.09755787e+03 1.17739306e+03 1.26273118e+03 1.35392850e+03
 1.45136266e+03 1.55543388e+03 1.66656614e+03 1.78520850e+03
 1.91183641e+03 2.04695314e+03 2.19109126e+03 2.34481413e+03
 2.50871757e+03 2.68343148e+03 2.68343148e+03 2.86382399e+03
 3.06995734e+03 3.28428043e+03 3.49779085e+03 3.74028919e+03
 3.98608592e+03 4.26149418e+03 4.55631128e+03 4.85404271e+03
 5.17820254e+03 5.51065137e+03 5.88149827e+03 6.28002269e+03
 6.67554932e+03 7.11513036e+03 7.56157820e+03 8.07754816e+03
 8.61080000e+03 9.14569940e+03 9.73576584e+03 1.03412621e+04
 1.10146348e+04 1.17290072e+04 1.24422522e+04 1.32410247e+04
 1.40357938e+04 1.49320449e+04 1.58740764e+04 1.68279413e+04
 1.78830310e+04 1.89428847e+04 2.01258247e+04 2.14053626e+04
 2.26999483e+04 2.40359970e+04 2.54325394e+04 2.70053619e+04
 2.86693440e+04 3.03642885e+04 3.21207274e+04 3.39807557e+04
 3.60212120e+04 3.82213820e+04 4.05182864e+04 4.28116955e+04
 4.52482130e+04 4.78877368e+04 5.07441341e+04 5.37307349e+04
 5.67278048e+04 5.99545519e+04 6.33948607e+04 6.70951097e+04
 7.08517569e+04 7.47110448e+04 7.89725251e+04 8.33647378e+04
 8.80021175e+04 9.27966970e+04 9.80196373e+04 1.03153300e+05
 1.08882465e+05 1.14561897e+05 1.20613030e+05 1.27222357e+05
 1.33776550e+05 1.40964002e+05 1.48204648e+05 1.56164423e+05
 1.64650343e+05 1.72842647e+05 1.81899830e+05 1.90826914e+05
 2.00913780e+05 2.11137145e+05 2.21395243e+05 2.32643152e+05
 2.44075407e+05 2.56469566e+05 2.69027443e+05 2.81685246e+05
 2.95897511e+05 3.09747951e+05 3.24971080e+05 3.40882612e+05
 3.57671309e+05 3.74222330e+05 3.91282001e+05 4.09919288e+05
 4.29421941e+05 4.49587414e+05 4.69749807e+05 4.90535568e+05
 5.13108788e+05 5.36318679e+05 5.60454526e+05 5.84923410e+05
 6.10436139e+05 6.36702720e+05 6.65070358e+05 6.93731027e+05
 7.25662731e+05 7.55862328e+05 7.87343699e+05 8.22515031e+05
 8.56541480e+05 8.93902078e+05 9.29953289e+05 9.68911721e+05
 1.01058867e+06 1.05037186e+06 1.09402690e+06 1.13733576e+06
 1.18741377e+06 1.23618403e+06 1.28318006e+06 1.33497693e+06
 1.38655762e+06 1.44064146e+06 1.49751548e+06 1.55324560e+06
 1.61456675e+06 1.67405512e+06 1.54431092e+06 1.54312654e+06
 1.53499557e+06 1.52079860e+06 1.50157388e+06 1.47699320e+06
 1.44636423e+06 1.41096780e+06 1.37171406e+06 1.32905242e+06
 1.28412965e+06 1.23870812e+06 1.19230739e+06 1.14447524e+06
 1.09597882e+06 1.04647700e+06 9.97011951e+05 9.48396034e+05
 9.01080718e+05 8.55156544e+05 8.09834100e+05 7.65544065e+05
 7.20983186e+05 6.76944609e+05 6.34475662e+05 5.93721161e+05
 5.55613613e+05 5.20091295e+05 4.87348520e+05 4.57083034e+05
 4.29669067e+05 4.05029721e+05 3.82817983e+05 3.63074277e+05
 3.45421947e+05 3.29816121e+05 3.15550192e+05 3.03071354e+05
 2.91751378e+05 2.81319857e+05 2.71244021e+05 2.61382629e+05
 2.51878889e+05 2.43099093e+05 2.35090875e+05 2.27856135e+05
 2.21111589e+05 2.14775526e+05 2.08562494e+05 2.02483958e+05
 1.96763656e+05 1.91200873e+05 1.85789002e+05 1.80567570e+05
 1.75462316e+05 1.70786846e+05 1.66493131e+05 1.62636789e+05
 1.59150232e+05 1.56084819e+05 1.53216693e+05 1.50292035e+05
 1.46969868e+05 1.43151454e+05 1.39190562e+05 1.34947245e+05
 1.30864652e+05 1.26905100e+05 1.23090893e+05 1.19424454e+05
 1.15947468e+05 1.12721333e+05 1.09571861e+05 1.06336104e+05
 1.03050471e+05 9.97036633e+04 9.63433998e+04 9.29756621e+04
 8.97644465e+04 8.64437593e+04 8.31206612e+04 7.95825304e+04
 7.60055860e+04 7.25299781e+04 6.90906544e+04 6.57972897e+04
 6.28541141e+04 6.02803872e+04 5.80974786e+04 5.60771901e+04
 5.41246195e+04 5.21055948e+04 4.99586390e+04 4.75854583e+04
 4.50927606e+04 4.26138404e+04 4.02382537e+04 3.79097057e+04
 3.56329412e+04 3.35379481e+04 3.16476297e+04 3.00281734e+04
 2.88577688e+04 2.80895578e+04 2.77240338e+04 2.76032621e+04
 2.74445277e+04 2.71091142e+04 2.65012900e+04 2.56863902e+04
 2.47787534e+04 2.40116160e+04 2.34139682e+04 2.29967781e+04
 2.26705944e+04 2.23783747e+04 2.20609682e+04 2.16859203e+04
 2.11206070e+04 2.03984010e+04 1.96578929e+04 1.91724581e+04
 1.90611923e+04 1.94359307e+04 2.01703658e+04 2.68343148e+03
 2.50871757e+03 2.34481413e+03 2.19109126e+03 2.04695314e+03
 1.91183641e+03 1.78520850e+03 1.66656614e+03 1.55543388e+03
 1.45136266e+03 1.35392850e+03 1.26273118e+03 1.17739306e+03
 1.09755787e+03 1.02288963e+03 9.53071573e+02 8.87805125e+02
 8.26808953e+02 7.69818042e+02 7.16582819e+02 6.66868323e+02
 6.20453411e+02 5.77130009e+02 5.36702389e+02 4.98986494e+02
 4.63809292e+02 4.31008158e+02 4.00430296e+02 3.71932181e+02
 3.45379038e+02 3.20644347e+02 2.97609363e+02 2.76162677e+02
 2.56199790e+02 2.37622711e+02 2.20339579e+02 2.04264302e+02
 1.89316220e+02 1.75419782e+02 1.62504242e+02 1.50503371e+02
 1.39355189e+02 1.29001705e+02 1.19388680e+02 1.10465393e+02
 1.02184429e+02 9.45014772e+01]",1,0.9872652337523652,,1674055.1244159318
218,8599,829900.38,20.615127,20.914221,21.419491,864.57593,864.56728-864.58457,64364589.1872078,3628802.517654419,84,3230215.4411346666,89.0,3475779.95341756,95.8,[3.64],"[301.2173, 327.233]",[327.23419],[100.0],"[20.335127 20.345127 20.355127 20.365127 20.375127 20.385127 20.395127
 20.405127 20.415127 20.425127 20.435127 20.445127 20.455127 20.465127
 20.475127 20.485127 20.495127 20.505127 20.515127 20.525127 20.535127
 20.545127 20.555127 20.565127 20.575127 20.585127 20.595127 20.605127
 20.615127 20.624671 20.634296 20.644091 20.65364  20.663204 20.672749
 20.682309 20.691951 20.701777 20.711386 20.720986 20.7305   20.740319
 20.750129 20.759715 20.769116 20.77897  20.788668 20.798153 20.807794
 20.817245 20.827138 20.837044 20.846494 20.856232 20.865702 20.875584
 20.88551  20.89496  20.904709 20.914221 20.923733 20.933482 20.942932
 20.952858 20.96274  20.97221  20.981948 20.991398 21.001304 21.011197
 21.020648 21.030289 21.039774 21.049472 21.059326 21.068727 21.078313
 21.088123 21.097942 21.107456 21.117056 21.126665 21.136491 21.146133
 21.155693 21.165238 21.174802 21.184351 21.194146 21.203771 21.213315
 21.223315 21.233315 21.243315 21.253315 21.263315 21.273315 21.283315
 21.293315 21.303315 21.313315 21.323315 21.333315 21.343315 21.353315
 21.363315 21.373315 21.383315 21.393315 21.403315 21.413315 21.423315
 21.433315 21.443315 21.453315 21.463315 21.473315 21.483315 21.493315]","[8.31461042e+01 1.18049570e+02 1.66633163e+02 2.33847637e+02
 3.26271438e+02 4.52584473e+02 6.24158323e+02 8.55784475e+02
 1.16656398e+03 1.58098316e+03 2.13020033e+03 2.85356766e+03
 3.80040973e+03 5.03207600e+03 6.62427698e+03 8.66970454e+03
 1.12809230e+04 1.45935010e+04 1.87693344e+04 2.40000847e+04
 3.05106316e+04 3.85624080e+04 4.84564522e+04 6.05359837e+04
 7.51882742e+04 9.28455625e+04 1.13984739e+05 1.39125516e+05
 3.79226449e+05 3.88253987e+05 4.00037735e+05 4.15834106e+05
 4.37609585e+05 4.66625897e+05 5.04505949e+05 5.52818370e+05
 6.11656052e+05 6.80677961e+05 7.60942228e+05 8.52821903e+05
 9.57489753e+05 1.07644911e+06 1.21055400e+06 1.35886127e+06
 1.52009549e+06 1.69386330e+06 1.87671749e+06 2.06514708e+06
 2.25827801e+06 2.45178131e+06 2.64309912e+06 2.82787067e+06
 3.00108629e+06 3.15941406e+06 3.29907101e+06 3.41875632e+06
 3.51446290e+06 3.58288316e+06 3.62163321e+06 3.62763221e+06
 3.67672574e+06 3.58809928e+06 3.48579364e+06 3.36261795e+06
 3.22590015e+06 3.08362629e+06 2.92790018e+06 2.76966158e+06
 2.59843357e+06 2.42415037e+06 2.25655585e+06 2.08632926e+06
 1.92123305e+06 1.75640266e+06 1.59444162e+06 1.44623510e+06
 1.30237810e+06 1.16350791e+06 1.03352956e+06 9.16541006e+05
 8.07592451e+05 7.07701836e+05 6.14896484e+05 5.32753835e+05
 4.59687564e+05 3.94636043e+05 3.36892289e+05 2.86146557e+05
 2.40694867e+05 2.01970830e+05 1.68826800e+05 1.39125516e+05
 1.13984739e+05 9.28455625e+04 7.51882742e+04 6.05359837e+04
 4.84564522e+04 3.85624080e+04 3.05106316e+04 2.40000847e+04
 1.87693344e+04 1.45935010e+04 1.12809230e+04 8.66970454e+03
 6.62427698e+03 5.03207600e+03 3.80040973e+03 2.85356766e+03
 2.13020033e+03 1.58098316e+03 1.16656398e+03 8.55784475e+02
 6.24158323e+02 4.52584473e+02 3.26271438e+02 2.33847637e+02
 1.66633163e+02 1.18049570e+02 8.31461042e+01]",1,0.9948223653513333,,3676725.735494044
219,9035,300923.22,21.632399,21.930135,22.637209,864.57617,864.56753-864.58482,21067300.159634914,1078943.5612297058,102,931894.8435723981,86.4,1078630.7401001123,100.0,[1.96],"[301.2173, 327.233]",[327.23364],[100.0],"[21.082395 21.092395 21.102395 21.112395 21.122395 21.132395 21.142395
 21.152395 21.162395 21.172395 21.182395 21.192395 21.202395 21.212395
 21.222395 21.232395 21.232395 21.241703 21.251314 21.260799 21.269898
 21.27915  21.288851 21.298523 21.308245 21.317404 21.326626 21.33607
 21.345417 21.355084 21.36422  21.373431 21.383008 21.392787 21.40242
 21.411564 21.420672 21.430338 21.440353 21.450009 21.459039 21.468353
 21.478136 21.488056 21.497573 21.506617 21.516361 21.526312 21.535792
 21.545716 21.555    21.564518 21.574854 21.584287 21.594781 21.604399
 21.614123 21.624681 21.63415  21.644321 21.65401  21.664083 21.674578
 21.684895 21.695026 21.705371 21.715326 21.726023 21.736104 21.746335
 21.756571 21.766635 21.777136 21.787291 21.79714  21.80748  21.81769
 21.828321 21.838349 21.848616 21.858793 21.869006 21.879019 21.88931
 21.89957  21.909579 21.919528 21.930135 21.940742 21.950691 21.9607
 21.97096  21.981251 21.991264 22.001477 22.011654 22.021921 22.031949
 22.04258  22.05279  22.06313  22.072979 22.083134 22.093635 22.103699
 22.113935 22.124166 22.134247 22.144944 22.154899 22.165244 22.175375
 22.185692 22.196187 22.20626  22.215949 22.22612  22.235589 22.246147
 22.255871 22.265489 22.275983 22.285416 22.295752 22.30527  22.314554
 22.324478 22.333958 22.343909 22.353653 22.362697 22.372214 22.382134
 22.391917 22.401231 22.410261 22.419917 22.429932 22.439598 22.448706
 22.45785  22.467483 22.477262 22.486839 22.49605  22.505186 22.514853
 22.5242   22.533644 22.542866 22.552025 22.561747 22.571419 22.58112
 22.590372 22.599471 22.608956 22.618567 22.627875 22.627875 22.637875
 22.647875 22.657875 22.667875 22.677875 22.687875 22.697875 22.707875
 22.717875 22.727875 22.737875 22.747875 22.757875 22.767875 22.777875
 22.787875]","[1.09219935e+02 1.30368494e+02 1.55361127e+02 1.84846424e+02
 2.19572891e+02 2.60402628e+02 3.08326593e+02 3.64481576e+02
 4.30169044e+02 5.06875973e+02 5.96297835e+02 7.00363874e+02
 8.21264816e+02 9.61483144e+02 1.12382609e+03 1.31146142e+03
 1.31146142e+03 1.51196484e+03 1.74864572e+03 2.01557551e+03
 2.30670892e+03 2.64226677e+03 3.04213553e+03 3.49575288e+03
 4.01378450e+03 4.56547396e+03 5.19048887e+03 5.91090757e+03
 6.71281495e+03 7.64543932e+03 8.63365557e+03 9.74603652e+03
 1.10388048e+04 1.25168077e+04 1.41447382e+04 1.58634939e+04
 1.77592252e+04 1.99901764e+04 2.25618102e+04 2.53152081e+04
 2.81550063e+04 3.13749539e+04 3.51013445e+04 3.92700884e+04
 4.36688379e+04 4.82393362e+04 5.36210458e+04 5.96428106e+04
 6.59094129e+04 7.30624078e+04 8.03396160e+04 8.84255131e+04
 9.79682734e+04 1.07411621e+05 1.18789861e+05 1.30070617e+05
 1.42348863e+05 1.56724950e+05 1.70587725e+05 1.86546103e+05
 2.02819441e+05 2.20889378e+05 2.41010678e+05 2.62121701e+05
 2.84175162e+05 3.08083088e+05 3.32444157e+05 3.60129482e+05
 3.87671534e+05 4.17077695e+05 4.47972353e+05 4.79786346e+05
 5.14495346e+05 5.49515959e+05 5.84826206e+05 6.23289738e+05
 6.62628184e+05 7.04967726e+05 7.46133710e+05 7.89443694e+05
 8.33453901e+05 8.78608568e+05 9.23742017e+05 9.70906894e+05
 1.01859199e+06 1.06562018e+06 1.11273340e+06 1.07863074e+06
 1.07661835e+06 1.06383420e+06 1.04029460e+06 1.00722936e+06
 9.66514524e+05 9.21059823e+05 8.72491684e+05 8.22831956e+05
 7.72958498e+05 7.24110440e+05 6.76254838e+05 6.30105304e+05
 5.85063055e+05 5.41415237e+05 4.99414627e+05 4.59308500e+05
 4.21075278e+05 3.85523726e+05 3.52565141e+05 3.22698985e+05
 2.96125044e+05 2.72536757e+05 2.51747492e+05 2.33763526e+05
 2.18195701e+05 2.04849358e+05 1.92953374e+05 1.82331916e+05
 1.72151528e+05 1.62346700e+05 1.52875368e+05 1.43830902e+05
 1.34963967e+05 1.26402137e+05 1.17996270e+05 1.09718216e+05
 1.01486266e+05 9.32917267e+04 8.54577773e+04 7.82242904e+04
 7.17930365e+04 6.64551547e+04 6.20018378e+04 5.83699754e+04
 5.50362330e+04 5.15422110e+04 4.78665472e+04 4.38939058e+04
 3.98148894e+04 3.58896355e+04 3.26416523e+04 3.04609856e+04
 2.93689857e+04 2.89945114e+04 2.89271116e+04 2.88417523e+04
 2.81876649e+04 2.68263555e+04 2.47115534e+04 2.20224467e+04
 1.90533363e+04 1.57868448e+04 1.26285251e+04 9.65104027e+03
 7.04194616e+03 4.73717691e+03 2.92027512e+03 1.62823799e+03
 8.34038723e+02 4.03028649e+02 1.03258141e+02 1.31146142e+03
 1.12382609e+03 9.61483144e+02 8.21264816e+02 7.00363874e+02
 5.96297835e+02 5.06875973e+02 4.30169044e+02 3.64481576e+02
 3.08326593e+02 2.60402628e+02 2.19572891e+02 1.84846424e+02
 1.55361127e+02 1.30368494e+02 1.09219935e+02 9.13545435e+01]",1,0.9950780384732721,,1112733.3991745624
220,6872,272863.06,16.186954,16.710582,16.86822,864.57635,864.56771-864.585,15035632.885454474,1177442.3521766663,67,1175684.495628203,99.9,734709.1748636934,62.4,[1.68],"[301.2173, 327.233]",[327.23355],[100.0],"[16.206247 16.215824 16.225206 16.234678 16.244678 16.254212 16.264031
 16.273453 16.283142 16.293084 16.302819 16.312923 16.322408 16.332108
 16.342345 16.35213  16.362606 16.37221  16.381883 16.39202  16.40168
 16.412185 16.422428 16.432192 16.442598 16.452235 16.46204  16.471882
 16.481924 16.492495 16.502353 16.512628 16.522372 16.531987 16.54183
 16.551453 16.561779 16.571622 16.581047 16.591009 16.600581 16.61064
 16.62048  16.630569 16.640593 16.650576 16.660482 16.670384 16.680551
 16.690559 16.700425 16.710582 16.720739 16.730605 16.740613 16.75078
 16.760682 16.770588 16.780571 16.790595 16.800684 16.810524 16.820583
 16.830155 16.840117 16.849542 16.859385 16.869711 16.879334 16.889177
 16.898792 16.908536 16.918811 16.928669 16.93924  16.949282 16.959124
 16.968929 16.978566 16.988972 16.998736 17.008979 17.019484 17.029144
 17.039281 17.048954 17.058558 17.069034]","[2.68986638e+02 8.65020191e+02 1.76337642e+03 3.19163754e+03
 5.12962044e+03 7.32157624e+03 9.56316988e+03 1.12852607e+04
 1.21408713e+04 1.26360426e+04 1.28663777e+04 1.33592001e+04
 1.44543213e+04 1.58534508e+04 1.70227942e+04 1.78664217e+04
 1.84873793e+04 1.91427987e+04 2.00152062e+04 2.12231186e+04
 2.28716265e+04 2.47535893e+04 2.68982509e+04 2.92806831e+04
 3.15581500e+04 3.41644948e+04 3.70154946e+04 4.06289355e+04
 4.56640140e+04 5.27705122e+04 6.23757535e+04 7.55475542e+04
 9.30439290e+04 1.15750748e+05 1.44937686e+05 1.81099182e+05
 2.24980551e+05 2.77004702e+05 3.37502273e+05 4.06167865e+05
 4.82424075e+05 5.65271259e+05 6.52654613e+05 7.43292631e+05
 8.33928035e+05 9.20941856e+05 1.00046577e+06 1.06811611e+06
 1.12117886e+06 1.15718355e+06 1.17538453e+06 1.17568450e+06
 1.17963771e+06 1.15540339e+06 1.11464932e+06 1.05838276e+06
 9.91490766e+05 9.15291581e+05 8.31995442e+05 7.44745812e+05
 6.56148558e+05 5.71470695e+05 4.88830793e+05 4.15444672e+05
 3.45683258e+05 2.86563581e+05 2.32273777e+05 1.83463109e+05
 1.45159811e+05 1.12617246e+05 8.66661334e+04 6.55314868e+04
 4.80578039e+04 3.51647206e+04 2.47534079e+04 1.74614262e+04
 1.22235131e+04 8.44592162e+03 5.79125174e+03 3.79364788e+03
 2.51355774e+03 1.60732789e+03 9.99733933e+02 6.36699938e+02
 3.90661809e+02 2.41636464e+02 1.47913559e+02 8.52467393e+01]",1,0.9986682402455792,,1179637.709743208
221,8215,511986.31,19.572763,19.896834,20.193396,864.57648,864.56783-864.58512,44820844.278507605,2125650.860393524,64,1856667.2012312638,87.3,1516868.2537910077,71.4,[0.15],"[301.2173, 327.233]",[301.21725],[92.78067],"[19.252763 19.262763 19.272763 19.282763 19.292763 19.302763 19.312763
 19.322763 19.332763 19.342763 19.352763 19.362763 19.372763 19.382763
 19.392763 19.402763 19.412763 19.422763 19.432763 19.442763 19.452763
 19.462763 19.472763 19.482763 19.492763 19.502763 19.512763 19.522763
 19.532763 19.542763 19.552763 19.562763 19.572763 19.581945 19.591135
 19.601043 19.610562 19.620046 19.629254 19.638432 19.648302 19.657986
 19.667444 19.676663 19.685863 19.695739 19.705743 19.715403 19.724624
 19.733868 19.743745 19.753859 19.763417 19.77273  19.782036 19.791672
 19.801424 19.810867 19.820211 19.829542 19.839456 19.849074 19.858639
 19.868016 19.877374 19.887155 19.896834 19.906513 19.916294 19.925652
 19.935029 19.944594 19.954212 19.964126 19.973457 19.982801 19.992244
 20.001996 20.011632 20.020938 20.030251 20.039809 20.049923 20.0598
 20.069044 20.078265 20.087925 20.097929 20.107805 20.117005 20.126224
 20.135682 20.145366 20.155236 20.164414 20.173622 20.183106 20.192625
 20.202533 20.211723 20.220905 20.230905 20.240905 20.250905 20.260905
 20.270905 20.280905 20.290905 20.300905 20.310905 20.320905 20.330905
 20.340905 20.350905 20.360905 20.370905 20.380905 20.390905 20.400905
 20.410905 20.420905 20.430905 20.440905 20.450905 20.460905 20.470905
 20.480905 20.490905 20.500905 20.510905 20.520905 20.530905 20.540905]","[7.37134058e+01 1.00748593e+02 1.37037242e+02 1.85500606e+02
 2.49895916e+02 3.35027218e+02 4.47000621e+02 5.93530810e+02
 7.84305956e+02 1.03141837e+03 1.34986805e+03 1.75814576e+03
 2.27890143e+03 2.93970201e+03 3.77388083e+03 4.82147767e+03
 6.13026490e+03 7.75685063e+03 9.76784410e+03 1.22410625e+04
 1.52667508e+04 1.89487786e+04 2.34057698e+04 2.87721121e+04
 3.51987842e+04 4.28539330e+04 5.19231240e+04 6.26091844e+04
 7.51315560e+04 8.97250739e+04 1.06638093e+05 1.26129891e+05
 2.55978784e+05 2.63243491e+05 2.73130111e+05 2.86646316e+05
 3.04510190e+05 3.27529385e+05 3.56044611e+05 3.90296646e+05
 4.29262991e+05 4.73587763e+05 5.23061059e+05 5.77325964e+05
 6.37240800e+05 7.02945720e+05 7.74581110e+05 8.52019727e+05
 9.35197628e+05 1.02447705e+06 1.11840138e+06 1.21632959e+06
 1.31620286e+06 1.41586810e+06 1.51264979e+06 1.60472312e+06
 1.69084685e+06 1.77037472e+06 1.84289361e+06 1.90696777e+06
 1.96301897e+06 2.00919159e+06 2.04732338e+06 2.07787185e+06
 2.10070004e+06 2.11695317e+06 2.12477773e+06 2.14138313e+06
 2.11744821e+06 2.08577815e+06 2.04584046e+06 1.99715200e+06
 1.94071513e+06 1.87543919e+06 1.80816811e+06 1.73590709e+06
 1.65870835e+06 1.57546318e+06 1.49058751e+06 1.40697291e+06
 1.32245409e+06 1.23560657e+06 1.14441014e+06 1.05681080e+06
 9.76741421e+05 8.99218766e+05 8.20980167e+05 7.43590141e+05
 6.71166398e+05 6.07486295e+05 5.47490307e+05 4.90001155e+05
 4.35438385e+05 3.84283686e+05 3.40685021e+05 3.00684863e+05
 2.63262603e+05 2.29382796e+05 1.97821440e+05 1.71714888e+05
 1.48467289e+05 1.26129891e+05 1.06638093e+05 8.97250739e+04
 7.51315560e+04 6.26091844e+04 5.19231240e+04 4.28539330e+04
 3.51987842e+04 2.87721121e+04 2.34057698e+04 1.89487786e+04
 1.52667508e+04 1.22410625e+04 9.76784410e+03 7.75685063e+03
 6.13026490e+03 4.82147767e+03 3.77388083e+03 2.93970201e+03
 2.27890143e+03 1.75814576e+03 1.34986805e+03 1.03141837e+03
 7.84305956e+02 5.93530810e+02 4.47000621e+02 3.35027218e+02
 2.49895916e+02 1.85500606e+02 1.37037242e+02 1.00748593e+02
 7.37134058e+01]",1,0.996729599062683,,2141383.125485726
222,8406,344490.53,20.193396,20.386903,20.615127,864.57684,864.5682-864.58549,23001361.041136537,1387091.706867218,42,778176.848953691,56.1,988669.5608239027,71.3,[0.45],"[301.2173, 327.233]",[301.21716],[100.0],"[19.768679 19.778679 19.788679 19.798679 19.808679 19.818679 19.828679
 19.838679 19.848679 19.858679 19.868679 19.878679 19.888679 19.898679
 19.908679 19.918679 19.928679 19.938679 19.948679 19.958679 19.968679
 19.978679 19.988679 19.998679 20.008679 20.018679 20.028679 20.038679
 20.048679 20.058679 20.068679 20.078679 20.088679 20.098679 20.108679
 20.118679 20.128679 20.138679 20.148679 20.158679 20.158679 20.168116
 20.177887 20.187585 20.197424 20.206871 20.216553 20.226349 20.235965
 20.246363 20.256133 20.265706 20.275663 20.285239 20.295565 20.305854
 20.316083 20.32573  20.335739 20.346043 20.356924 20.367331 20.376986
 20.386903 20.39682  20.406475 20.416882 20.427763 20.438067 20.448076
 20.457723 20.467952 20.478241 20.488567 20.498143 20.5081   20.517673
 20.527443 20.537841 20.547457 20.557253 20.566935 20.576382 20.586221
 20.595919 20.60569  20.615127 20.615127 20.625127 20.635127 20.645127
 20.655127 20.665127 20.675127 20.685127 20.695127 20.705127 20.715127
 20.725127 20.735127 20.745127 20.755127 20.765127 20.775127 20.785127
 20.795127 20.805127 20.815127 20.825127 20.835127 20.845127 20.855127
 20.865127 20.875127 20.885127 20.895127 20.905127 20.915127 20.925127
 20.935127 20.945127 20.955127 20.965127 20.975127 20.985127 20.995127
 21.005127 21.015127]","[1.17419762e+02 1.55949689e+02 2.06228573e+02 2.71540225e+02
 3.55992231e+02 4.64694870e+02 6.03971224e+02 7.81601936e+02
 1.00710793e+03 1.29207409e+03 1.65051634e+03 2.09929393e+03
 2.65856745e+03 3.35230193e+03 4.20881253e+03 5.26134822e+03
 6.54870644e+03 8.11586864e+03 1.00146438e+04 1.23043029e+04
 1.50521845e+04 1.83342464e+04 2.22355360e+04 2.68505480e+04
 3.22834334e+04 3.86480235e+04 4.60676302e+04 5.46745813e+04
 6.46094539e+04 7.60199686e+04 8.90595122e+04 1.03885264e+05
 1.20655909e+05 1.39528927e+05 1.60657470e+05 1.84186843e+05
 2.10250625e+05 2.38966485e+05 2.70431768e+05 3.04718927e+05
 3.04718927e+05 3.39702840e+05 3.78622301e+05 4.19940151e+05
 4.64533090e+05 5.09786087e+05 5.58500484e+05 6.10004725e+05
 6.62498951e+05 7.21103553e+05 7.77562933e+05 8.33822629e+05
 8.92897915e+05 9.49806422e+05 1.01073956e+06 1.07041928e+06
 1.12811011e+06 1.18045796e+06 1.23208431e+06 1.28177509e+06
 1.32977792e+06 1.37078531e+06 1.40406385e+06 1.38608633e+06
 1.38485568e+06 1.37098503e+06 1.34673945e+06 1.31158508e+06
 1.26766333e+06 1.21524476e+06 1.15546052e+06 1.08918692e+06
 1.01875401e+06 9.46458305e+05 8.74504766e+05 8.05846316e+05
 7.41433357e+05 6.81702526e+05 6.26755550e+05 5.77253831e+05
 5.33207266e+05 4.94056294e+05 4.60300919e+05 4.31795577e+05
 4.09012438e+05 3.91234751e+05 3.78597756e+05 3.04718927e+05
 2.70431768e+05 2.38966485e+05 2.10250625e+05 1.84186843e+05
 1.60657470e+05 1.39528927e+05 1.20655909e+05 1.03885264e+05
 8.90595122e+04 7.60199686e+04 6.46094539e+04 5.46745813e+04
 4.60676302e+04 3.86480235e+04 3.22834334e+04 2.68505480e+04
 2.22355360e+04 1.83342464e+04 1.50521845e+04 1.23043029e+04
 1.00146438e+04 8.11586864e+03 6.54870644e+03 5.26134822e+03
 4.20881253e+03 3.35230193e+03 2.65856745e+03 2.09929393e+03
 1.65051634e+03 1.29207409e+03 1.00710793e+03 7.81601936e+02
 6.03971224e+02 4.64694870e+02 3.55992231e+02 2.71540225e+02
 2.06228573e+02 1.55949689e+02 1.17419762e+02 8.80276064e+01]",1,0.9924115658277207,,1404063.8462860226
223,8132,240819.41,19.420902,19.715403,20.223622,866.59106,866.5824-866.59973,22275039.659755535,1001543.8360862732,83,916490.0101654733,91.5,839333.8394562318,83.8,"[9.17, 2.43]","[301.2173, 327.233]","[301.22006, 327.2338]","[14.66316, 96.84504]","[19.190902 19.200902 19.210902 19.220902 19.230902 19.240902 19.250902
 19.260902 19.270902 19.280902 19.290902 19.300902 19.310902 19.320902
 19.330902 19.340902 19.350902 19.360902 19.370902 19.380902 19.390902
 19.400902 19.410902 19.420902 19.430333 19.439578 19.448897 19.458455
 19.468412 19.477965 19.487158 19.496328 19.506162 19.515702 19.525438
 19.534607 19.543785 19.553735 19.563256 19.572763 19.581945 19.591135
 19.601043 19.610562 19.620046 19.629254 19.638432 19.648302 19.657986
 19.667444 19.676663 19.685863 19.695739 19.705743 19.715403 19.725063
 19.735067 19.744943 19.754143 19.763362 19.77282  19.782504 19.792374
 19.801552 19.81076  19.820244 19.829763 19.839671 19.848861 19.858043
 19.86755  19.877071 19.887021 19.896199 19.905368 19.915104 19.924644
 19.934478 19.943648 19.952841 19.962394 19.972351 19.981909 19.991228
 20.000473 20.009904 20.019904 20.029904 20.039904 20.049904 20.059904
 20.069904 20.079904 20.089904 20.099904 20.109904 20.119904 20.129904
 20.139904 20.149904 20.159904 20.169904 20.179904 20.189904 20.199904
 20.209904 20.219904 20.229904 20.239904]","[7.21223857e+01 1.01869875e+02 1.42977679e+02 1.99405667e+02
 2.76346222e+02 3.80554052e+02 5.20746011e+02 7.08080013e+02
 9.56721432e+02 1.28450397e+03 1.71368969e+03 2.27182932e+03
 2.99271939e+03 3.91744654e+03 5.09550159e+03 6.58593724e+03
 8.45853238e+03 1.07949150e+04 1.36895831e+04 1.72507507e+04
 2.16009354e+04 2.68771925e+04 3.32308941e+04 8.63193008e+04
 8.69619061e+04 8.90366962e+04 9.31676492e+04 9.97720133e+04
 1.08967121e+05 1.21050678e+05 1.35988857e+05 1.54140720e+05
 1.75675397e+05 2.00535454e+05 2.28889235e+05 2.60341025e+05
 2.95043281e+05 3.32599212e+05 3.72719362e+05 4.15198718e+05
 4.60173548e+05 5.07568509e+05 5.57346818e+05 6.08475057e+05
 6.59861138e+05 7.10494143e+05 7.59667139e+05 8.06012690e+05
 8.49773375e+05 8.90300599e+05 9.26136479e+05 9.56370081e+05
 9.79162118e+05 9.94724166e+05 1.00109601e+06 1.00334599e+06
 9.78281376e+05 9.48232124e+05 9.15961091e+05 8.79975912e+05
 8.39810987e+05 7.95894808e+05 7.48901922e+05 7.03786114e+05
 6.57714874e+05 6.09976252e+05 5.62311909e+05 5.13508798e+05
 4.69417978e+05 4.26857842e+05 3.84680266e+05 3.44632375e+05
 3.05347234e+05 2.71577234e+05 2.40285113e+05 2.09767809e+05
 1.82560513e+05 1.57250776e+05 1.36068023e+05 1.17067914e+05
 9.95626786e+04 8.35807547e+04 7.02414390e+04 5.89585877e+04
 4.92880930e+04 4.08269497e+04 3.32308941e+04 2.68771925e+04
 2.16009354e+04 1.72507507e+04 1.36895831e+04 1.07949150e+04
 8.45853238e+03 6.58593724e+03 5.09550159e+03 3.91744654e+03
 2.99271939e+03 2.27182932e+03 1.71368969e+03 1.28450397e+03
 9.56721432e+02 7.08080013e+02 5.20746011e+02 3.80554052e+02
 2.76346222e+02 1.99405667e+02 1.42977679e+02 1.01869875e+02
 7.21223857e+01]",1,0.9977928395646798,,1003345.9948202013
224,10259,368762.78,24.539969,24.972182,25.787762,866.59198,866.58331-866.60065,46255545.820371546,1882908.8703308105,127,1663610.6738481328,88.4,1795367.2669635771,95.4,[2.99],"[301.2173, 327.233]",[301.2182],[11.45692],"[24.046602 24.056602 24.066602 24.076602 24.086602 24.096602 24.106602
 24.116602 24.126602 24.136602 24.146602 24.156602 24.156602 24.166787
 24.176897 24.186613 24.196252 24.206321 24.216276 24.226235 24.235955
 24.245718 24.255404 24.265481 24.275289 24.28581  24.295397 24.305044
 24.315435 24.325129 24.335398 24.344963 24.354948 24.365256 24.374762
 24.384846 24.394517 24.405317 24.41547  24.424938 24.43504  24.444777
 24.454665 24.464733 24.474293 24.484487 24.494073 24.503964 24.513851
 24.523597 24.533574 24.543142 24.553336 24.563002 24.572616 24.582599
 24.592314 24.602459 24.611905 24.621624 24.631936 24.641673 24.652001
 24.661419 24.671596 24.682089 24.691601 24.701811 24.711404 24.721569
 24.731506 24.741148 24.7508   24.760223 24.770118 24.780034 24.790079
 24.799561 24.808959 24.819247 24.828953 24.838771 24.848107 24.857606
 24.867471 24.877031 24.886602 24.896037 24.90549  24.91526  24.924624
 24.934044 24.943641 24.953055 24.962797 24.972182 24.981567 24.991309
 25.000723 25.01032  25.01974  25.029104 25.038874 25.048327 25.057762
 25.067333 25.076893 25.086758 25.096257 25.105593 25.115411 25.125117
 25.135405 25.144803 25.154285 25.16433  25.174246 25.184141 25.193564
 25.203216 25.212858 25.222795 25.23296  25.242553 25.252763 25.262275
 25.272768 25.282945 25.292363 25.302691 25.312428 25.32274  25.332459
 25.341905 25.35205  25.361765 25.371748 25.381362 25.391028 25.401222
 25.41079  25.420767 25.430513 25.4404   25.450291 25.459877 25.470071
 25.479631 25.489699 25.499587 25.509324 25.519426 25.528894 25.539047
 25.549847 25.559518 25.569602 25.579108 25.589416 25.599401 25.608966
 25.619235 25.628929 25.63932  25.648967 25.658554 25.669075 25.678883
 25.68896  25.698646 25.708409 25.718129 25.728088 25.738043 25.748112
 25.757751 25.767467 25.777577 25.787762 25.787762 25.797762 25.807762
 25.817762 25.827762 25.837762 25.847762 25.857762 25.867762 25.877762
 25.887762 25.897762 25.907762]","[1.19416282e+02 1.43446704e+02 1.72018921e+02 2.05930408e+02
 2.46106654e+02 2.93619468e+02 3.49707507e+02 4.15799226e+02
 4.93538475e+02 5.84812933e+02 6.91785631e+02 8.16929767e+02
 8.16929767e+02 9.65988073e+02 1.13883872e+03 1.33184151e+03
 1.55314665e+03 1.82060182e+03 2.12665630e+03 2.48011368e+03
 2.87696337e+03 3.33408869e+03 3.85315556e+03 4.47151167e+03
 5.15992935e+03 6.00566639e+03 6.88513149e+03 7.88763671e+03
 9.11512482e+03 1.04146117e+04 1.19728296e+04 1.36111859e+04
 1.55352150e+04 1.77754518e+04 2.00943539e+04 2.28472094e+04
 2.57988532e+04 2.94922682e+04 3.33846069e+04 3.74165193e+04
 4.21855235e+04 4.72786399e+04 5.29925518e+04 5.94185306e+04
 6.61340832e+04 7.40058940e+04 8.21280270e+04 9.12937989e+04
 1.01308927e+05 1.12072784e+05 1.24068795e+05 1.36559319e+05
 1.50993737e+05 1.65815338e+05 1.81712411e+05 1.99501110e+05
 2.18126175e+05 2.39022654e+05 2.59864427e+05 2.82757066e+05
 3.08710640e+05 3.34841656e+05 3.64335104e+05 3.92864637e+05
 4.25485059e+05 4.61102337e+05 4.95154697e+05 5.33591276e+05
 5.71492154e+05 6.13542000e+05 6.56517410e+05 6.99963743e+05
 7.45149442e+05 7.90861340e+05 8.40511980e+05 8.91898391e+05
 9.45537708e+05 9.97549382e+05 1.05033104e+06 1.10939898e+06
 1.16623412e+06 1.22468256e+06 1.28101970e+06 1.33895470e+06
 1.39961315e+06 1.45870288e+06 1.51798536e+06 1.57636853e+06
 1.63462198e+06 1.69437372e+06 1.75101141e+06 1.80716672e+06
 1.86332462e+06 1.91717595e+06 1.97140003e+06 1.88240772e+06
 1.88097144e+06 1.87123839e+06 1.85351030e+06 1.82729658e+06
 1.79273713e+06 1.74938711e+06 1.69855778e+06 1.64268567e+06
 1.58339759e+06 1.52341327e+06 1.46319523e+06 1.40264597e+06
 1.34077883e+06 1.27738049e+06 1.21153891e+06 1.14342239e+06
 1.07391857e+06 1.00380989e+06 9.33887649e+05 8.65962359e+05
 8.00899136e+05 7.39497462e+05 6.81815649e+05 6.28238527e+05
 5.78682545e+05 5.32855459e+05 4.90843749e+05 4.52624047e+05
 4.18041278e+05 3.86903424e+05 3.58350424e+05 3.32098114e+05
 3.08122474e+05 2.86553277e+05 2.67333804e+05 2.50631700e+05
 2.36364491e+05 2.24072209e+05 2.13344248e+05 2.03881860e+05
 1.95784192e+05 1.88907304e+05 1.83297474e+05 1.78972389e+05
 1.75486574e+05 1.72254535e+05 1.68850366e+05 1.65163369e+05
 1.61190572e+05 1.56989317e+05 1.52933630e+05 1.49020453e+05
 1.45423839e+05 1.42314174e+05 1.39856539e+05 1.37881817e+05
 1.36350174e+05 1.35238714e+05 1.34155132e+05 1.33326354e+05
 1.32415441e+05 1.31403641e+05 1.30173308e+05 1.28466887e+05
 1.26330824e+05 1.23589450e+05 1.20579461e+05 1.17157001e+05
 1.13516173e+05 1.09873658e+05 1.06652026e+05 1.03841449e+05
 1.01612220e+05 9.99315014e+04 9.84249869e+04 9.68347758e+04
 9.49316637e+04 9.27349805e+04 9.04718755e+04 8.81199010e+04
 8.57940192e+04 8.35612384e+04 8.15238697e+04 8.16929767e+02
 6.91785631e+02 5.84812933e+02 4.93538475e+02 4.15799226e+02
 3.49707507e+02 2.93619468e+02 2.46106654e+02 2.05930408e+02
 1.72018921e+02 1.43446704e+02 1.19416282e+02 9.92419141e+01]",1,0.9825814334395777,,1971400.0250845987
225,4394,743100.44,10.468176,10.701063,11.440584,868.5144,868.50572-868.52309,30801420.20024656,2399528.608997345,95,2380917.652956668,99.2,2399617.070358817,100.0,[0.37],"[301.2173, 327.233]",[327.23288],[40.00613],"[10.098293 10.108658 10.118814 10.129522 10.140128 10.150412 10.161074
 10.17143  10.182384 10.192941 10.203664 10.213847 10.224347 10.235284
 10.245872 10.25656  10.26757  10.277933 10.288302 10.298875 10.309716
 10.320602 10.3309   10.341219 10.351898 10.362786 10.373093 10.383402
 10.393752 10.404371 10.414937 10.42522  10.43535  10.445667 10.456067
 10.466594 10.477058 10.487015 10.497051 10.507476 10.517949 10.528291
 10.538402 10.548602 10.559068 10.569366 10.579735 10.589537 10.59992
 10.610212 10.620691 10.630663 10.640122 10.650339 10.660708 10.671048
 10.680668 10.69074  10.701063 10.711386 10.721458 10.731078 10.741418
 10.751787 10.762004 10.771463 10.781435 10.791914 10.802206 10.812589
 10.822391 10.83276  10.843058 10.853524 10.863724 10.873835 10.884177
 10.89465  10.905075 10.915111 10.925068 10.935532 10.946059 10.956459
 10.966776 10.976906 10.987189 10.997755 11.008374 11.018724 11.029033
 11.03934  11.050228 11.060907 11.071226 11.081524 11.09241  11.103251
 11.113824 11.124193 11.134556 11.145566 11.156254 11.166842 11.177779
 11.188279 11.198462 11.209185 11.219742 11.230696 11.241052 11.251714
 11.261998 11.272604 11.283312 11.293468 11.303833 11.313504 11.323772
 11.334075 11.34398  11.354128 11.36364  11.372689 11.382747 11.392647
 11.402431 11.411986 11.420821 11.430855]","[1.05767104e+02 1.42226268e+02 1.89324020e+02 2.54825979e+02
 3.40478505e+02 4.49003392e+02 5.95507230e+02 7.80036304e+02
 1.03296352e+03 1.34791603e+03 1.75823430e+03 2.25335730e+03
 2.89769112e+03 3.74786618e+03 4.78599015e+03 6.09800759e+03
 7.78932265e+03 9.76429481e+03 1.21891194e+04 1.52151572e+04
 1.90110414e+04 2.36637302e+04 2.89821613e+04 3.53598672e+04
 4.32471001e+04 5.28537555e+04 6.36281184e+04 7.62768177e+04
 9.11155794e+04 1.08859354e+05 1.29362860e+05 1.52364796e+05
 1.78281657e+05 2.08332198e+05 2.42705481e+05 2.82032950e+05
 3.26003756e+05 3.72675742e+05 4.24774527e+05 4.84547488e+05
 5.50651863e+05 6.22091119e+05 6.97994447e+05 7.80712577e+05
 8.72008649e+05 9.68105742e+05 1.07096953e+06 1.17359063e+06
 1.28763238e+06 1.40561555e+06 1.53018203e+06 1.65220792e+06
 1.77041958e+06 1.89997188e+06 2.03245538e+06 2.16448070e+06
 2.28620896e+06 2.41141779e+06 2.39961707e+06 2.37554745e+06
 2.31391702e+06 2.22377417e+06 2.11124314e+06 1.98339745e+06
 1.84486956e+06 1.69997770e+06 1.55305891e+06 1.40828246e+06
 1.26875603e+06 1.13796953e+06 1.01673154e+06 9.06538900e+05
 8.07463893e+05 7.18141537e+05 6.39131209e+05 5.70465620e+05
 5.10495550e+05 4.58329025e+05 4.12471867e+05 3.72044154e+05
 3.35869641e+05 3.02830543e+05 2.72685629e+05 2.45076362e+05
 2.20276419e+05 1.98181914e+05 1.78351374e+05 1.60522603e+05
 1.44471141e+05 1.30031351e+05 1.17028320e+05 1.05665082e+05
 9.56553759e+04 8.69002389e+04 7.89049049e+04 7.15000424e+04
 6.44751864e+04 5.76889093e+04 5.11079210e+04 4.48483383e+04
 3.90769581e+04 3.40197276e+04 2.97401075e+04 2.62044626e+04
 2.34627132e+04 2.12599876e+04 1.94579549e+04 1.79684461e+04
 1.65880219e+04 1.54127236e+04 1.42963183e+04 1.32663380e+04
 1.22388065e+04 1.12165870e+04 1.00638415e+04 8.83767031e+03
 7.46178890e+03 6.11871897e+03 4.92726609e+03 3.98736328e+03
 3.40283742e+03 2.99254454e+03 2.64754019e+03 2.27232536e+03
 1.78195275e+03 1.28332003e+03 8.36514640e+02 4.82512816e+02
 2.46286663e+02 1.11242226e+02]",1,0.9966336999567862,,2411417.785588829
226,5287,656180.5,12.48679,12.898452,13.17443,868.5506,868.54191-868.55928,27775269.544066567,2633136.5801849365,56,2632558.4159755376,100.0,2632558.4159755376,100.0,[1.88],"[301.2173, 327.233]",[301.21786],[100.0],"[12.590355 12.600355 12.610355 12.620355 12.630355 12.640355 12.649717
 12.659088 12.669133 12.679095 12.688644 12.69778  12.707199 12.717417
 12.726813 12.736575 12.74569  12.755464 12.765472 12.775531 12.784775
 12.793718 12.803091 12.813305 12.823192 12.832281 12.841365 12.851289
 12.861213 12.870754 12.879884 12.889021 12.898452 12.907883 12.91702
 12.92615  12.935691 12.945615 12.955539 12.964623 12.973712 12.983599
 12.993813 13.003186 13.012129 13.021373 13.031432 13.04144  13.051214
 13.060329 13.070091 13.079487 13.089705 13.099124 13.10826  13.117809
 13.127771 13.137816 13.147187 13.156549 13.166549 13.176549 13.186549
 13.196549 13.206549]","[5.99872822e+01 1.18795910e+02 2.30009544e+02 4.35403879e+02
 8.05825117e+02 1.57463625e+02 5.24824329e+02 1.36375349e+03
 3.16821458e+03 6.47780191e+03 1.21916409e+04 2.15714397e+04
 3.64945487e+04 5.89910565e+04 9.10722127e+04 1.35257445e+05
 1.94734451e+05 2.71727842e+05 3.67397426e+05 4.82273693e+05
 6.18981301e+05 7.78352655e+05 9.59430538e+05 1.16184181e+06
 1.38074354e+06 1.60962607e+06 1.84044557e+06 2.06040587e+06
 2.25883723e+06 2.42338542e+06 2.54454619e+06 2.61535982e+06
 2.63255842e+06 2.61284171e+06 2.53974694e+06 2.42274022e+06
 2.26034190e+06 2.05763554e+06 1.83194825e+06 1.61536128e+06
 1.39799050e+06 1.16959859e+06 9.50493544e+05 7.69635657e+05
 6.17734565e+05 4.82912797e+05 3.61406087e+05 2.64802316e+05
 1.91220381e+05 1.38434634e+05 9.59333578e+04 6.60461594e+04
 4.30253184e+04 2.83852965e+04 1.86030987e+04 1.17230504e+04
 7.08435385e+03 4.16765654e+03 2.48902931e+03 1.45811364e+03
 8.05825117e+02 4.35403879e+02 2.30009544e+02 1.18795910e+02
 5.99872822e+01]",1,0.9999587457504231,,2632558.4159755376
227,4690,19933858.0,10.600129,11.440584,12.57252,870.5304,870.52169-870.5391,1350096616.1528575,90323175.73156738,164,90302176.87892449,100.0,90251081.82906394,99.9,[2.08],"[301.2173, 327.233]",[301.21793],[100.0],"[10.562623 10.572376 10.582297 10.592551 10.602197 10.612289 10.62212
 10.632128 10.642049 10.651746 10.661871 10.671989 10.681596 10.691852
 10.701527 10.711557 10.721509 10.731249 10.74181  10.751453 10.761644
 10.771737 10.781651 10.792118 10.80162  10.812008 10.821321 10.83121
 10.841583 10.85095  10.861037 10.870091 10.879922 10.889951 10.899166
 10.908843 10.91797  10.927664 10.937441 10.946656 10.955895 10.965126
 10.975101 10.984955 10.994194 11.003349 11.012639 11.022243 11.032426
 11.042001 11.051676 11.06117  11.07144  11.08125  11.090886 11.100934
 11.110572 11.120799 11.130381 11.140123 11.150527 11.160018 11.169756
 11.179509 11.189534 11.199148 11.208729 11.218613 11.228151 11.238083
 11.247614 11.25669  11.266667 11.276212 11.286139 11.296086 11.305323
 11.31552  11.325213 11.334718 11.344708 11.353795 11.363989 11.373188
 11.38266  11.392719 11.402522 11.412408 11.421377 11.430675 11.440584
 11.450493 11.459791 11.46876  11.478646 11.488449 11.498508 11.50798
 11.517179 11.527373 11.53646  11.54645  11.555955 11.565648 11.575845
 11.585082 11.595029 11.604956 11.614501 11.624478 11.633554 11.643085
 11.653017 11.662555 11.672439 11.68202  11.691634 11.701659 11.711412
 11.72115  11.730641 11.741045 11.750787 11.760369 11.770596 11.780234
 11.790282 11.799918 11.809728 11.819998 11.829492 11.839167 11.848742
 11.858925 11.868529 11.877819 11.886974 11.896213 11.906067 11.916042
 11.925273 11.934512 11.943727 11.953504 11.963198 11.972325 11.982002
 11.991217 12.001246 12.011077 12.020131 12.030218 12.039585 12.049958
 12.059847 12.06916  12.079548 12.08905  12.099517 12.109431 12.119524
 12.129715 12.139358 12.149919 12.159659 12.169611 12.179641 12.189316
 12.199572 12.209179 12.219297 12.229422 12.239119 12.24904  12.259048
 12.268879 12.278971 12.288617 12.298871 12.308792 12.318545 12.328529
 12.338407 12.348689 12.358661 12.368477 12.378957 12.388922 12.399
 12.408975 12.418642 12.428951 12.438829 12.448546 12.458384 12.467535
 12.477113 12.48679  12.496713 12.506051 12.515106 12.524668 12.5343
 12.543988 12.553495 12.562929 12.57252 ]","[1.13234570e+02 1.46951378e+02 1.91085510e+02 2.50008304e+02
 3.21134975e+02 4.16232022e+02 5.34534713e+02 6.87801598e+02
 8.80834207e+02 1.11901739e+03 1.43299969e+03 1.82994031e+03
 2.30253421e+03 2.93479077e+03 3.68045689e+03 4.64226599e+03
 5.82992949e+03 7.26804540e+03 9.20546117e+03 1.13936880e+04
 1.42369630e+04 1.77050159e+04 2.18770174e+04 2.72780855e+04
 3.32464346e+04 4.11656115e+04 4.97389734e+04 6.06568628e+04
 7.44915553e+04 8.94638816e+04 1.08694148e+05 1.29162643e+05
 1.55403566e+05 1.87193231e+05 2.21599203e+05 2.63936113e+05
 3.10566867e+05 3.68282946e+05 4.36293216e+05 5.10701537e+05
 5.96735042e+05 6.95640610e+05 8.19004318e+05 9.59921827e+05
 1.11146780e+06 1.28244395e+06 1.47958189e+06 1.71129519e+06
 1.99156543e+06 2.29126065e+06 2.63360006e+06 3.01215368e+06
 3.47406526e+06 3.97121261e+06 4.51784452e+06 5.15500678e+06
 5.83618834e+06 6.64031076e+06 7.47569582e+06 8.41245061e+06
 9.51714252e+06 1.06251127e+07 1.18674975e+07 1.32250342e+07
 1.47447925e+07 1.63263455e+07 1.80285190e+07 1.99213374e+07
 2.18838776e+07 2.40732891e+07 2.63171200e+07 2.85857938e+07
 3.12295208e+07 3.39059635e+07 3.68414079e+07 3.99360090e+07
 4.29440430e+07 4.64100393e+07 4.98399766e+07 5.33241273e+07
 5.71056558e+07 6.06424156e+07 6.47075739e+07 6.84520964e+07
 7.23694889e+07 7.65816202e+07 8.07199020e+07 8.49068782e+07
 8.86999262e+07 9.26085465e+07 9.03021769e+07 8.99930692e+07
 8.87956843e+07 8.68143999e+07 8.40706648e+07 8.06392879e+07
 7.66207248e+07 7.21343869e+07 6.73398919e+07 6.24010339e+07
 5.74362917e+07 5.26115164e+07 4.80408513e+07 4.38332803e+07
 4.00558999e+07 3.67114642e+07 3.37769629e+07 3.12090088e+07
 2.89334229e+07 2.69022960e+07 2.50531621e+07 2.33225660e+07
 2.16568366e+07 2.00230095e+07 1.84193139e+07 1.68593161e+07
 1.53658308e+07 1.39561483e+07 1.26477254e+07 1.14425079e+07
 1.03488760e+07 9.36061660e+06 8.47795839e+06 7.67903901e+06
 6.96074740e+06 6.31171277e+06 5.73054473e+06 5.20865803e+06
 4.74060520e+06 4.32087643e+06 3.93986261e+06 3.58916596e+06
 3.26237553e+06 2.95512512e+06 2.66680685e+06 2.40199974e+06
 2.16307289e+06 1.95340909e+06 1.77259509e+06 1.61721830e+06
 1.48360178e+06 1.36889701e+06 1.27105169e+06 1.18638679e+06
 1.11453373e+06 1.05327553e+06 1.00037187e+06 9.55256379e+05
 9.16340689e+05 8.82001179e+05 8.50497012e+05 8.21060079e+05
 7.92533230e+05 7.64636561e+05 7.37414667e+05 7.10923729e+05
 6.85581606e+05 6.61013046e+05 6.37426495e+05 6.14697681e+05
 5.93696246e+05 5.73847917e+05 5.55203991e+05 5.37304324e+05
 5.19818323e+05 5.02039387e+05 4.84036032e+05 4.66035801e+05
 4.48524223e+05 4.32036480e+05 4.16792917e+05 4.02308189e+05
 3.88766340e+05 3.75863665e+05 3.63580052e+05 3.52252024e+05
 3.41875034e+05 3.31982097e+05 3.22659734e+05 3.13518741e+05
 3.04179706e+05 2.94667414e+05 2.84741981e+05 2.74454424e+05
 2.63601644e+05 2.52451721e+05 2.41114652e+05 2.29836650e+05
 2.18791075e+05 2.07735188e+05 1.97174804e+05 1.87028755e+05
 1.77314306e+05 1.67195132e+05 1.56861693e+05 1.45622995e+05
 1.33320921e+05 1.20243572e+05 1.06756720e+05 9.36222216e+04
 8.13075955e+04 7.04447235e+04 6.13486454e+04 5.41642196e+04
 4.88883371e+04 4.50991112e+04 4.26003502e+04]",1,0.9966600563852148,,92608546.49374494
228,5354,680230.5,13.005072,13.071597,13.183936,872.54523,872.5365-872.55395,29741592.522080142,3280110.269203186,19,542385.9071799158,16.5,1236027.122749182,37.7,"[1.98, 3.36]","[301.2173, 327.233]","[301.2179, 327.2341]","[9.89188, 11.32021]","[13.005072 13.015074 13.024403 13.033705 13.043217 13.052961 13.062608
 13.071597 13.080827 13.090546 13.099843 13.108961 13.117976 13.127257
 13.136832 13.146796 13.155897 13.165168 13.17443  13.183936]","[2661185.52562688 2736916.80052437 2831268.31920406 2940879.55837881
 3054754.40129408 3158763.23773646 3237587.64847722 3278536.0904195
 3271481.75284057 3213437.74417385 3107664.92326498 2962648.95426239
 2794563.32533326 2617455.96374852 2447586.06847944 2298213.04690019
 2177314.49739052 2091722.58091226 2036950.17220345 2008868.56920067]",,,,3278536.090419502
229,5486,1340461.2,13.183936,13.384569,13.871041,872.54523,872.5365-872.55395,114641869.7408093,6311973.720466614,72,4269432.0092542,67.6,6070796.073732025,96.2,"[2.28, 3.17]","[301.2173, 327.233]","[301.21799, 327.23196]","[71.18899, 13.96098]","[12.713936 12.723936 12.733936 12.743936 12.753936 12.763936 12.773936
 12.783936 12.793936 12.803936 12.813936 12.823936 12.833936 12.843936
 12.853936 12.863936 12.873936 12.883936 12.893936 12.903936 12.913936
 12.923936 12.933936 12.943936 12.953936 12.963936 12.973936 12.983936
 12.993936 13.003936 13.013936 13.023936 13.033936 13.043936 13.053936
 13.063936 13.073936 13.083936 13.093936 13.103936 13.113936 13.123936
 13.133936 13.143936 13.153936 13.163936 13.173936 13.183936 13.193739
 13.202717 13.212266 13.221511 13.231054 13.24114  13.250141 13.25974
 13.269091 13.278494 13.288596 13.297719 13.307015 13.316655 13.325955
 13.336264 13.345716 13.355164 13.365    13.374347 13.384569 13.394791
 13.404138 13.413974 13.423422 13.432874 13.443183 13.452483 13.462123
 13.471419 13.480542 13.490644 13.500047 13.509398 13.518997 13.527998
 13.538084 13.547627 13.556872 13.566421 13.575399 13.585202 13.595202
 13.605202 13.615202 13.625202 13.635202 13.645202 13.655202 13.665202
 13.675202 13.685202 13.695202 13.705202 13.715202 13.725202 13.735202
 13.745202 13.755202 13.765202 13.775202 13.785202 13.795202 13.805202
 13.815202 13.825202 13.835202 13.845202 13.855202 13.865202 13.875202
 13.885202 13.895202 13.905202 13.915202 13.925202 13.935202 13.945202
 13.955202 13.965202 13.975202 13.985202 13.995202 14.005202 14.015202
 14.025202 14.035202 14.045202 14.055202]","[7.70409356e+01 1.05384358e+02 1.43527818e+02 1.94626215e+02
 2.62767663e+02 3.53222065e+02 4.72747300e+02 6.29963831e+02
 8.35809878e+02 1.10409059e+03 1.45213584e+03 1.90158221e+03
 2.47929550e+03 3.21845029e+03 4.15978269e+03 5.35303161e+03
 6.85858140e+03 8.74931621e+03 1.11126914e+04 1.40530218e+04
 1.76939792e+04 2.21812814e+04 2.76855449e+04 3.44052601e+04
 4.25698325e+04 5.24426178e+04 6.43238617e+04 7.85534353e+04
 9.55132407e+04 1.15629142e+05 1.39372264e+05 1.67259475e+05
 1.99852889e+05 2.37758175e+05 2.81621503e+05 3.32124941e+05
 3.89980143e+05 4.55920189e+05 5.30689481e+05 6.15031643e+05
 7.09675427e+05 8.15318695e+05 9.32610626e+05 1.06213237e+06
 1.20437645e+06 1.35972533e+06 1.52842964e+06 2.05317140e+06
 2.09809121e+06 2.17233801e+06 2.28074631e+06 2.42718539e+06
 2.60989604e+06 2.82756959e+06 3.07546653e+06 3.34680892e+06
 3.63504209e+06 3.93259428e+06 4.23361895e+06 4.53581198e+06
 4.83604813e+06 5.12897618e+06 5.40915271e+06 5.66674460e+06
 5.89154388e+06 6.07416312e+06 6.20732115e+06 6.28614032e+06
 6.31194098e+06 6.34948889e+06 6.17747534e+06 5.97684212e+06
 5.76729523e+06 5.54336751e+06 5.28549803e+06 5.04307454e+06
 4.78442483e+06 4.53014860e+06 4.27803832e+06 3.99823641e+06
 3.73927550e+06 3.48502540e+06 3.22916440e+06 2.99537636e+06
 2.74191863e+06 2.51159927e+06 2.29821439e+06 2.08863550e+06
 1.90213899e+06 1.71058649e+06 1.52842964e+06 1.35972533e+06
 1.20437645e+06 1.06213237e+06 9.32610626e+05 8.15318695e+05
 7.09675427e+05 6.15031643e+05 5.30689481e+05 4.55920189e+05
 3.89980143e+05 3.32124941e+05 2.81621503e+05 2.37758175e+05
 1.99852889e+05 1.67259475e+05 1.39372264e+05 1.15629142e+05
 9.55132407e+04 7.85534353e+04 6.43238617e+04 5.24426178e+04
 4.25698325e+04 3.44052601e+04 2.76855449e+04 2.21812814e+04
 1.76939792e+04 1.40530218e+04 1.11126914e+04 8.74931621e+03
 6.85858140e+03 5.35303161e+03 4.15978269e+03 3.21845029e+03
 2.47929550e+03 1.90158221e+03 1.45213584e+03 1.10409059e+03
 8.35809878e+02 6.29963831e+02 4.72747300e+02 3.53222065e+02
 2.62767663e+02 1.94626215e+02 1.43527818e+02 1.05384358e+02
 7.70409356e+01]",1,0.9923921257015244,,6349488.89035301
230,5242,2060860.5,12.24904,12.775531,13.005072,872.54535,872.53662-872.55407,163266796.27159837,11550698.749771118,78,11524584.909799658,99.8,8814198.439904477,76.3,[4.31],"[301.2173, 327.233]",[301.2186],[64.05603],"[12.24904  12.259048 12.268879 12.278971 12.288617 12.298871 12.308792
 12.318545 12.328529 12.338407 12.348689 12.358661 12.368477 12.378957
 12.388922 12.399    12.408975 12.418642 12.428951 12.438829 12.448546
 12.458384 12.467535 12.477113 12.48679  12.496713 12.506051 12.515106
 12.524668 12.5343   12.543988 12.553495 12.562929 12.57252  12.582015
 12.592088 12.601414 12.610902 12.620385 12.63011  12.640355 12.649717
 12.659088 12.669133 12.679095 12.688644 12.69778  12.707199 12.717417
 12.726813 12.736575 12.74569  12.755464 12.765472 12.775531 12.78559
 12.795598 12.805372 12.814487 12.824249 12.833645 12.843863 12.853282
 12.862418 12.871967 12.881929 12.891974 12.901345 12.910707 12.920952
 12.930677 12.94016  12.949648 12.958974 12.969047 12.978542 12.988133
 12.997567 13.007074 13.016762 13.026394 13.035956 13.045011 13.054349
 13.064272 13.073949 13.083527 13.092678 13.102516]","[5.39808232e+04 4.66194878e+04 4.00546903e+04 3.52017674e+04
 3.26154061e+04 3.23866765e+04 3.41899576e+04 3.74520239e+04
 4.13163304e+04 4.52721497e+04 4.84740210e+04 5.11375453e+04
 5.29752798e+04 5.45685934e+04 5.55746225e+04 5.61624808e+04
 5.66833153e+04 5.75926880e+04 5.89270399e+04 6.08560936e+04
 6.36913851e+04 6.73708334e+04 7.24070160e+04 7.91733135e+04
 8.79129951e+04 9.83457566e+04 1.09965245e+05 1.22093144e+05
 1.34470144e+05 1.47446994e+05 1.62200339e+05 1.80916704e+05
 2.06867863e+05 2.45690799e+05 3.04168712e+05 3.91076032e+05
 5.19874471e+05 7.04051302e+05 9.63595057e+05 1.31556616e+06
 1.77741080e+06 2.36277551e+06 3.08026674e+06 3.92522702e+06
 4.87918124e+06 5.90758153e+06 6.96589219e+06 8.00220998e+06
 8.96353269e+06 9.80327918e+06 1.04837640e+07 1.09954218e+07
 1.13333905e+07 1.15105390e+07 1.15503486e+07 1.15578694e+07
 1.14520414e+07 1.10934721e+07 1.05525014e+07 9.78708583e+06
 8.91143301e+06 7.85966981e+06 6.84923789e+06 5.87467388e+06
 4.89963038e+06 3.96248502e+06 3.12391416e+06 2.44923442e+06
 1.88135440e+06 1.37659481e+06 1.00016005e+06 7.16878524e+05
 5.02939885e+05 3.47710788e+05 2.28066341e+05 1.49929541e+05
 9.60473301e+04 6.06801129e+04 3.73965080e+04 2.23397543e+04
 1.30941516e+04 7.53966011e+03 4.38221061e+03 2.45393434e+03
 1.29555591e+03 6.79518511e+02 3.51040506e+02 1.83026140e+02
 8.88906332e+01]",1,0.9995774224792378,,11557869.441231271
231,6475,498861.56,15.707981,15.727893,16.858511,874.56061,874.55186-874.56935,42353411.12130527,2288137.6310338974,119,2988.8621041392908,0.1,2186178.082717139,95.5,[0.66],"[301.2173, 327.233]",[327.23322],[100.0],"[15.707981 15.718026 15.727893 15.737253 15.746954 15.755932 15.765228
 15.774527 15.783969 15.793078 15.802086 15.811286 15.82074  15.830336
 15.83946  15.848477 15.857755 15.867303 15.876908 15.886085 15.895125
 15.904679 15.914452 15.923745 15.932966 15.942019 15.951729 15.961074
 15.97032  15.979962 15.989065 15.998757 16.008127 16.017401 16.026796
 16.035917 16.045511 16.054918 16.064179 16.073597 16.082751 16.09234
 16.101927 16.111238 16.120666 16.12987  16.139588 16.149393 16.158779
 16.168272 16.177532 16.186954 16.196805 16.206247 16.215824 16.225206
 16.234678 16.244678 16.254212 16.264031 16.273453 16.283142 16.293084
 16.302819 16.312923 16.322408 16.332108 16.342345 16.35213  16.362606
 16.37221  16.381883 16.39202  16.40168  16.412185 16.422428 16.432192
 16.442598 16.452235 16.46204  16.471882 16.481924 16.492495 16.502353
 16.512628 16.522372 16.531987 16.54183  16.551453 16.561779 16.571622
 16.581047 16.591009 16.600581 16.61064  16.62048  16.630569 16.640593
 16.650576 16.660482 16.670384 16.680551 16.690559 16.700425 16.710582
 16.720382 16.730537 16.74039  16.749756 16.759682 16.769565 16.779555
 16.789166 16.798499 16.808718 16.818561 16.828687 16.838524 16.848221
 16.858511]","[2312256.59035902 2306766.84322727 2299880.45591025 2291970.46218127
 2279969.41697484 2261527.22874985 2232767.92175827 2191049.44168279
 2134920.63979541 2065298.78606117 1983811.25854133 1893507.04579257
 1798368.23297158 1699916.44248862 1599786.54211273 1499434.97057775
 1401095.55665387 1305957.36874288 1215260.18467656 1132334.66601262
 1057060.34203264  990319.34701887  930514.85619332  877392.71021987
  829586.74045786  786558.28315559  747808.25346018  712852.4517251
  681412.49272963  654018.07962015  630709.50095672  610296.61626247
  592827.7903329   577210.15400588  562928.45455215  549673.8860162
  536737.84997207  524701.09241029  513093.1328818   502141.89872802
  491978.49037858  482635.25454483  474591.60877729  468035.94531451
  462737.54073367  459096.31748648  456483.16694776  453980.43254642
  451234.14921652  447731.48199132  443564.06064375  439203.46799007
  435064.57395559  431497.17555978  428617.63239385  426144.8989717
  424015.01407565  421719.63892882  419128.62671076  415853.37554372
  411051.57365925  404959.27140629  397678.86485465  389285.3446017
  380524.80955974  371939.73450677  363744.63959836  355905.86684712
  348431.36845032  340765.90773787  332622.25081405  324593.55632572
  317114.35253124  310993.56884966  306263.43174646  303094.53474968
  300883.02993858  299252.33926745  298061.78877615  296872.77428998
  295713.45563251  294146.82752865  292049.3078924   289458.08728045
  287117.65290806  284887.14649847  283057.7791182   281716.48965738
  280148.16891102  277836.96909099  274014.13458824  268295.30028984
  260348.80996874  250607.72834834  239685.47315914  228215.00585464
  217410.68003069  207589.4591966   199197.13497883  192186.84888452
  186542.45092667  181652.91767329  176963.02944364  172266.25372419
  167168.93613537  161576.88651793  155862.96800409  150210.04757221
  144783.73345981  139624.13238783  134700.9763102   129568.49778853
  124255.26618963  118704.07835546  113420.07689325  108964.32006548
  105617.6281677   103559.36235063  102454.95323144  102190.24205384]",,,,2312256.590359017
232,6190,1199684.0,14.695642,15.103858,15.353645,874.56067,874.55192-874.56941,81396044.5345663,5750280.439819336,68,5711655.230565213,99.3,5053705.670013125,87.9,[1.57],"[301.2173, 327.233]",[301.21777],[93.93573],"[14.584071 14.594071 14.604071 14.614071 14.624071 14.634071 14.644071
 14.654071 14.664071 14.674071 14.684071 14.694071 14.704071 14.714071
 14.724071 14.734071 14.744071 14.754071 14.764071 14.774071 14.784071
 14.794071 14.804071 14.814071 14.824071 14.834071 14.844071 14.854071
 14.854071 14.863431 14.872852 14.88252  14.892386 14.902322 14.911713
 14.921117 14.930593 14.940277 14.950261 14.959684 14.969127 14.978565
 14.988017 14.997731 15.00721  15.017125 15.026503 15.036049 15.045571
 15.055378 15.06517  15.074603 15.08428  15.094039 15.103858 15.113677
 15.123436 15.133113 15.142546 15.152338 15.162145 15.171667 15.181213
 15.190591 15.200506 15.209985 15.219699 15.229151 15.238589 15.248032
 15.257455 15.267439 15.277123 15.286599 15.296003 15.305394 15.31533
 15.325196 15.334864 15.344285 15.353645 15.353645 15.363645 15.373645
 15.383645 15.393645 15.403645 15.413645 15.423645 15.433645 15.443645
 15.453645 15.463645 15.473645 15.483645 15.493645 15.503645 15.513645
 15.523645 15.533645 15.543645 15.553645 15.563645 15.573645 15.583645
 15.593645 15.603645 15.613645 15.623645 15.633645]","[1.45496987e+02 2.13053187e+02 3.09816042e+02 4.47405784e+02
 6.41624763e+02 9.13781724e+02 1.29236637e+03 1.81514220e+03
 2.53173060e+03 3.50676090e+03 4.82365956e+03 6.58914357e+03
 8.93846863e+03 1.20414586e+04 1.61093088e+04 2.14021075e+04
 2.82369643e+04 3.69965559e+04 4.81378199e+04 6.22004271e+04
 7.98145638e+04 1.01707446e+05 1.28707894e+05 1.61748197e+05
 2.01862450e+05 2.50180502e+05 3.07916674e+05 3.76352482e+05
 3.76352482e+05 4.51277221e+05 5.38438109e+05 6.41289068e+05
 7.61409573e+05 8.98964833e+05 1.04513403e+06 1.20788215e+06
 1.38886010e+06 1.59156113e+06 1.81910468e+06 2.05055496e+06
 2.29777275e+06 2.55874722e+06 2.83219108e+06 3.12342007e+06
 3.41479323e+06 3.72373022e+06 4.01628427e+06 4.31055266e+06
 4.59646842e+06 4.87853918e+06 5.14303659e+06 5.37739633e+06
 5.59286514e+06 5.78067903e+06 5.74963654e+06 5.72079117e+06
 5.62134345e+06 5.46052571e+06 5.24741218e+06 4.99064765e+06
 4.70287038e+06 4.39132480e+06 4.06720921e+06 3.73532348e+06
 3.39986149e+06 3.06838300e+06 2.75073699e+06 2.45031771e+06
 2.17286944e+06 1.92040253e+06 1.69259659e+06 1.49093948e+06
 1.31343739e+06 1.16022901e+06 1.03261042e+06 9.27687768e+05
 8.45823448e+05 7.84776983e+05 7.41353386e+05 7.12903386e+05
 6.95262789e+05 3.76352482e+05 3.07916674e+05 2.50180502e+05
 2.01862450e+05 1.61748197e+05 1.28707894e+05 1.01707446e+05
 7.98145638e+04 6.22004271e+04 4.81378199e+04 3.69965559e+04
 2.82369643e+04 2.14021075e+04 1.61093088e+04 1.20414586e+04
 8.93846863e+03 6.58914357e+03 4.82365956e+03 3.50676090e+03
 2.53173060e+03 1.81514220e+03 1.29236637e+03 9.13781724e+02
 6.41624763e+02 4.47405784e+02 3.09816042e+02 2.13053187e+02
 1.45496987e+02 9.86737856e+01]",1,0.9952839473702987,,5780679.033927782
233,6387,1003207.4,15.353645,15.556136,15.707981,874.56085,874.55211-874.5696,54600508.4785691,4174315.8331604004,37,3477567.7505910895,83.3,1888687.4007319417,45.2,[3.54],"[301.2173, 327.233]",[327.23184],[10.84948],"[15.093645 15.103645 15.113645 15.123645 15.133645 15.143645 15.153645
 15.163645 15.173645 15.183645 15.193645 15.203645 15.213645 15.223645
 15.233645 15.243645 15.253645 15.263645 15.273645 15.283645 15.293645
 15.303645 15.313645 15.323645 15.333645 15.343645 15.353645 15.363406
 15.373287 15.383112 15.39246  15.401817 15.411474 15.421398 15.430945
 15.440434 15.450103 15.459823 15.469338 15.478859 15.488399 15.498119
 15.507892 15.517405 15.526939 15.537098 15.546457 15.556136 15.565815
 15.575174 15.585333 15.594867 15.60438  15.614153 15.623873 15.633413
 15.642934 15.652449 15.662169 15.671838 15.681327 15.690874 15.700798
 15.710455 15.719812 15.72916  15.738985 15.748866 15.758627 15.768627
 15.778627 15.788627 15.798627 15.808627 15.818627 15.828627 15.838627
 15.848627 15.858627 15.868627 15.878627 15.888627 15.898627 15.908627
 15.918627 15.928627 15.938627 15.948627 15.958627 15.968627 15.978627
 15.988627 15.998627 16.008627 16.018627]","[8.41708208e+01 1.30199585e+02 1.99612019e+02 3.03314261e+02
 4.56802028e+02 6.81855376e+02 1.00875469e+03 1.47913536e+03
 2.14960825e+03 3.09627678e+03 4.42027494e+03 6.25443154e+03
 8.77112813e+03 1.21913590e+04 1.67949160e+04 2.29315074e+04
 3.10324759e+04 4.16226090e+04 5.53313448e+04 7.29024634e+04
 9.52011586e+04 1.23217195e+05 1.58062720e+05 2.00963247e+05
 2.53240334e+05 3.16284690e+05 6.76885828e+05 6.91128820e+05
 7.18646939e+05 7.64274570e+05 8.32822957e+05 9.27178446e+05
 1.05055549e+06 1.20337647e+06 1.38573013e+06 1.59635994e+06
 1.83456452e+06 2.09547987e+06 2.37434050e+06 2.66331925e+06
 2.95445503e+06 3.23770231e+06 3.50281477e+06 3.73957360e+06
 3.93390381e+06 4.07565205e+06 4.15673355e+06 4.17349862e+06
 4.19532893e+06 4.03645881e+06 3.83675626e+06 3.62785314e+06
 3.40315537e+06 3.16014427e+06 2.91098085e+06 2.66364321e+06
 2.41811562e+06 2.17770409e+06 1.94053822e+06 1.71585193e+06
 1.50839056e+06 1.31428108e+06 1.12917263e+06 9.65931491e+05
 8.23750154e+05 6.97151145e+05 5.80115658e+05 4.78055878e+05
 3.91518704e+05 3.16284690e+05 2.53240334e+05 2.00963247e+05
 1.58062720e+05 1.23217195e+05 9.52011586e+04 7.29024634e+04
 5.53313448e+04 4.16226090e+04 3.10324759e+04 2.29315074e+04
 1.67949160e+04 1.21913590e+04 8.77112813e+03 6.25443154e+03
 4.42027494e+03 3.09627678e+03 2.14960825e+03 1.47913536e+03
 1.00875469e+03 6.81855376e+02 4.56802028e+02 3.03314261e+02
 1.99612019e+02 1.30199585e+02 8.41708208e+01]",1,0.9920278759239779,,4195328.928611719
234,9171,434610.75,21.88951,22.285416,22.561747,874.59692,874.58818-874.60567,8502790.148523504,561137.4836044312,66,560809.5195768327,99.9,560809.5195768327,99.9,[3.55],"[301.2173, 327.233]",[327.23416],[18.55648],"[21.828807 21.838807 21.848807 21.858807 21.868807 21.878807 21.888807
 21.898807 21.908807 21.918807 21.928807 21.938807 21.948807 21.958807
 21.968807 21.978807 21.988807 21.998807 22.008807 22.018807 22.018807
 22.027966 22.037188 22.046632 22.055979 22.065646 22.074782 22.083993
 22.09357  22.103349 22.112982 22.122126 22.131234 22.1409   22.150915
 22.160571 22.169601 22.178915 22.188698 22.198618 22.208135 22.217179
 22.226923 22.236874 22.246354 22.256278 22.265562 22.27508  22.285416
 22.295752 22.30527  22.314554 22.324478 22.333958 22.343909 22.353653
 22.362697 22.372214 22.382134 22.391917 22.401231 22.410261 22.419917
 22.429932 22.439598 22.448706 22.45785  22.467483 22.477262 22.486839
 22.49605  22.505186 22.514853 22.5242   22.533644 22.542866 22.552025
 22.552025 22.562025 22.572025 22.582025 22.592025 22.602025 22.612025
 22.622025 22.632025 22.642025 22.652025 22.662025 22.672025 22.682025
 22.692025 22.702025 22.712025 22.722025 22.732025 22.742025 22.752025]","[1.22764871e+02 1.77741595e+02 2.55203080e+02 3.63383014e+02
 5.13127403e+02 7.18567664e+02 9.97911451e+02 1.37435275e+03
 1.87709522e+03 2.54247250e+03 3.41513676e+03 4.54927102e+03
 6.00976370e+03 7.87326478e+03 1.02290239e+04 1.31793928e+04
 1.68398604e+04 2.13384784e+04 2.68145358e+04 3.34163487e+04
 3.34163487e+04 4.05820703e+04 4.90030649e+04 5.90057787e+04
 7.03979221e+04 8.38541589e+04 9.82220539e+04 1.14393159e+05
 1.33035060e+05 1.53989412e+05 1.76475460e+05 1.99419140e+05
 2.23683011e+05 2.50767532e+05 2.79985855e+05 3.08922055e+05
 3.36310282e+05 3.64502691e+05 3.93588092e+05 4.22001688e+05
 4.47723796e+05 4.70318721e+05 4.92172632e+05 5.11347578e+05
 5.26255801e+05 5.37995324e+05 5.45150154e+05 5.48480182e+05
 5.60809520e+05 5.58792882e+05 5.50922823e+05 5.38287337e+05
 5.21806886e+05 5.02396487e+05 4.80281895e+05 4.56458317e+05
 4.31918103e+05 4.07254532e+05 3.82550919e+05 3.58760309e+05
 3.35351672e+05 3.13082095e+05 2.92373832e+05 2.72268876e+05
 2.52406523e+05 2.31551811e+05 2.08270963e+05 1.81433079e+05
 1.50864554e+05 1.18324680e+05 8.64298696e+04 5.80796180e+04
 3.57229685e+04 1.97128632e+04 9.55585175e+03 3.91698055e+03
 1.15377797e+03 3.34163487e+04 2.68145358e+04 2.13384784e+04
 1.68398604e+04 1.31793928e+04 1.02290239e+04 7.87326478e+03
 6.00976370e+03 4.54927102e+03 3.41513676e+03 2.54247250e+03
 1.87709522e+03 1.37435275e+03 9.97911451e+02 7.18567664e+02
 5.13127403e+02 3.63383014e+02 2.55203080e+02 1.77741595e+02
 1.22764871e+02 8.40893558e+01]",1,0.9870241291161741,,560809.5195768327
235,5268,334763.03,12.582015,12.851289,13.193739,876.48047,876.4717-876.48923,17361623.75723443,1284021.6821155548,62,1282804.4655792806,99.9,1282804.4655792806,99.9,"[3.5, 3.46]","[301.2173, 327.233]","[301.21835, 327.23413]","[79.85385, 100.0]","[12.531414 12.541414 12.551414 12.561414 12.571414 12.581414 12.591414
 12.601414 12.610902 12.620385 12.63011  12.640355 12.649717 12.659088
 12.669133 12.679095 12.688644 12.69778  12.707199 12.717417 12.726813
 12.736575 12.74569  12.755464 12.765472 12.775531 12.784775 12.793718
 12.803091 12.813305 12.823192 12.832281 12.841365 12.851289 12.861213
 12.870297 12.879386 12.889273 12.899487 12.90886  12.917803 12.927047
 12.937106 12.947114 12.956888 12.966003 12.975765 12.985161 12.995379
 13.004798 13.013934 13.023483 13.033445 13.04349  13.052861 13.062223
 13.072468 13.082193 13.091676 13.101164 13.111164 13.121164 13.131164
 13.141164 13.151164 13.161164 13.171164]","[9.50193404e+01 1.77734686e+02 3.25443783e+02 5.83342173e+02
 1.02356253e+03 1.75812193e+03 2.95615507e+03 1.05049874e+02
 3.60597630e+02 1.20944285e+03 3.07994451e+03 6.85732086e+03
 1.39809328e+04 2.61773677e+04 4.61031241e+04 7.58175767e+04
 1.17374601e+05 1.72979955e+05 2.43268492e+05 3.27578743e+05
 4.23756128e+05 5.28023441e+05 6.37139195e+05 7.46659881e+05
 8.52281941e+05 9.50188093e+05 1.03658294e+06 1.10920061e+06
 1.16768552e+06 1.21278363e+06 1.24663040e+06 1.26995977e+06
 1.28196874e+06 1.28280447e+06 1.27176242e+06 1.28812041e+06
 1.28193320e+06 1.24999280e+06 1.19147515e+06 1.11809858e+06
 1.03409546e+06 9.36954637e+05 8.24352197e+05 7.10385569e+05
 6.01779995e+05 5.06140583e+05 4.12325691e+05 3.32059913e+05
 2.56856921e+05 1.98758857e+05 1.52216625e+05 1.13006176e+05
 8.11244216e+04 5.68460643e+04 4.00121315e+04 2.76511113e+04
 1.80634493e+04 1.18109795e+04 7.65477512e+03 4.86574158e+03
 2.95615507e+03 1.75812193e+03 1.02356253e+03 5.83342173e+02
 3.25443783e+02 1.77734686e+02 9.50193404e+01]",1,0.9973604890325485,,1288120.4053496413
236,8002,4693047.0,18.422892,19.353826,20.7305,876.57635,876.56759-876.58512,607600696.666904,22468853.217010498,237,22234506.242414456,99.0,22352004.02271413,99.5,[3.36],"[301.2173, 327.233]",[327.2341],[100.0],"[18.332892 18.342892 18.352892 18.362892 18.372892 18.382892 18.392892
 18.402892 18.412892 18.422892 18.432165 18.441934 18.451378 18.460984
 18.470531 18.480385 18.489958 18.499766 18.509617 18.519217 18.52895
 18.538296 18.548355 18.558626 18.568534 18.578164 18.587727 18.597325
 18.607304 18.617329 18.62713  18.636776 18.646604 18.656428 18.666372
 18.676105 18.685672 18.695236 18.705117 18.715736 18.725304 18.735042
 18.744789 18.75461  18.764637 18.774163 18.78357  18.793311 18.802876
 18.813093 18.822542 18.831951 18.841604 18.851257 18.86114  18.870517
 18.880292 18.890198 18.899727 18.909399 18.918519 18.928034 18.938332
 18.948084 18.957571 18.966769 18.976059 18.985804 18.995714 19.005431
 19.014569 19.023843 19.033539 19.043424 19.053504 19.062639 19.071982
 19.081568 19.091286 19.101473 19.110786 19.120426 19.129954 19.139648
 19.149719 19.159417 19.169162 19.178851 19.18845  19.198548 19.208258
 19.218    19.22758  19.237682 19.247601 19.257203 19.2668   19.276156
 19.286336 19.29619  19.305634 19.315262 19.324667 19.334757 19.344177
 19.353826 19.363475 19.372895 19.382985 19.39239  19.402018 19.411462
 19.421316 19.431496 19.440852 19.450449 19.460051 19.46997  19.480072
 19.489652 19.499394 19.509104 19.519202 19.528801 19.53849  19.548235
 19.557933 19.568004 19.577698 19.587226 19.596866 19.606179 19.616366
 19.626084 19.63567  19.645013 19.654148 19.664228 19.674113 19.683809
 19.693083 19.702221 19.711938 19.721848 19.731593 19.740883 19.750081
 19.759568 19.76932  19.779618 19.789133 19.798253 19.807925 19.817454
 19.82736  19.837135 19.846512 19.856395 19.866048 19.875701 19.88511
 19.894559 19.904776 19.914341 19.924082 19.933489 19.943015 19.953042
 19.962863 19.97261  19.982348 19.991916 20.002535 20.012416 20.02198
 20.031547 20.04128  20.051224 20.061048 20.070876 20.080522 20.090323
 20.100348 20.110327 20.119925 20.129488 20.139118 20.149026 20.159297
 20.169356 20.178702 20.188435 20.198035 20.207886 20.217694 20.227267
 20.237121 20.246668 20.256274 20.265718 20.275487 20.28476  20.29476
 20.30476  20.31476  20.32476  20.33476  20.34476  20.35476  20.36476
 20.37476 ]","[8.76340462e+01 1.10381115e+02 1.38734684e+02 1.73997770e+02
 2.17756273e+02 2.71935576e+02 3.38867361e+02 4.21368256e+02
 5.22832105e+02 2.28850900e+05 2.31844193e+05 2.36515034e+05
 2.43205636e+05 2.51479457e+05 2.61142467e+05 2.71303621e+05
 2.81644267e+05 2.91958419e+05 3.02243843e+05 3.12396950e+05
 3.22300651e+05 3.32051153e+05 3.41796006e+05 3.51107450e+05
 3.60352525e+05 3.68946619e+05 3.76947388e+05 3.83888156e+05
 3.90232447e+05 3.95890849e+05 4.01369415e+05 4.06297429e+05
 4.10495268e+05 4.13670723e+05 4.16189236e+05 4.18252983e+05
 4.20242250e+05 4.23026614e+05 4.27933813e+05 4.36133840e+05
 4.49559337e+05 4.70247831e+05 4.99201813e+05 5.37010854e+05
 5.83569600e+05 6.37947170e+05 7.00415625e+05 7.69322779e+05
 8.44002115e+05 9.22030979e+05 1.00261118e+06 1.08365954e+06
 1.16437360e+06 1.24310509e+06 1.32080854e+06 1.39913366e+06
 1.48041138e+06 1.56899010e+06 1.67026028e+06 1.78742744e+06
 1.92649318e+06 2.08714511e+06 2.27168152e+06 2.47829995e+06
 2.70782793e+06 2.95616224e+06 3.22159202e+06 3.50082414e+06
 3.79682138e+06 4.10523425e+06 4.42774155e+06 4.76233618e+06
 5.10195695e+06 5.44562633e+06 5.79841002e+06 6.16776997e+06
 6.56347639e+06 6.99468243e+06 7.46749908e+06 7.98525351e+06
 8.55143457e+06 9.15891575e+06 9.80538196e+06 1.04847426e+07
 1.11958144e+07 1.19252582e+07 1.26638477e+07 1.33990768e+07
 1.41186529e+07 1.48264138e+07 1.55241356e+07 1.62279513e+07
 1.69317279e+07 1.76370369e+07 1.83229635e+07 1.89789522e+07
 1.96112944e+07 2.02009886e+07 2.07456764e+07 2.12187400e+07
 2.16148946e+07 2.19309111e+07 2.21652244e+07 2.23343333e+07
 2.24345714e+07 2.24693127e+07 2.29691099e+07 2.26273566e+07
 2.22199682e+07 2.18039226e+07 2.13440868e+07 2.08621192e+07
 2.03293186e+07 1.97499269e+07 1.91943394e+07 1.86043434e+07
 1.79965695e+07 1.73534941e+07 1.66859313e+07 1.60441228e+07
 1.53856770e+07 1.47264202e+07 1.40406119e+07 1.33911417e+07
 1.27404801e+07 1.20933540e+07 1.14587854e+07 1.08119163e+07
 1.02027895e+07 9.61863161e+06 9.04369539e+06 8.50480430e+06
 7.93511805e+06 7.41186793e+06 6.91579909e+06 6.45202276e+06
 6.01775173e+06 5.56083355e+06 5.13558171e+06 4.74040660e+06
 4.38263712e+06 4.04922088e+06 3.71515217e+06 3.39572858e+06
 3.10203849e+06 2.84035051e+06 2.59826593e+06 2.36566880e+06
 2.14393998e+06 1.92804194e+06 1.74440390e+06 1.58194185e+06
 1.42336928e+06 1.28017870e+06 1.14420810e+06 1.02208774e+06
 9.15441410e+05 8.13399260e+05 7.23257650e+05 6.41821399e+05
 5.70179015e+05 5.05312100e+05 4.42495672e+05 3.89992222e+05
 3.42229564e+05 3.01082487e+05 2.63942653e+05 2.29304901e+05
 1.99372053e+05 1.73174724e+05 1.50133410e+05 1.30224356e+05
 1.10948572e+05 9.53767822e+04 8.22251020e+04 7.07446154e+04
 6.05862537e+04 5.16040686e+04 4.39470931e+04 3.73463599e+04
 3.17687628e+04 2.68989711e+04 2.26408954e+04 1.90311517e+04
 1.60709350e+04 1.35528744e+04 1.13931073e+04 9.50987638e+03
 7.86805327e+03 6.52087678e+03 5.46614439e+03 4.53960753e+03
 3.77218699e+03 3.11295449e+03 2.56577335e+03 2.12036734e+03
 1.73892765e+03 1.43209715e+03 1.17566986e+03 9.66507684e+02
 7.87631428e+02 6.47337910e+02 5.22832105e+02 4.21368256e+02
 3.38867361e+02 2.71935576e+02 2.17756273e+02 1.73997770e+02
 1.38734684e+02 1.10381115e+02 8.76340462e+01]",1,0.9980709814148696,,22969109.927492004
237,7463,548125.38,17.647511,18.138951,18.422892,876.57642,876.56765-876.58518,34330859.45203682,2432031.8882980347,82,2403151.3173041674,98.8,2194110.6545793856,90.2,[1.27],"[301.2173, 327.233]",[301.21768],[100.0],"[17.627511 17.637511 17.647511 17.656853 17.666171 17.675257 17.68482
 17.694299 17.703732 17.712972 17.722029 17.731276 17.740542 17.750109
 17.759377 17.768454 17.777656 17.78693  17.796754 17.806234 17.815327
 17.824539 17.834184 17.843717 17.853083 17.862657 17.871926 17.88151
 17.891433 17.901185 17.910434 17.919888 17.929222 17.93912  17.94887
 17.958166 17.967632 17.976943 17.98696  17.996164 18.005501 18.0152
 18.024545 18.034291 18.044126 18.053484 18.062841 18.072255 18.082143
 18.091632 18.10103  18.110479 18.119965 18.129517 18.138951 18.148385
 18.157937 18.167423 18.176872 18.18627  18.195759 18.205647 18.215061
 18.224418 18.233776 18.243611 18.253357 18.262702 18.272401 18.281738
 18.290942 18.300959 18.31027  18.319736 18.329032 18.338782 18.34868
 18.358014 18.367468 18.376717 18.386469 18.396392 18.405976 18.415245
 18.424819 18.434185 18.443718 18.453363 18.462575 18.471668 18.481148
 18.490972 18.500246 18.509448 18.518525 18.527793 18.53736  18.546626
 18.555873 18.56493  18.57417  18.583603 18.593082 18.602645 18.611731
 18.621049 18.630391 18.640391 18.650391]","[7.60307202e+01 1.08268591e+02 2.59729599e+04 2.61051197e+04
 2.70309571e+04 2.89983996e+04 3.19159152e+04 3.56978426e+04
 3.98835670e+04 4.42210260e+04 4.84759092e+04 5.27241873e+04
 5.71524055e+04 6.20210548e+04 6.74971645e+04 7.37238170e+04
 8.07099737e+04 8.86546450e+04 9.76932759e+04 1.08069590e+05
 1.19572801e+05 1.32133481e+05 1.45023213e+05 1.57667889e+05
 1.69860402e+05 1.81385328e+05 1.92421959e+05 2.03394767e+05
 2.14667322e+05 2.26336438e+05 2.38945744e+05 2.53116755e+05
 2.69595134e+05 2.90150570e+05 3.15777096e+05 3.47883131e+05
 3.87820636e+05 4.37775119e+05 4.98584534e+05 5.72754645e+05
 6.62445126e+05 7.67514626e+05 8.89161996e+05 1.02671906e+06
 1.17882474e+06 1.34098050e+06 1.50947955e+06 1.67871360e+06
 1.84080866e+06 1.99156379e+06 2.12709474e+06 2.24254654e+06
 2.33357829e+06 2.39711801e+06 2.42891715e+06 2.44885638e+06
 2.31260949e+06 2.17307339e+06 2.03158480e+06 1.88999040e+06
 1.74767058e+06 1.60158025e+06 1.46589226e+06 1.33540706e+06
 1.21018838e+06 1.08509613e+06 9.68369142e+05 8.63648515e+05
 7.62708053e+05 6.73120169e+05 5.92093024e+05 5.12004381e+05
 4.44913268e+05 3.83671772e+05 3.30020391e+05 2.80234743e+05
 2.35997125e+05 1.99626625e+05 1.67608307e+05 1.40533156e+05
 1.16064972e+05 9.49813896e+04 7.78267953e+04 6.38557680e+04
 5.17734845e+04 4.19465734e+04 3.36761613e+04 2.68183957e+04
 2.14651045e+04 1.71445823e+04 1.34923178e+04 1.04668275e+04
 8.19263378e+03 6.39228772e+03 4.97971369e+03 3.83944640e+03
 2.91981857e+03 2.22804806e+03 1.69245508e+03 1.28651962e+03
 9.67653435e+02 7.19711666e+02 5.31678170e+02 3.89596963e+02
 2.88485129e+02 2.10900975e+02 1.53258966e+02 1.08268591e+02
 7.60307202e+01]",1,0.989513004388527,,2448856.381279982
238,9262,2788421.2,21.991264,22.599471,23.053436,878.59137,878.58258-878.60016,243084010.96905166,10113233.34979248,110,9918512.679616043,98.1,7935137.800587734,78.5,[0.36],"[301.2173, 327.233]",[301.21741],[26.56709],"[21.991264 22.001477 22.011654 22.021921 22.031949 22.04258  22.05279
 22.06313  22.072979 22.083134 22.093635 22.103699 22.113935 22.124166
 22.134247 22.144944 22.154899 22.165244 22.175375 22.185692 22.196187
 22.20626  22.215949 22.22612  22.235589 22.246147 22.255871 22.265489
 22.275983 22.285416 22.295752 22.30527  22.314554 22.324478 22.333958
 22.343909 22.353653 22.362697 22.372214 22.382134 22.391917 22.401231
 22.410261 22.419917 22.429932 22.439598 22.448706 22.45785  22.467483
 22.477262 22.486839 22.49605  22.505186 22.514853 22.5242   22.533644
 22.542866 22.552025 22.561747 22.571419 22.58112  22.590372 22.599471
 22.608956 22.618567 22.627875 22.637209 22.646411 22.655853 22.665252
 22.674483 22.683883 22.693031 22.70249  22.711824 22.721058 22.730465
 22.73965  22.749062 22.758414 22.767992 22.777393 22.786591 22.796058
 22.805508 22.815291 22.824659 22.83389  22.843373 22.852991 22.862821
 22.872231 22.881474 22.891036 22.900903 22.910798 22.920188 22.929475
 22.939064 22.948682 22.958543 22.967956 22.977252 22.986963 22.996492
 23.006079 23.015517 23.024811 23.034554 23.043999 23.053436]","[  201926.61533651   200995.52834915   201604.70405584   204153.01518013
   208451.39011395   214137.50041005   220488.34572847   226976.8219506
   233282.25303872   239405.61261901   245345.32144108   251435.36555704
   257650.20154678   264798.13811136   272978.52265904   282751.68505759
   294173.8580369    307512.84431122   323331.61584252   342072.72368617
   364550.06369259   391633.29778674   425155.70542578   466339.86353744
   517219.63075543   578377.73844564   649928.37204542   731464.02496342
   822058.17457114   922235.44141872  1033554.68767941  1158052.3569573
  1300154.73150642  1459005.16910463  1637236.3168174   1832118.66522933
  2041955.5036058   2264745.72428441  2496343.00655795  2736288.11204974
  2989927.35321279  3260674.70919169  3558672.5253942   3885354.97304336
  4241453.96904875  4623985.17687278  5023372.1455529   5428358.39986833
  5831489.32164484  6233980.69656296  6634658.87345111  7034194.84795648
  7431364.26590285  7835986.10666524  8233166.34338702  8621474.9965164
  8991463.29815547  9331060.35568874  9617004.71202962  9844043.51415918
  9998383.37040186 10085482.18686259 10113393.67942092 10084382.98832935
 10002642.73330858  9888871.39765931  9754822.05398882  9610556.77395757
  9448539.92371076  9269828.48445932  9055284.32024989  8796935.00114429
  8496111.52282437  8171023.23429501  7825428.04439061  7473314.91544596
  7122436.14091959  6772158.45320607  6433727.61019089  6104863.82512604
  5783151.91955556  5474062.49607193  5179121.36695308  4898470.5235521
  4636189.05134576  4390855.54922599  4165161.82990752  3955297.58884318
  3757940.53317997  3568510.04984694  3389895.1065895   3214788.24286969
  3052088.04063936  2900295.05832522  2765324.51725374  2649609.93308466
  2549654.70592837  2466860.47430693  2402730.13067126  2353432.86494115
  2318094.39800103  2292876.35015478  2272221.90580295  2253496.97517182
  2234976.56809891  2216237.81996014  2199890.99511746  2184506.34498361
  2171435.72226808  2160095.1252931   2150656.90662521]",,,,10113393.679420918
239,9504,500292.84,23.053436,23.081564,23.306057,878.59149,878.58271-878.60028,30244418.619391695,2184569.4016399384,27,6401.306074311957,0.3,405767.25000283355,18.6,[1.77],"[301.2173, 327.233]",[301.21783],[100.0],"[23.053436 23.062798 23.072138 23.081564 23.091135 23.100525 23.109844
 23.119016 23.128561 23.138163 23.147538 23.156682 23.165936 23.175449
 23.185216 23.194436 23.203613 23.212821 23.222363 23.231896 23.241197
 23.250361 23.259551 23.268955 23.278535 23.287816 23.297001 23.306057]","[2160560.72220797 2169763.5004019  2176922.12365386 2180929.38848782
 2180638.38888243 2176067.80162576 2167691.78065423 2155698.57490062
 2140510.89388156 2122233.91450261 2100192.2272396  2075759.06229101
 2049145.74142864 2019859.0777913  1989149.29908469 1957840.30953521
 1925956.6031952  1896783.79504807 1872273.44134119 1851879.89771263
 1836082.73200804 1823596.40446113 1812673.53298522 1801061.60840051
 1787387.37756839 1771738.07186616 1753946.06045686 1736792.58852653]",,,,2180929.388487824
240,9798,754866.19,23.306057,23.697637,24.4587,878.59174,878.58295-878.60052,109743043.3513483,3326112.5313186646,118,1545521.5908173262,46.5,3009982.017887905,90.5,"[2.48, 4.67]","[301.2173, 327.233]","[301.21805, 327.23453]","[41.00009, 74.54461]","[23.306057 23.315604 23.32524  23.334555 23.343625 23.352853 23.362614
 23.372366 23.381602 23.390801 23.400054 23.409641 23.419378 23.428781
 23.43805  23.447364 23.456683 23.46647  23.475991 23.485379 23.494569
 23.504091 23.513964 23.523562 23.532799 23.542223 23.552005 23.5615
 23.571341 23.580782 23.590261 23.600033 23.609994 23.619973 23.629923
 23.639368 23.648883 23.658997 23.669045 23.678479 23.688023 23.697637
 23.707596 23.717819 23.727778 23.737358 23.746863 23.756987 23.7668
 23.776759 23.786359 23.795759 23.805614 23.815533 23.825311 23.834789
 23.844198 23.854027 23.864001 23.873638 23.883292 23.892866 23.902749
 23.912529 23.922131 23.931753 23.941358 23.951294 23.961099 23.970751
 23.980414 23.989867 23.999973 24.010082 24.019834 24.029404 24.038837
 24.049335 24.059523 24.06917  24.078683 24.088498 24.098568 24.10854
 24.11821  24.127837 24.137534 24.147275 24.157477 24.167585 24.17728
 24.186857 24.196653 24.207178 24.217341 24.226862 24.23645  24.246313
 24.257061 24.267256 24.276845 24.286734 24.296718 24.30719  24.317385
 24.327    24.337142 24.346942 24.357472 24.367684 24.377376 24.387435
 24.397296 24.407821 24.418282 24.42793  24.43813  24.447987 24.4587  ]","[1735489.34637813 1754722.41824983 1777024.66004533 1801684.80672783
 1827743.72461307 1854506.32536776 1881079.8294459  1906461.46935465
 1928376.32971246 1946650.37440202 1961201.87504097 1973034.02826463
 1984953.63870486 1996506.23375421 2008348.50904805 2022134.42608103
 2037183.03056863 2056548.91016511 2079762.19349279 2108674.84664132
 2141338.06548547 2176955.89219647 2217420.41553264 2262868.43860359
 2314416.04296163 2376523.16042548 2449427.15344877 2531814.12070061
 2623780.63553377 2721003.75487178 2817476.39672818 2908007.0746803
 2987361.17001481 3054936.62705257 3111921.9019805  3161948.79611123
 3207817.62111847 3248063.62750627 3283139.04212988 3309749.55866164
 3324026.88890449 3324411.52572199 3309611.20118508 3280088.87795367
 3235444.85563942 3177874.10054627 3109248.74310365 3031900.93475036
 2946764.07463763 2856725.25322175 2764727.89938865 2671368.71608375
 2578941.34796414 2487143.98486709 2395098.30291421 2302553.97448942
 2210139.95960415 2116566.0509406  2021668.58420375 1927471.0333251
 1835166.71728007 1746006.11259595 1660236.58227327 1579251.69817321
 1500294.52727323 1423266.48069179 1347675.98239376 1274329.34474834
 1205546.35993238 1142960.06546889 1086393.87749115 1034595.33762006
  986494.18192344  940962.5361933   898634.19035709  859242.18720855
  824124.5605605   792605.79552002  764124.56406609  738089.86019517
  713733.55321551  691039.77623597  669167.90532713  648243.35549546
  628252.18772419  609256.70136575  591112.68220907  573862.10829591
  557678.51015017  542000.80746424  527127.16624317  512923.92001135
  499427.79950051  486341.49106316  473920.47082338  462179.13962354
  450500.25452206  439068.68144749  427250.77831133  414990.84044859
  402459.27333013  389767.54230133  377702.59917816  366826.31118452
  357783.64264799  350628.55539273  345221.40978576  341207.56780072
  337870.67498333  334980.22378026  332173.9999533   329592.91634098
  326843.98246715  323843.74578605  320572.51298671  316878.86858889
  313052.80967582  309181.16582335  305713.90784784]",,,,3324411.525721988
241,10310,1705432.0,24.4587,25.086758,26.718798,878.59198,878.58319-878.60077,203460888.72638196,7988001.881011963,228,7668187.603684511,96.0,7951099.462612297,99.5,[6.44],"[301.2173, 327.233]",[327.23511],[97.33114],"[24.2887   24.2987   24.3087   24.3187   24.3287   24.3387   24.3487
 24.3587   24.3687   24.3787   24.3887   24.3987   24.4087   24.4187
 24.4287   24.4387   24.4487   24.4587   24.469123 24.478734 24.488971
 24.49898  24.509547 24.520046 24.529676 24.539969 24.549786 24.560246
 24.570661 24.580676 24.590817 24.600737 24.611126 24.621584 24.631668
 24.641825 24.651581 24.661553 24.672022 24.682158 24.692012 24.70186
 24.711544 24.721601 24.731424 24.741177 24.750816 24.76039  24.770296
 24.780259 24.789784 24.799368 24.808895 24.81878  24.828737 24.838196
 24.847866 24.85731  24.866773 24.876441 24.886016 24.895666 24.905019
 24.914428 24.924101 24.933656 24.943746 24.95303  24.962598 24.972182
 24.981567 24.991309 25.000723 25.01032  25.01974  25.029104 25.038874
 25.048327 25.057762 25.067333 25.076893 25.086758 25.096623 25.106183
 25.115754 25.125189 25.134642 25.144412 25.153776 25.163196 25.172793
 25.182207 25.191949 25.201334 25.210918 25.220486 25.22977  25.23986
 25.249415 25.259088 25.268497 25.27785  25.2875   25.297075 25.306743
 25.316206 25.32565  25.33532  25.344779 25.354736 25.364621 25.374148
 25.383732 25.393257 25.40322  25.413126 25.4227   25.432339 25.442092
 25.451915 25.461972 25.471656 25.481504 25.491358 25.501494 25.511963
 25.521935 25.531691 25.541848 25.551932 25.56239  25.572779 25.582699
 25.59284  25.602855 25.61327  25.62373  25.633547 25.64384  25.65347
 25.663969 25.674536 25.684545 25.694782 25.704393 25.714816 25.724816
 25.734816 25.744816 25.754816 25.764816 25.774816 25.784816 25.794816
 25.804816 25.814816 25.824816 25.834816 25.844816 25.854816 25.864816
 25.874816 25.884816]","[9.82936239e+01 1.28219254e+02 1.66732584e+02 2.16135969e+02
 2.79301294e+02 3.59797534e+02 4.62043378e+02 5.91488973e+02
 7.54831278e+02 9.60268001e+02 1.21779549e+03 1.53955638e+03
 1.94024319e+03 2.43756424e+03 3.05277860e+03 3.81130653e+03
 4.74342223e+03 3.05699881e+05 3.09491072e+05 3.14080017e+05
 3.19313122e+05 3.25822666e+05 3.33879076e+05 3.44243511e+05
 3.56840051e+05 3.71981670e+05 3.89331533e+05 4.08822388e+05
 4.30369068e+05 4.53393600e+05 4.77401264e+05 5.02157948e+05
 5.27278542e+05 5.52731513e+05 5.78249595e+05 6.04567986e+05
 6.32282320e+05 6.61966183e+05 6.93350401e+05 7.26781270e+05
 7.60906151e+05 7.95206237e+05 8.28464374e+05 8.61010540e+05
 8.93597432e+05 9.27828510e+05 9.64625372e+05 1.00672132e+06
 1.05525745e+06 1.11359835e+06 1.18351107e+06 1.26622712e+06
 1.36416909e+06 1.47919217e+06 1.61210278e+06 1.76593227e+06
 1.94232343e+06 2.14236717e+06 2.36597654e+06 2.61226809e+06
 2.88099027e+06 3.16953668e+06 3.47491533e+06 3.79551969e+06
 4.12612128e+06 4.46310615e+06 4.80380980e+06 5.14383721e+06
 5.48099306e+06 5.81247880e+06 6.13640604e+06 6.44983556e+06
 6.74759704e+06 7.02324301e+06 7.26710440e+06 7.47482209e+06
 7.64448324e+06 7.77744362e+06 7.87590978e+06 7.94533575e+06
 7.98129984e+06 7.98261711e+06 8.27060801e+06 8.09923677e+06
 7.90850841e+06 7.70321721e+06 7.48192229e+06 7.23855715e+06
 6.99308254e+06 6.73584178e+06 6.46498637e+06 6.19249468e+06
 5.90530643e+06 5.62540425e+06 5.33803026e+06 5.05125924e+06
 4.77462617e+06 4.47739701e+06 4.20063418e+06 3.92641804e+06
 3.66654392e+06 3.41586262e+06 3.16606373e+06 2.92780997e+06
 2.69755561e+06 2.48267890e+06 2.27891588e+06 2.08155806e+06
 1.89966122e+06 1.72011603e+06 1.55387732e+06 1.40480534e+06
 1.26563191e+06 1.13773027e+06 1.01466499e+06 9.02716601e+05
 8.03920218e+05 7.13300909e+05 6.30132086e+05 5.54492569e+05
 4.84927374e+05 4.24928956e+05 3.70404213e+05 3.21868406e+05
 2.77687724e+05 2.37607880e+05 2.04170025e+05 1.75485191e+05
 1.49420563e+05 1.26967777e+05 1.06878989e+05 8.97658644e+04
 7.57496308e+04 6.34779910e+04 5.31430145e+04 4.40290323e+04
 3.63239893e+04 3.02293918e+04 2.48536109e+04 2.06310795e+04
 1.67849187e+04 1.35900714e+04 1.10908618e+04 8.98024866e+03
 7.34378147e+03 5.88503463e+03 4.74342223e+03 3.81130653e+03
 3.05277860e+03 2.43756424e+03 1.94024319e+03 1.53955638e+03
 1.21779549e+03 9.60268001e+02 7.54831278e+02 5.91488973e+02
 4.62043378e+02 3.59797534e+02 2.79301294e+02 2.16135969e+02
 1.66732584e+02 1.28219254e+02 9.82936239e+01]",1,0.9877095682645323,,8270608.007485208
242,5730,2086780.8,13.69105,13.994211,14.657222,882.5658,882.55697-882.57462,120341482.43104795,10497570.657409668,99,10483414.877676897,99.9,10472433.417551642,99.8,[1.17],"[301.2173, 327.233]",[301.21765],[100.0],"[13.689946 13.699946 13.709946 13.719612 13.728795 13.738079 13.74734
 13.757231 13.766684 13.776028 13.785516 13.794744 13.804099 13.813652
 13.82327  13.832782 13.841959 13.851502 13.861312 13.871041 13.880732
 13.889868 13.899586 13.909576 13.919013 13.928447 13.937496 13.946818
 13.956646 13.965955 13.9753   13.98466  13.994211 14.003762 14.013122
 14.022467 14.031776 14.041604 14.050926 14.059975 14.069409 14.078846
 14.088836 14.098554 14.10769  14.117381 14.12711  14.13692  14.146463
 14.15564  14.165152 14.17477  14.184323 14.193678 14.202906 14.212394
 14.221738 14.231191 14.241082 14.250343 14.259627 14.26881  14.278476
 14.288476 14.298476]","[7.16553881e+01 1.56716369e+02 2.29962489e+02 5.09129455e+02
 1.30434548e+03 2.83605793e+03 5.55171632e+03 1.00959276e+04
 1.75796800e+04 2.91426810e+04 4.74740783e+04 7.54293716e+04
 1.18201734e+05 1.81819188e+05 2.74158417e+05 4.07108233e+05
 5.94208972e+05 8.50393342e+05 1.19202510e+06 1.63507537e+06
 2.19003276e+06 2.86462855e+06 3.65200746e+06 4.53285938e+06
 5.48141191e+06 6.45744314e+06 7.42008826e+06 8.32339607e+06
 9.12196388e+06 9.76875696e+06 1.02229067e+07 1.04638070e+07
 1.04834149e+07 1.04720605e+07 1.02430589e+07 9.78894668e+06
 9.14277188e+06 8.29644090e+06 7.38849763e+06 6.45777356e+06
 5.48327325e+06 4.54650504e+06 3.63351105e+06 2.84808079e+06
 2.21387718e+06 1.65409226e+06 1.20377528e+06 8.51725181e+05
 5.93559846e+05 4.09931883e+05 2.72779844e+05 1.76320702e+05
 1.11554245e+05 6.95924996e+04 4.27076568e+04 2.52468394e+04
 1.46959965e+04 8.30187006e+03 4.45244167e+03 2.42660823e+03
 1.29060004e+03 6.75712132e+02 3.33746032e+02 1.56716369e+02
 7.16553881e+01]",1,0.9999871235264204,,10483414.877676897
243,5086,1667363.4,12.109431,12.458384,12.649717,884.54547,884.53663-884.55432,64532890.46187679,7356142.332611084,55,7324911.417948587,99.6,6861902.356055456,93.3,[0.15],"[301.2173, 327.233]",[301.21725],[50.45662],"[12.109431 12.119524 12.129715 12.139358 12.149919 12.159659 12.169611
 12.179641 12.189316 12.199572 12.209179 12.219297 12.229422 12.239119
 12.24904  12.259048 12.268879 12.278971 12.288617 12.298871 12.308792
 12.318545 12.328529 12.338407 12.348689 12.358661 12.368477 12.378957
 12.388922 12.399    12.408975 12.418642 12.428951 12.438829 12.448546
 12.458384 12.468222 12.477939 12.487817 12.498126 12.507793 12.517768
 12.527846 12.537811 12.548291 12.558107 12.568079 12.578361 12.588239
 12.598223 12.607976 12.617897 12.628151 12.637797 12.647889 12.65772
 12.667728 12.677649 12.687346 12.697471 12.707589 12.717196 12.727452
 12.737127]","[3.11037975e+03 5.02850370e+03 7.59151496e+03 1.05114991e+04
 1.37176339e+04 1.66953685e+04 1.97803636e+04 2.28099455e+04
 2.58262626e+04 2.88484371e+04 3.18983041e+04 3.53314118e+04
 3.94710246e+04 4.54813539e+04 5.41474161e+04 6.68561126e+04
 8.66429929e+04 1.16278102e+05 1.61325142e+05 2.29424507e+05
 3.30184230e+05 4.75508296e+05 6.80784188e+05 9.60725553e+05
 1.32947641e+06 1.79713493e+06 2.36755488e+06 3.03315702e+06
 3.77395855e+06 4.55663888e+06 5.33514997e+06 6.05596095e+06
 6.66191448e+06 7.09973268e+06 7.33021136e+06 7.33161431e+06
 7.32486734e+06 7.07735442e+06 6.63917091e+06 6.02031357e+06
 5.33604131e+06 4.57524972e+06 3.80001188e+06 3.06956808e+06
 2.37493498e+06 1.81274517e+06 1.33761654e+06 9.47735118e+05
 6.60660693e+05 4.45347629e+05 2.94354702e+05 1.87611110e+05
 1.14191558e+05 6.95533420e+04 4.01882604e+04 2.28723397e+04
 1.25086235e+04 6.67629992e+03 3.51280297e+03 1.74348304e+03
 8.39613186e+02 4.07803273e+02 1.82975949e+02 8.34681850e+01]",1,0.999869789656121,,7331614.310667285
244,5171,150007.84,12.328529,12.601414,13.155897,886.51794,886.50908-886.52681,11234776.997318802,653035.7199816704,84,652890.7434342941,100.0,652890.7434342941,100.0,"[1.27, 2.99]","[301.2173, 327.233]","[301.21768, 327.23398]","[100.0, 63.14612]","[12.238689 12.248689 12.258689 12.268689 12.278689 12.288689 12.298689
 12.308689 12.318689 12.328689 12.338689 12.348689 12.358661 12.368477
 12.378957 12.388922 12.399    12.408975 12.418642 12.428951 12.438829
 12.448546 12.458384 12.467535 12.477113 12.48679  12.496713 12.506051
 12.515106 12.524668 12.5343   12.543988 12.553495 12.562929 12.57252
 12.582015 12.592088 12.601414 12.61074  12.620813 12.630308 12.639899
 12.649333 12.65884  12.668528 12.67816  12.687722 12.696777 12.706115
 12.716038 12.725715 12.735293 12.744444 12.754282 12.763999 12.773877
 12.784186 12.793853 12.803828 12.813906 12.823871 12.834351 12.844167
 12.854139 12.864139 12.874139 12.884139 12.894139 12.904139 12.914139
 12.924139 12.934139 12.944139 12.954139 12.964139]","[7.52899654e+01 1.30608996e+02 2.22706636e+02 3.73265029e+02
 6.14929774e+02 9.95767198e+02 1.58494496e+03 2.47967424e+03
 3.81328399e+03 5.76405009e+03 8.56407411e+03 4.01270569e+02
 1.34954153e+03 3.45656945e+03 7.63204901e+03 1.51707215e+04
 2.76442318e+04 4.65821999e+04 7.32578576e+04 1.09075932e+05
 1.53952302e+05 2.07446982e+05 2.66990796e+05 3.29329872e+05
 3.90638602e+05 4.46412217e+05 4.94195355e+05 5.32542896e+05
 5.61409388e+05 5.82744041e+05 5.98695111e+05 6.11102581e+05
 6.20952271e+05 6.29588609e+05 6.36943830e+05 6.43745004e+05
 6.49282583e+05 6.52890743e+05 6.23791301e+05 6.49570051e+05
 6.64138203e+05 6.68568391e+05 6.62638993e+05 6.46617080e+05
 6.20674383e+05 5.86444991e+05 5.45644008e+05 5.02285576e+05
 4.54410226e+05 4.01861050e+05 3.50701089e+05 3.01654366e+05
 2.57390493e+05 2.13559302e+05 1.74718507e+05 1.40113402e+05
 1.09309749e+05 8.51793700e+04 6.47492701e+04 4.82337834e+04
 3.54352828e+04 2.51530421e+04 1.79361331e+04 1.25071156e+04
 8.56407411e+03 5.76405009e+03 3.81328399e+03 2.47967424e+03
 1.58494496e+03 9.95767198e+02 6.14929774e+02 3.73265029e+02
 2.22706636e+02 1.30608996e+02 7.52899654e+01]",1,0.9855739637754974,,668568.3912200644
245,7982,458429.75,19.053504,19.373106,19.648302,888.57605,888.56716-888.58494,22077379.484409664,1787261.9510116577,62,1786436.8166030503,100.0,1669867.5400015956,93.4,[2.99],"[301.2173, 327.233]",[327.23398],[97.15134],"[18.93791  18.94791  18.95791  18.96791  18.97791  18.98791  18.99791
 19.00791  19.01791  19.02791  19.03791  19.04791  19.05791  19.06791
 19.07791  19.08791  19.09791  19.09791  19.10778  19.116958 19.126166
 19.13565  19.145169 19.155077 19.164267 19.173449 19.182956 19.192477
 19.202427 19.211605 19.220774 19.23051  19.24005  19.249884 19.259054
 19.268247 19.2778   19.287757 19.297315 19.306634 19.315879 19.32531
 19.334909 19.344711 19.354054 19.363312 19.373106 19.3829   19.392158
 19.401501 19.411303 19.420902 19.430333 19.439578 19.448897 19.458455
 19.468412 19.477965 19.487158 19.496328 19.506162 19.515702 19.525438
 19.534607 19.543785 19.553735 19.563256 19.572763 19.581945 19.591135
 19.601043 19.610562 19.620046 19.629254 19.638432 19.648302 19.648302
 19.658302 19.668302 19.678302 19.688302 19.698302 19.708302 19.718302
 19.728302 19.738302 19.748302 19.758302 19.768302 19.778302 19.788302
 19.798302 19.808302 19.818302]","[1.48718606e+02 2.21274119e+02 3.26439892e+02 4.77510720e+02
 6.92580596e+02 9.96012541e+02 1.42025585e+03 2.00805527e+03
 2.81508835e+03 3.91305265e+03 5.39320150e+03 7.37029541e+03
 9.98689394e+03 1.34178605e+04 1.78748910e+04 2.36108067e+04
 3.09232793e+04 3.09232793e+04 4.00235841e+04 5.04968113e+04
 6.33017992e+04 7.92933995e+04 9.86459278e+04 1.22812666e+05
 1.49372411e+05 1.80347015e+05 2.17552310e+05 2.60491427e+05
 3.11868138e+05 3.65461427e+05 4.25146439e+05 4.95335883e+05
 5.70860205e+05 6.55452604e+05 7.40087739e+05 8.29928280e+05
 9.27769237e+05 1.03347376e+06 1.13720112e+06 1.23904885e+06
 1.33929112e+06 1.43909431e+06 1.53633826e+06 1.62919776e+06
 1.70987625e+06 1.78067645e+06 1.78774200e+06 1.77020355e+06
 1.72469243e+06 1.65488214e+06 1.56718456e+06 1.46834317e+06
 1.36236935e+06 1.25384710e+06 1.14376963e+06 1.03368003e+06
 9.24519369e+05 8.18406672e+05 7.16970357e+05 6.21817868e+05
 5.35375338e+05 4.58046913e+05 3.92084145e+05 3.36094517e+05
 2.89825463e+05 2.51535405e+05 2.20184326e+05 1.94616997e+05
 1.73832725e+05 1.57282673e+05 1.44424412e+05 1.34647059e+05
 1.27219893e+05 1.22084619e+05 1.18800801e+05 1.16949054e+05
 3.09232793e+04 2.36108067e+04 1.78748910e+04 1.34178605e+04
 9.98689394e+03 7.37029541e+03 5.39320150e+03 3.91305265e+03
 2.81508835e+03 2.00805527e+03 1.42025585e+03 9.96012541e+02
 6.92580596e+02 4.77510720e+02 3.26439892e+02 2.21274119e+02
 1.48718606e+02 9.91076750e+01]",1,0.9958171092540025,,1787741.9961102123
246,5960,246058.8,14.154899,14.685953,15.219699,890.51709,890.50818-890.526,36405259.195712954,1689375.612745285,102,1689531.7061433946,100.0,1628697.1142068051,96.4,[4.41],"[301.2173, 327.233]",[301.21863],[5.655],"[13.982207 13.992207 14.002207 14.012207 14.022207 14.032207 14.042207
 14.052207 14.062207 14.072207 14.082207 14.092207 14.102207 14.112207
 14.122207 14.132207 14.142207 14.152207 14.152207 14.161921 14.1714
 14.181315 14.190693 14.200239 14.209761 14.219568 14.22936  14.238793
 14.24847  14.258229 14.268048 14.27827  14.287542 14.297112 14.307072
 14.316579 14.326215 14.33562  14.345004 14.354691 14.363976 14.373931
 14.383351 14.39277  14.402159 14.411689 14.421729 14.431582 14.44105
 14.450964 14.46089  14.470958 14.480595 14.490334 14.500197 14.510148
 14.520343 14.529714 14.539411 14.549364 14.559288 14.569562 14.578897
 14.588872 14.598558 14.608235 14.618118 14.627866 14.637719 14.64719
 14.656582 14.666575 14.676264 14.685953 14.695642 14.705331 14.715324
 14.724716 14.734187 14.74404  14.753788 14.763671 14.773348 14.783034
 14.793009 14.802344 14.812618 14.822542 14.832495 14.842192 14.851563
 14.861758 14.871709 14.881572 14.891311 14.900948 14.911016 14.920942
 14.930856 14.940324 14.950177 14.960217 14.969747 14.979136 14.988555
 14.997975 15.00793  15.017215 15.026902 15.036286 15.045691 15.055327
 15.064834 15.074794 15.084364 15.093636 15.103858 15.113677 15.123436
 15.133113 15.142546 15.152338 15.162145 15.171667 15.181213 15.190591
 15.200506 15.209985 15.219699 15.219699 15.229699 15.239699 15.249699
 15.259699 15.269699 15.279699 15.289699 15.299699 15.309699 15.319699
 15.329699 15.339699 15.349699 15.359699 15.369699 15.379699 15.389699
 15.399699]","[1.14444943e+02 1.46085954e+02 1.85901491e+02 2.35841289e+02
 2.98276725e+02 3.76081048e+02 4.72722298e+02 5.92370312e+02
 7.40019288e+02 9.21627343e+02 1.14427450e+03 1.41634041e+03
 1.74770299e+03 2.14995896e+03 2.63666690e+03 3.22361318e+03
 3.92910048e+03 4.77425822e+03 4.77425822e+03 5.75199018e+03
 6.87949152e+03 8.27150101e+03 9.81901795e+03 1.16594501e+04
 1.38002303e+04 1.63688492e+04 1.93532189e+04 2.26782164e+04
 2.66078017e+04 3.11694234e+04 3.64405998e+04 4.27422484e+04
 4.92586612e+04 5.68699231e+04 6.58453087e+04 7.55152812e+04
 8.65204563e+04 9.85346123e+04 1.11880313e+05 1.27193333e+05
 1.43444898e+05 1.62702135e+05 1.82785095e+05 2.04784147e+05
 2.28725088e+05 2.55180032e+05 2.85502149e+05 3.17799430e+05
 3.51281176e+05 3.88974265e+05 4.29460786e+05 4.73363990e+05
 5.18068792e+05 5.65890715e+05 6.16982801e+05 6.71166051e+05
 7.29306037e+05 7.84959775e+05 8.44616505e+05 9.07828271e+05
 9.72607019e+05 1.04121186e+06 1.10461579e+06 1.17315495e+06
 1.24013385e+06 1.30709248e+06 1.37511024e+06 1.44141186e+06
 1.50718809e+06 1.56881453e+06 1.62796800e+06 1.68831437e+06
 1.74383200e+06 1.68953171e+06 1.68128337e+06 1.66477306e+06
 1.63988994e+06 1.60688922e+06 1.56527215e+06 1.51384920e+06
 1.45257603e+06 1.38204348e+06 1.30412753e+06 1.22095202e+06
 1.13452633e+06 1.04749774e+06 9.61329757e+05 8.79076892e+05
 8.01116416e+05 7.28925689e+05 6.62525250e+05 6.03057469e+05
 5.49367637e+05 5.00912742e+05 4.58006935e+05 4.20240789e+05
 3.87107191e+05 3.57712186e+05 3.32127405e+05 3.09098461e+05
 2.88068711e+05 2.68534502e+05 2.50251724e+05 2.32483400e+05
 2.15610622e+05 1.99534709e+05 1.84643028e+05 1.70838473e+05
 1.57830856e+05 1.45542762e+05 1.34016943e+05 1.23393323e+05
 1.13878577e+05 1.05095141e+05 9.73158976e+04 9.01811509e+04
 8.38133274e+04 7.79351845e+04 7.32370784e+04 6.91105176e+04
 6.59498753e+04 6.36014339e+04 6.22243384e+04 6.14380856e+04
 6.07501613e+04 5.97687797e+04 5.81235040e+04 5.58224260e+04
 5.31994773e+04 4.77425822e+03 3.92910048e+03 3.22361318e+03
 2.63666690e+03 2.14995896e+03 1.74770299e+03 1.41634041e+03
 1.14427450e+03 9.21627343e+02 7.40019288e+02 5.92370312e+02
 4.72722298e+02 3.76081048e+02 2.98276725e+02 2.35841289e+02
 1.85901491e+02 1.46085954e+02 1.14444943e+02 8.93814328e+01]",1,0.9921555175369396,,1743832.0030484246
247,5830,954853.62,13.785516,14.203391,14.666926,890.55585,890.54694-890.56475,48455661.15626867,4029411.9075164795,90,4029144.53571578,100.0,4029144.53571578,100.0,[1.37],"[301.2173, 327.233]",[301.21771],[100.0],"[13.788479 13.79794  13.80728  13.817604 13.827339 13.836479 13.846361
 13.855765 13.865905 13.875342 13.884654 13.894554 13.903927 13.914146
 13.923489 13.932861 13.942226 13.9523   13.962147 13.971362 13.980716
 13.990118 14.000158 14.009895 14.019111 14.028479 14.038255 14.048341
 14.058318 14.067595 14.077452 14.087051 14.097031 14.106871 14.116164
 14.126009 14.135447 14.144997 14.154909 14.164523 14.174045 14.183673
 14.19373  14.203391 14.213052 14.223109 14.232737 14.242259 14.251873
 14.261785 14.271335 14.280773 14.290618 14.299911 14.309751 14.319731
 14.32933  14.339187 14.348464 14.358441 14.368527 14.378303 14.387671
 14.396887 14.406624 14.416664 14.426066 14.43542  14.444635 14.454482
 14.464556 14.473921 14.483293 14.492636 14.502855 14.512228 14.522128
 14.53144  14.540877 14.551017 14.560421 14.570303 14.579443 14.589178
 14.599502 14.608842 14.618303 14.627532 14.637377 14.64741  14.657222]","[1.41594286e+02 2.19663943e+02 3.35712856e+02 5.30743882e+02
 8.08971762e+02 1.19069492e+03 1.79037574e+03 2.61409344e+03
 3.89023298e+03 5.57678119e+03 7.88276354e+03 1.12735583e+04
 1.56671728e+04 2.21914958e+04 3.02127987e+04 4.07897699e+04
 5.45446835e+04 7.37861751e+04 9.81070038e+04 1.26887279e+05
 1.63230273e+05 2.08287250e+05 2.67417530e+05 3.37275102e+05
 4.16238496e+05 5.10713214e+05 6.25963210e+05 7.63986523e+05
 9.20563922e+05 1.08444304e+06 1.27773944e+06 1.48419274e+06
 1.71631565e+06 1.96021767e+06 2.20134349e+06 2.46435210e+06
 2.71943501e+06 2.97553281e+06 3.23345665e+06 3.47007293e+06
 3.68552071e+06 3.87866666e+06 4.04829286e+06 4.02914454e+06
 4.00612578e+06 3.91609608e+06 3.76604447e+06 3.56330054e+06
 3.32258282e+06 3.05375529e+06 2.76901950e+06 2.47688859e+06
 2.18570871e+06 1.90206596e+06 1.63380673e+06 1.38809519e+06
 1.16896832e+06 9.80083071e+05 8.20157667e+05 6.90382460e+05
 5.86735451e+05 5.05822993e+05 4.44154870e+05 3.96846635e+05
 3.60533089e+05 3.31822924e+05 3.08334567e+05 2.88482340e+05
 2.71009976e+05 2.55080153e+05 2.39849239e+05 2.25169721e+05
 2.09944785e+05 1.93734242e+05 1.76679485e+05 1.59682864e+05
 1.43279278e+05 1.27683332e+05 1.12993099e+05 9.87122108e+04
 8.45086706e+04 7.00736876e+04 5.57192773e+04 4.20992841e+04
 2.98017269e+04 1.95132504e+04 1.16528319e+04 6.29118720e+03
 3.03152536e+03 1.24851495e+03 3.60886878e+02]",1,0.9937042227850813,,4048292.8623483125
248,9024,193178.12,21.505614,21.879185,22.246147,890.59198,890.58307-890.60089,16592938.730574278,731463.5358505249,74,685985.6915483291,93.8,549734.9607566029,75.2,[2.8],"[301.2173, 327.233]",[327.23392],[100.0],"[21.325614 21.335614 21.345614 21.355614 21.365614 21.375614 21.385614
 21.395614 21.405614 21.415614 21.425614 21.435614 21.445614 21.455614
 21.465614 21.475614 21.485614 21.495614 21.505614 21.515075 21.524936
 21.534849 21.544347 21.55376  21.563609 21.573545 21.583381 21.592869
 21.6026   21.612645 21.62251  21.632399 21.642129 21.651862 21.661796
 21.671308 21.681199 21.690955 21.701307 21.71103  21.720665 21.730293
 21.740195 21.750357 21.760294 21.769851 21.779564 21.789358 21.799641
 21.809354 21.819119 21.828811 21.838835 21.849489 21.859729 21.869285
 21.879185 21.889085 21.898641 21.908881 21.919535 21.929559 21.939251
 21.949016 21.958729 21.969012 21.978806 21.988519 21.998076 22.008013
 22.018175 22.028077 22.037705 22.04734  22.057063 22.067415 22.077171
 22.087062 22.096574 22.106508 22.116241 22.125971 22.13586  22.145725
 22.15577  22.165501 22.174989 22.184825 22.194761 22.20461  22.214023
 22.223521 22.233434 22.243295 22.252756 22.262756 22.272756 22.282756
 22.292756 22.302756 22.312756 22.322756 22.332756 22.342756 22.352756
 22.362756 22.372756 22.382756 22.392756 22.402756 22.412756 22.422756
 22.432756]","[9.27182169e+01 1.27257616e+02 1.73675000e+02 2.35681583e+02
 3.18015875e+02 4.26684404e+02 5.69245429e+02 7.55139432e+02
 9.96069314e+02 1.30643193e+03 1.70380084e+03 2.20945766e+03
 2.84896657e+03 3.65278270e+03 4.65688095e+03 5.90338692e+03
 7.44118627e+03 9.32648333e+03 4.54962377e+04 4.57605304e+04
 4.66996729e+04 4.85087123e+04 5.10387194e+04 5.43009942e+04
 5.81492999e+04 6.25877527e+04 6.79220814e+04 7.42725937e+04
 8.18863174e+04 9.09108302e+04 1.01431974e+05 1.13447612e+05
 1.27118370e+05 1.42640620e+05 1.60202680e+05 1.80391153e+05
 2.03118566e+05 2.29333201e+05 2.58537296e+05 2.90495028e+05
 3.24751619e+05 3.60918143e+05 3.98211638e+05 4.35532481e+05
 4.72287416e+05 5.08378520e+05 5.42918221e+05 5.74810904e+05
 6.04503756e+05 6.31693368e+05 6.56047241e+05 6.78095275e+05
 6.97012426e+05 7.12177907e+05 7.23195947e+05 7.29634008e+05
 7.31381663e+05 7.36878826e+05 7.27367752e+05 7.13197086e+05
 6.94345808e+05 6.73093100e+05 6.49630307e+05 6.23446887e+05
 5.95245125e+05 5.63479377e+05 5.31825483e+05 4.99496568e+05
 4.67157511e+05 4.33361826e+05 3.99008373e+05 3.66085263e+05
 3.34888069e+05 3.04720239e+05 2.75555137e+05 2.46109071e+05
 2.20016101e+05 1.95304615e+05 1.73252012e+05 1.52038820e+05
 1.33051263e+05 1.15815623e+05 1.00032086e+05 8.59535721e+04
 7.32354602e+04 6.23707186e+04 5.30559377e+04 4.46239426e+04
 3.72577139e+04 3.09847972e+04 2.58458445e+04 2.14144864e+04
 1.75018444e+04 1.42402025e+04 1.16232740e+04 9.32648333e+03
 7.44118627e+03 5.90338692e+03 4.65688095e+03 3.65278270e+03
 2.84896657e+03 2.20945766e+03 1.70380084e+03 1.30643193e+03
 9.96069314e+02 7.55139432e+02 5.69245429e+02 4.26684404e+02
 3.18015875e+02 2.35681583e+02 1.73675000e+02 1.27257616e+02
 9.27182169e+01]",1,0.9964764323283299,,736878.8262006037
249,10626,865992.62,25.292363,25.767467,26.459427,892.60736,892.59843-892.61629,105551949.86903392,3617789.536468506,117,3508923.173677788,97.0,3179767.18716834,87.9,[0.05],"[301.2173, 327.233]",[301.21732],[100.0],"[25.292363 25.302691 25.312428 25.32274  25.332459 25.341905 25.35205
 25.361765 25.371748 25.381362 25.391028 25.401222 25.41079  25.420767
 25.430513 25.4404   25.450291 25.459877 25.470071 25.479631 25.489699
 25.499587 25.509324 25.519426 25.528894 25.539047 25.549847 25.559518
 25.569602 25.579108 25.589416 25.599401 25.608966 25.619235 25.628929
 25.63932  25.648967 25.658554 25.669075 25.678883 25.68896  25.698646
 25.708409 25.718129 25.728088 25.738043 25.748112 25.757751 25.767467
 25.777577 25.787762 25.797904 25.80757  25.817329 25.827647 25.837852
 25.848041 25.857707 25.868055 25.877672 25.887622 25.89788  25.907765
 25.917926 25.927606 25.937684 25.948091 25.957724 25.967944 25.977614
 25.988101 25.998418 26.008249 26.018472 26.028239 26.038563 26.048477
 26.058226 26.068542 26.07824  26.088595 26.098581 26.108725 26.118821
 26.129121 26.138925 26.148951 26.159344 26.16952  26.179565 26.189378
 26.199672 26.210054 26.220169 26.230002 26.239742 26.250022 26.26042
 26.270603 26.280392 26.290131 26.300038 26.310308 26.320571 26.330191
 26.339894 26.349817 26.36019  26.370342 26.379953 26.390064 26.399728
 26.40982  26.41999  26.42953  26.439674 26.449261 26.459427]","[ 106009.4832508   106944.99986876  108111.18739043  109678.88978384
  111573.94586425  113891.02904366  116814.00233722  120726.12019619
  126012.43929144  133211.9386366   143081.67507358  155638.55285261
  171383.64276557  190915.4758218   214459.45872969  242532.33125732
  275672.40979294  314269.20740494  359120.08133701  410845.0684235
  470726.22162455  539539.35984986  618437.0577844   707443.1029142
  806413.28110978  914647.24944515 1031734.68704276 1156754.66497422
 1288792.44656941 1429190.11209636 1577809.98365719 1732599.40998859
 1893554.67450818 2057523.66451953 2221730.98499992 2383601.8054191
 2540883.00397645 2692246.56626587 2835537.25609564 2969829.01331336
 3094684.20903593 3208131.55967648 3309300.14921062 3397384.90176716
 3470727.8406879  3529741.05385079 3574090.94522651 3602340.24504761
 3615849.95167829 3615843.52327085 3603543.81005499 3580896.41776161
 3549385.642499   3509368.96386263 3460730.69276299 3404775.61571831
 3345270.05808042 3283815.70869856 3221434.68419321 3156523.30509718
 3086721.09265027 3009053.94334746 2924255.01753869 2833594.51834705
 2739594.42508007 2644911.78341612 2549034.05324709 2452497.58305958
 2357482.90864144 2264251.74218211 2173696.10941564 2085535.79106067
 2000580.53747074 1918219.04993837 1838251.08095042 1760591.14667564
 1685912.59283073 1612479.58658808 1541684.22768462 1473791.20260077
 1408387.30982337 1346583.95229281 1287201.58979956 1229020.20915305
 1172012.77997298 1116977.15069731 1064343.1230269  1013318.42121024
  964501.37337672  918125.99610689  874056.35722944  833178.02981026
  795648.50443881  760929.41142831  728717.69142629  698721.08594625
  670297.08944681  643301.48002586  618567.26136019  595968.8294637
  575255.02936116  557016.15993211  541312.59699746  528054.48050747
  516451.20209826  505936.4772794   495910.54474742  486551.64398949
  477972.00249799  469918.08355193  462697.53550854  456255.83815645
  450387.81841592  445007.53940255  440066.56189577  435595.18180544
  431663.82018647  428578.45355313]",,,,3615849.9516782877
250,5808,251194.58,13.909576,14.145236,14.560421,894.56616,894.55722-894.57511,14583396.235184133,1211897.6740074158,66,1210819.3831542737,99.9,1210819.3831542737,99.9,[0.56],"[301.2173, 327.233]",[327.23318],[100.0],"[13.639455 13.649455 13.659455 13.669455 13.679455 13.689455 13.699455
 13.709455 13.719455 13.729455 13.739455 13.739455 13.749595 13.759032
 13.768344 13.778244 13.787617 13.797836 13.807179 13.816551 13.825916
 13.83599  13.845837 13.855052 13.864406 13.873808 13.883848 13.893585
 13.902801 13.912169 13.921945 13.932031 13.942008 13.951285 13.961142
 13.970741 13.980721 13.990561 13.999854 14.009699 14.019137 14.028687
 14.038599 14.048213 14.057735 14.067363 14.07742  14.087081 14.096896
 14.106342 14.116142 14.126109 14.135573 14.145236 14.154899 14.164363
 14.17433  14.18413  14.193576 14.203391 14.213052 14.223109 14.232737
 14.242259 14.251873 14.261785 14.271335 14.280773 14.290618 14.299911
 14.309751 14.319731 14.32933  14.339187 14.348464 14.358441 14.368527
 14.378303 14.387671 14.396887 14.406624 14.416664 14.426066 14.43542
 14.444635 14.454482 14.464556 14.473921 14.483293 14.492636 14.502855
 14.512228 14.522128 14.53144  14.540877 14.551017 14.551017 14.561017
 14.571017 14.581017 14.591017 14.601017 14.611017 14.621017 14.631017
 14.641017 14.651017 14.661017]","[1.21021398e+02 1.66480693e+02 2.27767225e+02 3.09916170e+02
 4.19394653e+02 5.64452225e+02 7.55539436e+02 1.00580255e+03
 1.33166191e+03 1.75348022e+03 2.29632530e+03 2.29632530e+03
 3.00179728e+03 3.83238994e+03 4.85378021e+03 6.20742945e+03
 7.79672104e+03 9.94193755e+03 1.23541107e+04 1.52884163e+04
 1.88261374e+04 2.34249662e+04 2.88488913e+04 3.48890111e+04
 4.21144828e+04 5.06407622e+04 6.13316930e+04 7.34637493e+04
 8.67347720e+04 1.02196509e+05 1.20659040e+05 1.42427054e+05
 1.66905368e+05 1.92484174e+05 2.22819009e+05 2.55639957e+05
 2.93328437e+05 3.34138434e+05 3.76047793e+05 4.24005058e+05
 4.73351155e+05 5.26514652e+05 5.84924216e+05 6.44445976e+05
 7.05841998e+05 7.69980199e+05 8.38656992e+05 9.05663043e+05
 9.74118243e+05 1.03969763e+06 1.10668416e+06 1.17290672e+06
 1.23323640e+06 1.21081938e+06 1.20652051e+06 1.18266758e+06
 1.14275669e+06 1.09006683e+06 1.02695867e+06 9.55615342e+05
 8.78470895e+05 7.97631941e+05 7.15292845e+05 6.33871729e+05
 5.56218877e+05 4.85199331e+05 4.21107563e+05 3.65565170e+05
 3.17835977e+05 2.78093998e+05 2.46269506e+05 2.21359119e+05
 2.02303125e+05 1.87822289e+05 1.76713749e+05 1.68120782e+05
 1.61090307e+05 1.54265327e+05 1.47022760e+05 1.38416076e+05
 1.27309523e+05 1.13934137e+05 9.76898056e+04 7.99351550e+04
 6.24821645e+04 4.72583701e+04 3.52174631e+04 2.65620489e+04
 2.04870911e+04 1.57234740e+04 1.14857993e+04 7.81775897e+03
 5.09589943e+03 2.93938285e+03 1.50033485e+03 6.77667993e+02
 2.29632530e+03 1.75348022e+03 1.33166191e+03 1.00580255e+03
 7.55539436e+02 5.64452225e+02 4.19394653e+02 3.09916170e+02
 2.27767225e+02 1.66480693e+02 1.21021398e+02 8.74955780e+01]",1,0.9901620432175611,,1233236.4031510046
251,5158,15364494.0,12.109431,12.57252,13.221511,896.5459,896.53693-896.55486,1130252211.6867085,74890745.11254883,115,74870491.30018727,100.0,74606427.45100181,99.6,"[3.09, 1.59]","[301.2173, 327.233]","[301.21823, 327.23352]","[100.0, 41.86677]","[11.773529 11.783529 11.793529 11.803529 11.813529 11.823529 11.833529
 11.843529 11.853529 11.863529 11.873529 11.883529 11.893529 11.903529
 11.913529 11.923529 11.923529 11.932774 11.942323 11.951301 11.961104
 11.97061  11.979872 11.989143 11.998244 12.008208 12.017783 12.027064
 12.036079 12.045197 12.054494 12.064213 12.073443 12.082432 12.092079
 12.101823 12.111335 12.120637 12.129966 12.139968 12.150157 12.159874
 12.169209 12.178529 12.188601 12.198728 12.208718 12.21793  12.227137
 12.236814 12.246588 12.256019 12.265156 12.274286 12.283827 12.293751
 12.303675 12.312759 12.321848 12.331735 12.341949 12.351322 12.360265
 12.369509 12.379568 12.389576 12.39935  12.408465 12.418227 12.427623
 12.437841 12.44726  12.456396 12.465945 12.475907 12.485952 12.495323
 12.504685 12.51493  12.524655 12.534138 12.543626 12.552952 12.563025
 12.57252  12.582015 12.592088 12.601414 12.610902 12.620385 12.63011
 12.640355 12.649717 12.659088 12.669133 12.679095 12.688644 12.69778
 12.707199 12.717417 12.726813 12.736575 12.74569  12.755464 12.765472
 12.775531 12.784775 12.793718 12.803091 12.813305 12.823192 12.832281
 12.841365 12.851289 12.861213 12.870754 12.879884 12.889021 12.898452
 12.908226 12.917903 12.92711  12.936322 12.946312 12.956439 12.966511
 12.975831 12.985166 12.994883 13.005072 13.015074 13.024403 13.033705
 13.043217 13.052961 13.062608 13.071597 13.080827 13.090546 13.099843
 13.108961 13.117976 13.127257 13.136832 13.146796 13.155897 13.165168
 13.17443  13.183936 13.193739 13.202717 13.212266 13.221511 13.221511
 13.231511 13.241511 13.251511 13.261511 13.271511 13.281511 13.291511
 13.301511 13.311511 13.321511 13.331511 13.341511 13.351511 13.361511
 13.371511 13.381511]","[1.08774750e+02 1.46262978e+02 1.96039465e+02 2.61911988e+02
 3.48794815e+02 4.63006872e+02 6.12643214e+02 8.08035780e+02
 1.06232238e+03 1.39214619e+03 1.81851183e+03 2.36782821e+03
 3.07317311e+03 3.97581926e+03 5.12706727e+03 6.59043638e+03
 6.59043638e+03 8.28864323e+03 1.04730473e+04 1.30144525e+04
 1.64498797e+04 2.05842446e+04 2.55383830e+04 3.16040336e+04
 3.88531718e+04 4.85609964e+04 5.99874199e+04 7.34162694e+04
 8.90958952e+04 1.08075809e+05 1.31235023e+05 1.60290314e+05
 1.93273719e+05 2.31298236e+05 2.79656856e+05 3.37744031e+05
 4.04872996e+05 4.82046725e+05 5.72618194e+05 6.86569931e+05
 8.23267210e+05 9.75871400e+05 1.14577298e+06 1.34115172e+06
 1.58492985e+06 1.86856928e+06 2.19097346e+06 2.53014682e+06
 2.91363852e+06 3.36959498e+06 3.89067089e+06 4.45671120e+06
 5.06967722e+06 5.75093050e+06 6.54208859e+06 7.45748380e+06
 8.47407196e+06 9.49922124e+06 1.06207999e+07 1.19555969e+07
 1.34663973e+07 1.49759288e+07 1.65300792e+07 1.82568088e+07
 2.02778841e+07 2.24381060e+07 2.46928412e+07 2.69246025e+07
 2.94515072e+07 3.20145612e+07 3.49428138e+07 3.77662447e+07
 4.06117343e+07 4.36896859e+07 4.70024669e+07 5.04339333e+07
 5.37032503e+07 5.70199575e+07 6.06882499e+07 6.41876098e+07
 6.75957554e+07 7.09809836e+07 7.42636790e+07 7.77353336e+07
 7.48893480e+07 7.46166951e+07 7.37504704e+07 7.23448295e+07
 7.03930736e+07 6.79103483e+07 6.49024663e+07 6.13805754e+07
 5.74365814e+07 5.31776986e+07 4.87391582e+07 4.42696856e+07
 3.98978364e+07 3.57672883e+07 3.19473162e+07 2.85177348e+07
 2.55129366e+07 2.29131385e+07 2.07077114e+07 1.88572578e+07
 1.72946696e+07 1.59820247e+07 1.48650675e+07 1.38882611e+07
 1.30032505e+07 1.21858605e+07 1.14200055e+07 1.07014160e+07
 1.00223646e+07 9.38363406e+06 8.78086754e+06 8.20756426e+06
 7.66203382e+06 7.13027590e+06 6.62252596e+06 6.13439724e+06
 5.66757667e+06 5.22386961e+06 4.80769249e+06 4.42025156e+06
 4.06298187e+06 3.73644425e+06 3.43640585e+06 3.16088576e+06
 2.90638214e+06 2.66942432e+06 2.44821891e+06 2.24153141e+06
 2.04754930e+06 1.86473886e+06 1.69143844e+06 1.52503280e+06
 1.36634494e+06 1.21549952e+06 1.07454273e+06 9.44344182e+05
 8.24987493e+05 7.18475269e+05 6.23883577e+05 5.42394221e+05
 4.74599544e+05 4.19222837e+05 3.76537643e+05 3.43619373e+05
 3.18639638e+05 3.00151530e+05 2.86774575e+05 2.76816100e+05
 2.69325698e+05 6.59043638e+03 5.12706727e+03 3.97581926e+03
 3.07317311e+03 2.36782821e+03 1.81851183e+03 1.39214619e+03
 1.06232238e+03 8.08035780e+02 6.12643214e+02 4.63006872e+02
 3.48794815e+02 2.61911988e+02 1.96039465e+02 1.46262978e+02
 1.08774750e+02 8.06351773e+01]",1,0.9901798078251423,,77735333.63903975
252,6050,823696.88,14.512228,14.773348,15.248032,898.56085,898.55187-898.56984,56135925.554426394,4296307.4400177,76,4155420.4423066857,96.7,4129829.0245304797,96.1,[0.46],"[301.2173, 327.233]",[327.23285],[53.02133],"[14.382228 14.392228 14.402228 14.412228 14.422228 14.432228 14.442228
 14.452228 14.462228 14.472228 14.482228 14.492228 14.502228 14.512228
 14.522128 14.53144  14.540877 14.551017 14.560421 14.570303 14.579443
 14.589178 14.599502 14.608842 14.618303 14.627532 14.637377 14.64741
 14.657222 14.666926 14.676087 14.685953 14.695642 14.705331 14.715324
 14.724716 14.734187 14.74404  14.753788 14.763671 14.773348 14.783025
 14.792908 14.802656 14.812509 14.82198  14.831372 14.841365 14.851054
 14.860743 14.870609 14.87977  14.889474 14.899286 14.909319 14.919164
 14.928393 14.937854 14.947194 14.957518 14.967253 14.976393 14.986275
 14.995679 15.005819 15.015256 15.024568 15.034468 15.044468 15.054468
 15.064468 15.074468 15.084468 15.094468 15.104468 15.114468 15.124468
 15.134468 15.144468 15.154468 15.164468]","[6.98648960e+01 1.20155873e+02 2.03850256e+02 3.41159753e+02
 5.63228463e+02 9.17258335e+02 1.47359796e+03 2.33532124e+03
 3.65085443e+03 5.63018515e+03 8.56507378e+03 1.28534529e+04
 1.90278091e+04 1.32164054e+05 1.37807131e+05 1.47413680e+05
 1.62316807e+05 1.84402185e+05 2.15276843e+05 2.56340678e+05
 3.09566873e+05 3.76359859e+05 4.58636258e+05 5.57811842e+05
 6.75870701e+05 8.16192032e+05 9.80876645e+05 1.17288259e+06
 1.39471918e+06 1.64552700e+06 1.92341758e+06 2.22498177e+06
 2.54387021e+06 2.87510332e+06 3.20386257e+06 3.51441948e+06
 3.79059798e+06 4.01735128e+06 4.18172239e+06 4.27570783e+06
 4.29410270e+06 4.29579300e+06 4.14627680e+06 3.95202161e+06
 3.71569037e+06 3.45844522e+06 3.18228047e+06 2.87441551e+06
 2.57075387e+06 2.26993907e+06 1.97364993e+06 1.71280308e+06
 1.45571796e+06 1.21897022e+06 1.00295055e+06 8.17261230e+05
 6.66492907e+05 5.34281314e+05 4.24399615e+05 3.24516153e+05
 2.48637430e+05 1.91363945e+05 1.42350513e+05 1.06097581e+05
 7.62422017e+04 5.53562354e+04 3.98851802e+04 2.77867679e+04
 1.90278091e+04 1.28534529e+04 8.56507378e+03 5.63018515e+03
 3.65085443e+03 2.33532124e+03 1.47359796e+03 9.17258335e+02
 5.63228463e+02 3.41159753e+02 2.03850256e+02 1.20155873e+02
 6.98648960e+01]",1,0.9983924862689427,,4295793.00349575
253,5759,740961.88,13.861312,14.012934,14.512228,898.56097,898.55199-898.56996,58563842.297200106,3475801.6866760254,68,2570334.0262693395,73.9,3337164.4400022253,96.0,[0.84],"[301.2173, 327.233]",[327.23328],[37.0642],"[13.24364  13.25364  13.26364  13.27364  13.28364  13.29364  13.30364
 13.31364  13.32364  13.33364  13.34364  13.35364  13.36364  13.37364
 13.38364  13.39364  13.40364  13.41364  13.42364  13.43364  13.44364
 13.45364  13.46364  13.47364  13.48364  13.49364  13.50364  13.51364
 13.51364  13.523013 13.533232 13.542575 13.551947 13.561312 13.571386
 13.581233 13.590448 13.599802 13.609204 13.619244 13.628981 13.638197
 13.647565 13.657341 13.667427 13.677404 13.686681 13.696538 13.706137
 13.716117 13.725957 13.73525  13.745095 13.754533 13.764083 13.773995
 13.783609 13.793131 13.802759 13.812816 13.822477 13.832292 13.841738
 13.851538 13.861505 13.870969 13.880632 13.890021 13.899509 13.909278
 13.918799 13.928169 13.93763  13.947024 13.956577 13.965928 13.975289
 13.984732 13.994126 14.003597 14.012934 14.022271 14.031742 14.041136
 14.050579 14.05994  14.069291 14.078844 14.088238 14.097699 14.107069
 14.11659  14.126359 14.135847 14.145236 14.154899 14.164363 14.17433
 14.18413  14.193576 14.203391 14.213052 14.223109 14.232737 14.242259
 14.251873 14.261785 14.271335 14.280773 14.290618 14.299911 14.309751
 14.319731 14.32933  14.339187 14.348464 14.358441 14.368527 14.378303
 14.387671 14.396887 14.406624 14.416664 14.426066 14.43542  14.444635
 14.454482 14.464556 14.473921 14.483293 14.492636 14.502855 14.512228
 14.512228 14.522228 14.532228 14.542228 14.552228 14.562228 14.572228
 14.582228 14.592228 14.602228 14.612228 14.622228 14.632228 14.642228
 14.652228 14.662228 14.672228 14.682228 14.692228 14.702228 14.712228
 14.722228 14.732228 14.742228 14.752228 14.762228 14.772228 14.782228
 14.792228]","[1.12596059e+02 1.44657952e+02 1.85282623e+02 2.36592144e+02
 3.01189067e+02 3.82253385e+02 4.83656167e+02 6.10092059e+02
 7.67232990e+02 9.61905522e+02 1.20229439e+03 1.49817476e+03
 1.86117575e+03 2.30507758e+03 2.84614461e+03 3.50349604e+03
 4.29951584e+03 5.26030261e+03 6.41615958e+03 7.80212383e+03
 9.45853278e+03 1.14316248e+04 1.37741689e+04 1.65461172e+04
 1.98152723e+04 2.36579574e+04 2.81596790e+04 3.34157650e+04
 3.34157650e+04 3.91210448e+04 4.63148646e+04 5.38931533e+04
 6.25730802e+04 7.24484334e+04 8.45647794e+04 9.80698272e+04
 1.12353394e+05 1.28639833e+05 1.46992980e+05 1.68986978e+05
 1.92887854e+05 2.18033749e+05 2.46300564e+05 2.78914646e+05
 3.16126464e+05 3.56725973e+05 3.98054059e+05 4.45938177e+05
 4.96680491e+05 5.53912281e+05 6.14959754e+05 6.76937884e+05
 7.47271031e+05 8.19266975e+05 8.96693191e+05 9.81904393e+05
 1.06921225e+06 1.16010120e+06 1.25631678e+06 1.36122835e+06
 1.46597846e+06 1.57604763e+06 1.68508603e+06 1.80099461e+06
 1.92126866e+06 2.03716868e+06 2.15662538e+06 2.27318123e+06
 2.39081687e+06 2.51107435e+06 2.62671778e+06 2.73831187e+06
 2.84803962e+06 2.95333910e+06 3.05595367e+06 3.15133016e+06
 3.24110675e+06 3.32523009e+06 3.40187578e+06 3.47145125e+06
 3.47584670e+06 3.45495290e+06 3.40249560e+06 3.32688091e+06
 3.23687401e+06 3.13664130e+06 3.03520635e+06 2.93480086e+06
 2.83872814e+06 2.74727360e+06 2.65734447e+06 2.56554221e+06
 2.46756595e+06 2.36150105e+06 2.24493788e+06 2.11867289e+06
 1.98446655e+06 1.84457165e+06 1.70265748e+06 1.56217215e+06
 1.42702708e+06 1.29667832e+06 1.17397984e+06 1.06022692e+06
 9.55950527e+05 8.63807075e+05 7.83517308e+05 7.14847712e+05
 6.55788907e+05 6.04469104e+05 5.59045381e+05 5.18209486e+05
 4.81221224e+05 4.47946360e+05 4.18230913e+05 3.91881211e+05
 3.69270561e+05 3.49122327e+05 3.30432542e+05 3.12409790e+05
 2.94438741e+05 2.76106308e+05 2.57675569e+05 2.39511130e+05
 2.21827968e+05 2.04968916e+05 1.89421182e+05 1.75572026e+05
 1.63476438e+05 1.53294341e+05 1.45073416e+05 1.38408697e+05
 1.33641443e+05 3.34157650e+04 2.81596790e+04 2.36579574e+04
 1.98152723e+04 1.65461172e+04 1.37741689e+04 1.14316248e+04
 9.45853278e+03 7.80212383e+03 6.41615958e+03 5.26030261e+03
 4.29951584e+03 3.50349604e+03 2.84614461e+03 2.30507758e+03
 1.86117575e+03 1.49817476e+03 1.20229439e+03 9.61905522e+02
 7.67232990e+02 6.10092059e+02 4.83656167e+02 3.82253385e+02
 3.01189067e+02 2.36592144e+02 1.85282623e+02 1.44657952e+02
 1.12596059e+02 8.73730145e+01]",1,0.995654518140899,,3475846.6954142437
254,5626,1034201.1,13.365,13.69105,13.861312,898.5614,898.55242-898.57039,53513702.2220268,5158325.638671875,52,5136630.77092877,99.6,4252096.351407966,82.4,[0.05],"[301.2173, 327.233]",[301.21729],[60.08772],"[13.365    13.374347 13.384569 13.394575 13.404089 13.41424  13.423921
 13.433827 13.443736 13.452982 13.462821 13.472487 13.481989 13.491751
 13.500746 13.510151 13.519864 13.529166 13.538764 13.547882 13.557431
 13.567451 13.577237 13.587002 13.596121 13.606032 13.615347 13.625065
 13.634439 13.643654 13.653033 13.662794 13.672471 13.681857 13.69105
 13.700243 13.709629 13.719306 13.729067 13.738446 13.747661 13.757035
 13.766753 13.776068 13.785979 13.795098 13.804863 13.814649 13.824669
 13.834218 13.843336 13.852934 13.862236 13.871949 13.881354 13.890349
 13.900111 13.909613 13.919279 13.929118 13.938364 13.948273 13.958179
 13.96786  13.978011 13.987525 13.997531 14.007753]","[3.09209851e+04 2.83657133e+04 2.68823955e+04 2.64008766e+04
 2.66390015e+04 2.74261278e+04 2.87104142e+04 3.10795553e+04
 3.50256871e+04 4.15439950e+04 5.05939768e+04 6.28570761e+04
 7.89224080e+04 1.00204905e+05 1.28127800e+05 1.65512915e+05
 2.16590540e+05 2.86935041e+05 3.82292518e+05 5.10733811e+05
 6.77963340e+05 8.90753162e+05 1.15182396e+06 1.46395570e+06
 1.82319124e+06 2.22409459e+06 2.65707063e+06 3.10922452e+06
 3.56367484e+06 4.00067639e+06 4.39838382e+06 4.73135360e+06
 4.97707406e+06 5.12184039e+06 5.15760902e+06 5.12661006e+06
 4.96758320e+06 4.70954914e+06 4.36815178e+06 3.98182487e+06
 3.56580791e+06 3.12501521e+06 2.66891512e+06 2.24882094e+06
 1.83426153e+06 1.49114496e+06 1.16991413e+06 8.97777392e+05
 6.69408089e+05 4.95486300e+05 3.64681518e+05 2.58802913e+05
 1.81964629e+05 1.23361097e+05 8.29650495e+04 5.57182227e+04
 3.54296698e+04 2.23350845e+04 1.36789800e+04 8.12619576e+03
 4.88302509e+03 2.76892354e+03 1.53592901e+03 8.45153188e+02
 4.41592037e+02 2.35295060e+02 1.18707117e+02 5.76468178e+01]",1,0.9997646898987335,,5157609.02055287
255,6827,367376.75,16.312923,16.591009,17.229301,900.57672,900.56772-900.58573,23893430.18425572,1425413.28207016,93,1270283.8444452293,89.1,1424208.4078541545,99.9,[2.99],"[301.2173, 327.233]",[327.23398],[62.12881],"[15.892809 15.902809 15.912809 15.922809 15.932809 15.942809 15.952809
 15.962809 15.962809 15.972663 15.981782 15.990869 16.000009 16.010174
 16.019618 16.028742 16.037953 16.047059 16.056869 16.066732 16.075982
 16.08538  16.094698 16.104945 16.114805 16.124227 16.133835 16.14342
 16.15402  16.164203 16.173523 16.183653 16.19325  16.20365  16.213431
 16.222944 16.233557 16.243381 16.25357  16.263628 16.27323  16.283813
 16.293633 16.303815 16.313798 16.323507 16.333797 16.343494 16.353331
 16.363457 16.3733   16.383519 16.392852 16.402463 16.412453 16.422336
 16.432262 16.441628 16.451481 16.461636 16.471436 16.481593 16.491459
 16.501467 16.511634 16.521536 16.531442 16.541425 16.551449 16.561538
 16.571378 16.581437 16.591009 16.600581 16.61064  16.62048  16.630569
 16.640593 16.650576 16.660482 16.670384 16.680551 16.690559 16.700425
 16.710582 16.720382 16.730537 16.74039  16.749756 16.759682 16.769565
 16.779555 16.789166 16.798499 16.808718 16.818561 16.828687 16.838524
 16.848221 16.858511 16.86822  16.878203 16.888385 16.898205 16.908788
 16.91839  16.928448 16.938637 16.948461 16.959074 16.968587 16.978368
 16.988768 16.998365 17.008495 17.017815 17.027998 17.038598 17.048183
 17.057791 17.067213 17.077073 17.08732  17.096638 17.106036 17.115286
 17.125149 17.134959 17.144065 17.153276 17.1624   17.171844 17.182009
 17.191149 17.200236 17.209355 17.219209 17.219209 17.229209 17.239209
 17.249209 17.259209 17.269209 17.279209 17.289209 17.299209]","[1.00005632e+02 1.26909079e+02 1.60581050e+02 2.02595248e+02
 2.54857594e+02 3.19668074e+02 3.99792197e+02 4.98543118e+02
 4.98543118e+02 6.17920247e+02 7.51817586e+02 9.11897186e+02
 1.10462064e+03 1.36325029e+03 1.65304588e+03 1.98648314e+03
 2.38548232e+03 2.85170781e+03 3.44708908e+03 4.15925956e+03
 4.94755431e+03 5.88655484e+03 6.97565346e+03 8.38280038e+03
 9.97524995e+03 1.17476899e+04 1.38428457e+04 1.62615741e+04
 1.93709405e+04 2.28459474e+04 2.64998539e+04 3.10477365e+04
 3.59747795e+04 4.20728158e+04 4.86079600e+04 5.57869541e+04
 6.48519176e+04 7.43327453e+04 8.53783486e+04 9.76004984e+04
 1.10592708e+05 1.26529877e+05 1.42947159e+05 1.61741426e+05
 1.82030275e+05 2.03632229e+05 2.28644389e+05 2.54300718e+05
 2.82477908e+05 3.13820945e+05 3.46623019e+05 3.83163186e+05
 4.18774944e+05 4.57692916e+05 5.00552301e+05 5.45336394e+05
 5.92647100e+05 6.39359394e+05 6.90570280e+05 7.45434668e+05
 8.00224987e+05 8.58722739e+05 9.16990530e+05 9.77298971e+05
 1.03951427e+06 1.10071861e+06 1.16222312e+06 1.22413353e+06
 1.28585063e+06 1.34711800e+06 1.40565873e+06 1.46385358e+06
 1.42420841e+06 1.42189716e+06 1.40312726e+06 1.36961956e+06
 1.32430165e+06 1.26980922e+06 1.20939661e+06 1.14559736e+06
 1.08021218e+06 1.01432596e+06 9.48055257e+05 8.81595130e+05
 8.14189621e+05 7.46203525e+05 6.78506140e+05 6.13461602e+05
 5.52011961e+05 4.96137069e+05 4.46400055e+05 4.02608594e+05
 3.64535478e+05 3.31124088e+05 3.01718770e+05 2.75774841e+05
 2.52579374e+05 2.31959275e+05 2.13536473e+05 1.97122258e+05
 1.82618090e+05 1.70039609e+05 1.59588737e+05 1.50736343e+05
 1.43425556e+05 1.37098885e+05 1.31367787e+05 1.25685717e+05
 1.19758404e+05 1.13675776e+05 1.07378460e+05 1.01158005e+05
 9.51697679e+04 8.94706745e+04 8.41589043e+04 7.86775764e+04
 7.28248675e+04 6.65026236e+04 5.99202153e+04 5.29852032e+04
 4.62004253e+04 3.95392814e+04 3.34015398e+04 2.76982571e+04
 2.26015874e+04 1.82359922e+04 1.45472926e+04 1.15320997e+04
 9.00550054e+03 6.78822965e+03 4.94365017e+03 3.37181350e+03
 2.13676247e+03 1.21883960e+03 6.62724596e+02 2.63989370e+02
 1.19238147e+02 4.98543118e+02 3.99792197e+02 3.19668074e+02
 2.54857594e+02 2.02595248e+02 1.60581050e+02 1.26909079e+02
 1.00005632e+02 7.85759396e+01]",1,0.9927993426466302,,1463853.579199709
256,10262,926504.25,24.207178,24.905019,26.748599,904.60736,904.59831-904.61641,135742803.88905138,4779957.522384644,256,4638142.055435602,97.0,4753160.850384588,99.4,[2.05],"[301.2173, 327.233]",[327.23233],[100.0],"[24.137178 24.147178 24.157178 24.167178 24.177178 24.187178 24.197178
 24.207178 24.217341 24.226862 24.23645  24.246313 24.257061 24.267256
 24.276845 24.286734 24.296718 24.30719  24.317385 24.327    24.337142
 24.346942 24.357472 24.367684 24.377376 24.387435 24.397296 24.407821
 24.418282 24.42793  24.43813  24.447987 24.4587   24.469123 24.478734
 24.488971 24.49898  24.509547 24.520046 24.529676 24.539969 24.549786
 24.560246 24.570661 24.580676 24.590817 24.600737 24.611126 24.621584
 24.631668 24.641825 24.651581 24.661553 24.672022 24.682158 24.692012
 24.70186  24.711544 24.721601 24.731424 24.741177 24.750816 24.76039
 24.770296 24.780259 24.789784 24.799368 24.808895 24.81878  24.828737
 24.838196 24.847866 24.85731  24.866773 24.876441 24.886016 24.895666
 24.905019 24.914372 24.924022 24.933597 24.943265 24.952728 24.962172
 24.971842 24.981301 24.991258 25.001143 25.01067  25.020254 25.029779
 25.039742 25.049648 25.059222 25.068861 25.078614 25.088437 25.098494
 25.108178 25.118026 25.12788  25.138016 25.148485 25.158457 25.168213
 25.17837  25.188454 25.198912 25.209301 25.219221 25.229362 25.239377
 25.249792 25.260252 25.270069 25.280362 25.289992 25.300491 25.311058
 25.321067 25.331304 25.340915 25.351338 25.362051 25.371908 25.382108
 25.391756 25.402217 25.412742 25.422603 25.432662 25.442354 25.452566
 25.463096 25.472896 25.483038 25.492653 25.502848 25.51332  25.523304
 25.533193 25.542782 25.552977 25.563725 25.573588 25.583176 25.592697
 25.60286  25.61286  25.62286  25.63286  25.64286  25.65286  25.66286
 25.67286 ]","[9.17082899e+01 1.20679862e+02 1.58247993e+02 2.06784893e+02
 2.69262949e+02 3.49390893e+02 4.51776626e+02 1.43157217e+05
 1.42945000e+05 1.42900138e+05 1.43318562e+05 1.44333312e+05
 1.45964507e+05 1.48243785e+05 1.51003393e+05 1.54364419e+05
 1.58641910e+05 1.63736302e+05 1.69602080e+05 1.76186787e+05
 1.83095261e+05 1.89963811e+05 1.96558883e+05 2.02712099e+05
 2.08735130e+05 2.14819180e+05 2.21372437e+05 2.28494903e+05
 2.36180441e+05 2.44584531e+05 2.53184683e+05 2.61798270e+05
 2.70706325e+05 2.79664271e+05 2.89135586e+05 2.99294840e+05
 3.11182265e+05 3.25631302e+05 3.43668546e+05 3.65857927e+05
 3.93228000e+05 4.26131199e+05 4.65212710e+05 5.11293666e+05
 5.64783381e+05 6.26814022e+05 6.98402373e+05 7.80505061e+05
 8.74534674e+05 9.80500091e+05 1.09885309e+06 1.23003625e+06
 1.37401581e+06 1.52838719e+06 1.69225857e+06 1.86260747e+06
 2.03683784e+06 2.21331112e+06 2.39020804e+06 2.56499114e+06
 2.73744637e+06 2.90488597e+06 3.06905999e+06 3.23071623e+06
 3.39339524e+06 3.55884170e+06 3.72442433e+06 3.88837904e+06
 4.04752334e+06 4.19394451e+06 4.32582208e+06 4.44174729e+06
 4.54009045e+06 4.62186593e+06 4.68802657e+06 4.73750706e+06
 4.76974050e+06 4.77956996e+06 4.81882123e+06 4.76325887e+06
 4.69358959e+06 4.60921919e+06 4.51375759e+06 4.40664238e+06
 4.28568707e+06 4.15737462e+06 4.01283086e+06 3.86100422e+06
 3.70807253e+06 3.54892290e+06 3.38669696e+06 3.21398147e+06
 3.04047787e+06 2.87228850e+06 2.70356248e+06 2.53450859e+06
 2.36693164e+06 2.19911362e+06 2.04191929e+06 1.88720657e+06
 1.73820600e+06 1.59154209e+06 1.44755421e+06 1.31781557e+06
 1.19809791e+06 1.08115980e+06 9.72868028e+05 8.68724916e+05
 7.73367660e+05 6.89660530e+05 6.11261991e+05 5.40671633e+05
 4.74123100e+05 4.13942139e+05 3.63158657e+05 3.15443034e+05
 2.75565689e+05 2.36931931e+05 2.02722634e+05 1.74256465e+05
 1.48730683e+05 1.27751572e+05 1.07935176e+05 9.04063572e+04
 7.65315973e+04 6.41810774e+04 5.41566269e+04 4.48827477e+04
 3.70106268e+04 3.07841114e+04 2.54211279e+04 2.10687380e+04
 1.72249871e+04 1.39409439e+04 1.14097784e+04 9.24029084e+03
 7.54061866e+03 6.05710889e+03 4.81826746e+03 3.86004429e+03
 3.08825841e+03 2.47943001e+03 1.95626517e+03 1.51777316e+03
 1.19815738e+03 9.48995529e+02 7.50475837e+02 5.82120814e+02
 4.51776626e+02 3.49390893e+02 2.69262949e+02 2.06784893e+02
 1.58247993e+02 1.20679862e+02 9.17082899e+01]",1,0.9952163174722957,,4818821.232929315
257,10776,170068.19,25.817329,26.220169,27.424938,906.62256,906.61349-906.63162,20235445.902312405,707698.0896339417,159,607308.0660619707,85.8,676215.9392039285,95.6,[0.55],"[301.2173, 327.233]",[327.23282],[100.0],"[25.407329 25.417329 25.427329 25.437329 25.447329 25.457329 25.467329
 25.477329 25.487329 25.497329 25.507329 25.517329 25.527329 25.537329
 25.547329 25.557329 25.567329 25.577329 25.587329 25.597329 25.607329
 25.617329 25.627329 25.637329 25.647329 25.657329 25.667329 25.677329
 25.687329 25.697329 25.707329 25.717329 25.727329 25.737329 25.747329
 25.757329 25.767329 25.777329 25.787329 25.797329 25.807329 25.817329
 25.827647 25.837852 25.848041 25.857707 25.868055 25.877672 25.887622
 25.89788  25.907765 25.917926 25.927606 25.937684 25.948091 25.957724
 25.967944 25.977614 25.988101 25.998418 26.008249 26.018472 26.028239
 26.038563 26.048477 26.058226 26.068542 26.07824  26.088595 26.098581
 26.108725 26.118821 26.129121 26.138925 26.148951 26.159344 26.16952
 26.179565 26.189378 26.199672 26.210054 26.220169 26.230284 26.240666
 26.25096  26.260773 26.270818 26.280994 26.291387 26.301413 26.311217
 26.321517 26.331613 26.341757 26.351743 26.362098 26.371796 26.382112
 26.391861 26.401775 26.412099 26.421866 26.432089 26.44192  26.452237
 26.462724 26.472394 26.482614 26.492247 26.502654 26.512732 26.522412
 26.532573 26.542458 26.552716 26.562666 26.572283 26.582631 26.592297
 26.602486 26.612691 26.623009 26.633009 26.643009 26.653009 26.663009
 26.673009 26.683009 26.693009 26.703009 26.713009 26.723009 26.733009
 26.743009 26.753009 26.763009 26.773009 26.783009 26.793009 26.803009
 26.813009 26.823009 26.833009 26.843009 26.853009 26.863009 26.873009
 26.883009 26.893009 26.903009 26.913009 26.923009 26.933009 26.943009
 26.953009 26.963009 26.973009 26.983009 26.993009 27.003009 27.013009
 27.023009 27.033009]","[9.39247161e+01 1.13932261e+02 1.37917710e+02 1.66609537e+02
 2.00856632e+02 2.41645656e+02 2.90120426e+02 3.47603483e+02
 4.15619992e+02 4.95924127e+02 5.90528067e+02 7.01733724e+02
 8.32167309e+02 9.84816806e+02 1.16307240e+03 1.37076986e+03
 1.61223684e+03 1.89234202e+03 2.21654689e+03 2.59096002e+03
 3.02239344e+03 3.51842082e+03 4.08743693e+03 4.73871779e+03
 5.48248085e+03 6.32994447e+03 7.29338559e+03 8.38619482e+03
 9.62292758e+03 1.10193502e+04 1.25924795e+04 1.43606143e+04
 1.63433575e+04 1.85616269e+04 2.10376535e+04 2.37949642e+04
 2.68583488e+04 3.02538091e+04 3.40084871e+04 3.81505726e+04
 4.27091873e+04 9.84952289e+04 9.91376216e+04 1.00167060e+05
 1.01812855e+05 1.04314214e+05 1.07466076e+05 1.11280980e+05
 1.15503220e+05 1.19996202e+05 1.24760123e+05 1.30108167e+05
 1.36107711e+05 1.43167286e+05 1.51423270e+05 1.61192666e+05
 1.72536403e+05 1.85588434e+05 2.00653497e+05 2.17787391e+05
 2.37113372e+05 2.58963792e+05 2.82763798e+05 3.08420238e+05
 3.35792035e+05 3.64056809e+05 3.92784600e+05 4.21477281e+05
 4.49950926e+05 4.77693944e+05 5.05035082e+05 5.31785290e+05
 5.58003049e+05 5.83698303e+05 6.08877624e+05 6.32811638e+05
 6.54445486e+05 6.73060542e+05 6.87806646e+05 6.98183182e+05
 7.04878956e+05 7.07453027e+05 7.27986738e+05 7.05620291e+05
 6.82625752e+05 6.60062570e+05 6.36430929e+05 6.12056732e+05
 5.86834162e+05 5.62302326e+05 5.38228229e+05 5.12951800e+05
 4.88292940e+05 4.63730182e+05 4.39846723e+05 4.15477780e+05
 3.93093610e+05 3.69818893e+05 3.48389614e+05 3.27213835e+05
 3.05871086e+05 2.86384142e+05 2.66754502e+05 2.48642993e+05
 2.30463687e+05 2.12868193e+05 1.97440097e+05 1.81967288e+05
 1.68163822e+05 1.54094549e+05 1.41292547e+05 1.29743130e+05
 1.18388237e+05 1.08075659e+05 9.81139118e+04 8.91447956e+04
 8.10987419e+04 7.30948162e+04 6.62016742e+04 5.95141201e+04
 5.33787812e+04 4.77142446e+04 4.27091873e+04 3.81505726e+04
 3.40084871e+04 3.02538091e+04 2.68583488e+04 2.37949642e+04
 2.10376535e+04 1.85616269e+04 1.63433575e+04 1.43606143e+04
 1.25924795e+04 1.10193502e+04 9.62292758e+03 8.38619482e+03
 7.29338559e+03 6.32994447e+03 5.48248085e+03 4.73871779e+03
 4.08743693e+03 3.51842082e+03 3.02239344e+03 2.59096002e+03
 2.21654689e+03 1.89234202e+03 1.61223684e+03 1.37076986e+03
 1.16307240e+03 9.84816806e+02 8.32167309e+02 7.01733724e+02
 5.90528067e+02 4.95924127e+02 4.15619992e+02 3.47603483e+02
 2.90120426e+02 2.41645656e+02 2.00856632e+02 1.66609537e+02
 1.37917710e+02 1.13932261e+02 9.39247161e+01]",1,0.9883214429792464,,727986.7383265529
258,6298,1902514.5,15.026902,15.344285,16.254212,908.5816,908.57252-908.59069,125889966.16485962,10838976.658294678,127,10836563.43751864,100.0,10815995.765888182,99.8,[3.83],"[301.2173, 327.233]",[327.23425],[100.0],"[14.914043 14.923342 14.932638 14.941616 14.951317 14.960677 14.970544
 14.980589 14.989583 14.998609 15.008201 15.017863 15.028052 15.037064
 15.046736 15.055767 15.065637 15.07528  15.08425  15.094103 15.103488
 15.113643 15.123199 15.132434 15.142113 15.151472 15.161631 15.171165
 15.180678 15.190451 15.200171 15.209711 15.219232 15.228747 15.238467
 15.248136 15.257625 15.267172 15.277096 15.286753 15.29611  15.305458
 15.315283 15.325164 15.334925 15.344285 15.353645 15.363406 15.373287
 15.383112 15.39246  15.401817 15.411474 15.421398 15.430945 15.440434
 15.450103 15.459823 15.469338 15.478859 15.488399 15.498119 15.507892
 15.517405 15.526939 15.537098 15.546457 15.556136 15.565371 15.574927
 15.585082 15.594467 15.60432  15.61329  15.622933 15.632803 15.641834
 15.651506 15.660518 15.670707 15.680369 15.689961 15.698987 15.707981
 15.718026 15.727893 15.737253 15.746954 15.755932 15.765228 15.774527
 15.783969 15.793078 15.802086 15.811286 15.82074  15.830336 15.83946
 15.848477 15.857755 15.867303 15.876908 15.886085 15.895125 15.904679
 15.914452 15.923745 15.932966 15.942019 15.951729 15.961074 15.97032
 15.979962 15.989065 15.998757 16.008127 16.017401 16.026796 16.035917
 16.045511 16.054918 16.064179 16.073597 16.082751 16.09234  16.101927
 16.111238 16.120666 16.12987  16.139588 16.149393 16.158779 16.168272
 16.177532 16.186954 16.196805 16.206247 16.215824 16.225206 16.234678
 16.244678 16.254212]","[1.23580711e+02 1.96513367e+02 3.09459965e+02 4.75464812e+02
 7.48664436e+02 1.14875538e+03 1.78512918e+03 2.76533091e+03
 4.05332998e+03 5.89589286e+03 8.69341007e+03 1.27227231e+04
 1.87983014e+04 2.62968797e+04 3.73261620e+04 5.12829233e+04
 7.18215932e+04 9.87734516e+04 1.31627128e+05 1.78590684e+05
 2.36444256e+05 3.16823701e+05 4.12926469e+05 5.28302412e+05
 6.77060223e+05 8.52153226e+05 1.08185771e+06 1.33943883e+06
 1.64099214e+06 2.00059820e+06 2.41091745e+06 2.86601346e+06
 3.37173040e+06 3.92662800e+06 4.54054952e+06 5.19218302e+06
 5.86311138e+06 6.55920189e+06 7.29194016e+06 7.99912859e+06
 8.66378425e+06 9.29238363e+06 9.89830989e+06 1.04342394e+07
 1.08758677e+07 1.08365634e+07 1.07715955e+07 1.05194425e+07
 1.01037753e+07 9.55369146e+06 8.89714067e+06 8.16654929e+06
 7.39103331e+06 6.60051325e+06 5.81402108e+06 5.05446852e+06
 4.33901684e+06 3.68135154e+06 3.09509835e+06 2.58830913e+06
 2.16395498e+06 1.81970842e+06 1.54522199e+06 1.33035910e+06
 1.16477755e+06 1.03629039e+06 9.37550416e+05 8.59388687e+05
 7.96471552e+05 7.44351397e+05 6.98586296e+05 6.56201883e+05
 6.15647960e+05 5.74672538e+05 5.32843979e+05 4.89912912e+05
 4.47203748e+05 4.05301605e+05 3.64613556e+05 3.26227266e+05
 2.90344154e+05 2.56983064e+05 2.26452089e+05 1.98537773e+05
 1.73704038e+05 1.52427111e+05 1.34265607e+05 1.18821575e+05
 1.06097012e+05 9.55399225e+04 8.68739557e+04 7.99223734e+04
 7.48767036e+04 7.09921109e+04 6.83079883e+04 6.57566808e+04
 6.34798243e+04 6.09367968e+04 5.82110651e+04 5.50276224e+04
 5.18413479e+04 4.90094308e+04 4.66107091e+04 4.45760972e+04
 4.28432977e+04 4.15770118e+04 4.03769631e+04 3.94120854e+04
 3.86200515e+04 3.80069734e+04 3.77862503e+04 3.76237408e+04
 3.74251636e+04 3.71383741e+04 3.68306118e+04 3.62396789e+04
 3.55193646e+04 3.48738771e+04 3.42048755e+04 3.35491829e+04
 3.27883210e+04 3.22447536e+04 3.17822078e+04 3.14819962e+04
 3.11715546e+04 3.08541293e+04 3.03914351e+04 2.98946930e+04
 2.92567983e+04 2.84181690e+04 2.76636193e+04 2.68851860e+04
 2.61203144e+04 2.54691987e+04 2.50435108e+04 2.47107924e+04
 2.42105392e+04 2.35100680e+04 2.26044790e+04 2.17886308e+04
 2.12872425e+04 2.13081145e+04]",1,0.9951932063577094,,10875867.722282477
259,5614,515903.81,13.052961,13.69105,14.492636,910.56097,910.55187-910.57008,32088665.518403657,2754998.5949401855,117,2755007.0298382775,100.0,2755007.0298382775,100.0,[0.1],"[301.2173, 327.233]",[327.23303],[74.06878],"[13.062369 13.072349 13.082189 13.091482 13.101327 13.110765 13.120315
 13.130227 13.139841 13.149363 13.158991 13.169048 13.178709 13.188524
 13.19797  13.20777  13.217737 13.227201 13.236864 13.246253 13.255741
 13.26551  13.275031 13.284401 13.293862 13.303256 13.312809 13.32216
 13.331521 13.340964 13.350358 13.359829 13.369166 13.378525 13.387889
 13.39744  13.4068   13.416145 13.425454 13.435282 13.444604 13.453653
 13.463087 13.472524 13.482514 13.492232 13.501368 13.511059 13.520788
 13.530598 13.540141 13.549318 13.55883  13.568448 13.578001 13.587356
 13.596584 13.606072 13.615416 13.624869 13.63476  13.644021 13.653305
 13.662488 13.672154 13.681621 13.69105  13.700479 13.709946 13.719612
 13.728795 13.738079 13.74734  13.757231 13.766684 13.776028 13.785516
 13.794744 13.804099 13.813652 13.82327  13.832782 13.841959 13.851502
 13.861312 13.871041 13.880732 13.889868 13.899586 13.909576 13.919013
 13.928447 13.937496 13.946818 13.956646 13.965955 13.9753   13.98466
 13.994211 14.003575 14.012934 14.022271 14.031742 14.041136 14.050579
 14.05994  14.069291 14.078844 14.088238 14.097699 14.107069 14.11659
 14.126359 14.135847 14.145236 14.154899 14.164363 14.17433  14.18413
 14.193576 14.203391 14.213052 14.223109 14.232737 14.242259 14.251873
 14.261785 14.271335 14.280773 14.290618 14.299911 14.309751 14.319731
 14.32933  14.339187 14.348464 14.358441 14.368527 14.378303 14.387671
 14.396887 14.406624 14.416664 14.426066 14.43542  14.444635 14.454482
 14.464556 14.473921 14.483293]","[1.10989753e+02 1.40258079e+02 1.76263892e+02 2.18265757e+02
 2.73131108e+02 3.37919168e+02 4.18250912e+02 5.20713693e+02
 6.42618591e+02 7.89794954e+02 9.70828465e+02 1.20161616e+03
 1.47157071e+03 1.80399523e+03 2.19001210e+03 2.67215886e+03
 3.26405104e+03 3.93857244e+03 4.76106351e+03 5.71256822e+03
 6.85314347e+03 8.24785191e+03 9.85878072e+03 1.17269196e+04
 1.39436992e+04 1.65251806e+04 1.95997305e+04 2.31150839e+04
 2.72103426e+04 3.20108712e+04 3.75493417e+04 4.40123021e+04
 5.13670099e+04 5.98508191e+04 6.95996597e+04 8.10105809e+04
 9.38134406e+04 1.08393850e+05 1.24918483e+05 1.44789058e+05
 1.66204863e+05 1.89652609e+05 2.17186587e+05 2.48214817e+05
 2.85260736e+05 3.25870773e+05 3.68568552e+05 4.19101606e+05
 4.75758164e+05 5.39442163e+05 6.08256994e+05 6.81338727e+05
 7.64788270e+05 8.57729896e+05 9.59178783e+05 1.06794820e+06
 1.18495703e+06 1.31592627e+06 1.45606916e+06 1.60971485e+06
 1.78389605e+06 1.95998834e+06 2.14966407e+06 2.35069328e+06
 2.57717860e+06 2.81421360e+06 2.75500703e+06 2.73204076e+06
 2.65542597e+06 2.52968831e+06 2.36242564e+06 2.16370201e+06
 1.94594746e+06 1.72188867e+06 1.50299748e+06 1.29847252e+06
 1.11428084e+06 9.53089787e+05 8.15161638e+05 6.99818557e+05
 6.03338729e+05 5.23904151e+05 4.59543315e+05 4.08779376e+05
 3.68886760e+05 3.38192736e+05 3.15545503e+05 2.99431970e+05
 2.88287029e+05 2.81247930e+05 2.76308750e+05 2.72042067e+05
 2.67521161e+05 2.61888097e+05 2.54974701e+05 2.46139245e+05
 2.35307598e+05 2.22252492e+05 2.07361503e+05 1.91408630e+05
 1.75090307e+05 1.58912438e+05 1.43686128e+05 1.29782911e+05
 1.17258043e+05 1.06024464e+05 9.58627516e+04 8.64221584e+04
 7.76653552e+04 6.95834551e+04 6.22818193e+04 5.57283790e+04
 4.99067669e+04 4.47407590e+04 4.03635704e+04 3.66861467e+04
 3.38543569e+04 3.16590183e+04 2.99708936e+04 2.86528577e+04
 2.75634351e+04 2.65743201e+04 2.56113515e+04 2.46426245e+04
 2.37753192e+04 2.30146170e+04 2.23639880e+04 2.19332871e+04
 2.15241683e+04 2.07932766e+04 1.97158676e+04 1.81041663e+04
 1.60787089e+04 1.38665200e+04 1.18698884e+04 1.01700662e+04
 8.78314019e+03 7.82094346e+03 7.28087185e+03 7.06591902e+03
 7.00441288e+03 6.82385654e+03 6.21477780e+03 5.24240662e+03
 4.03991668e+03 2.74198712e+03 1.70394351e+03 9.40296419e+02
 4.60727075e+02 1.41341201e+02]",1,0.9833362384807283,,2814213.599676105
260,2875,246861.69,6.3638609,6.9098623,7.0721469,912.54095,912.53183-912.55008,8200440.953698163,532430.6258864403,59,532334.153378489,100.0,208696.97782460926,39.2,"[0.56, 0.65]","[301.2173, 327.233]","[301.21747, 327.23279]","[8.6604, 5.62333]","[6.4672763 6.4775035 6.4883702 6.4990943 6.5093827 6.519231  6.5295534
 6.5403492 6.5510065 6.5608201 6.5709873 6.5819623 6.5927255 6.6034269
 6.6138797 6.6247089 6.6350863 6.645761  6.6566473 6.6663655 6.6768047
 6.6875962 6.6981852 6.7085369 6.7180181 6.7281051 6.7387805 6.7491352
 6.7590989 6.768578  6.7785703 6.789043  6.7994706 6.8094051 6.8188926
 6.8288485 6.8389686 6.8493301 6.8593131 6.8687936 6.8789739 6.8897597
 6.899876  6.9098623 6.9198486 6.9299649 6.9407507 6.950931  6.9604115
 6.9703945 6.980756  6.9908761 7.000832  7.0103195 7.020254  7.0306816
 7.0411543 7.0511466 7.0606257 7.0705894 7.0809441 7.0916195 7.1017065
 7.1111877 7.1215394 7.1321284 7.1429199 7.1533591 7.1630773 7.1739636
 7.1846383 7.1950157 7.2058449 7.2162977 7.2269991 7.2377623 7.2487373
 7.2589045 7.2687181 7.2793754 7.2901712 7.3004936 7.3103419 7.3206303
 7.3313544 7.3422211 7.3524483]","[3.88754580e+01 8.60689969e+01 2.04328744e+02 3.71387212e+02
 6.31214030e+02 9.81222706e+02 1.42897630e+03 1.91617958e+03
 2.48775947e+03 3.15030195e+03 3.96693493e+03 4.96689951e+03
 6.18028853e+03 7.70454132e+03 9.62166484e+03 1.21662155e+04
 1.54440285e+04 1.97962861e+04 2.54830722e+04 3.27941760e+04
 4.20363870e+04 5.33414191e+04 6.68844453e+04 8.26252615e+04
 1.00901595e+05 1.21604087e+05 1.44555476e+05 1.69397195e+05
 1.95673114e+05 2.22832265e+05 2.50251388e+05 2.77782427e+05
 3.05444922e+05 3.32949080e+05 3.60754585e+05 3.88620966e+05
 4.16160389e+05 4.43121213e+05 4.68656508e+05 4.91376948e+05
 5.09952062e+05 5.23423808e+05 5.30889672e+05 5.32334153e+05
 5.29004808e+05 5.20983859e+05 5.07506121e+05 4.90476546e+05
 4.71250652e+05 4.47973019e+05 4.21103676e+05 3.92817472e+05
 3.63632524e+05 3.35109437e+05 3.05036439e+05 2.73799175e+05
 2.43291282e+05 2.15410253e+05 1.90367900e+05 1.65758165e+05
 1.42225066e+05 1.20261683e+05 1.01693038e+05 8.61556665e+04
 7.12429120e+04 5.80857499e+04 4.66973638e+04 3.74432575e+04
 3.02228862e+04 2.35412028e+04 1.82402970e+04 1.40976213e+04
 1.06659549e+04 8.06887619e+03 6.00368393e+03 4.41434156e+03
 3.19246794e+03 2.34227583e+03 1.72218372e+03 1.22143176e+03
 8.53677137e+02 6.00307982e+02 4.25286614e+02 2.93995410e+02
 1.98108299e+02 1.31432059e+02 8.84838806e+01]",1,0.9997314070852702,,532334.153378489
261,5250,569283.5,12.318545,12.823192,13.250141,912.57635,912.56723-912.58548,32706052.853591513,2822790.7482681274,71,2822507.207204485,100.0,2812074.3952622972,99.6,[2.58],"[301.2173, 327.233]",[301.21808],[100.0],"[12.296243 12.306243 12.316243 12.326243 12.336243 12.346243 12.356243
 12.366243 12.376243 12.386243 12.396243 12.396243 12.405244 12.41533
 12.424873 12.434118 12.443667 12.452645 12.462448 12.471954 12.481216
 12.490487 12.499588 12.509552 12.519127 12.528408 12.537423 12.546541
 12.555838 12.565557 12.574787 12.583776 12.593423 12.603167 12.612679
 12.621981 12.63131  12.641312 12.651501 12.661218 12.670553 12.679873
 12.689945 12.700072 12.710062 12.719274 12.728481 12.738158 12.747932
 12.757363 12.7665   12.77563  12.785171 12.795095 12.805019 12.814103
 12.823192 12.832281 12.841365 12.851289 12.861213 12.870754 12.879884
 12.889021 12.898452 12.908226 12.917903 12.92711  12.936322 12.946312
 12.956439 12.966511 12.975831 12.985166 12.994883 13.005072 13.015074
 13.024403 13.033705 13.043217 13.052961 13.062608 13.071597 13.080827
 13.090546 13.099843 13.108961 13.117976 13.127257 13.136832 13.146796
 13.155897 13.165168 13.17443  13.183936 13.193739 13.202717 13.212266
 13.221511 13.231054 13.24114  13.250141 13.250141 13.260141 13.270141
 13.280141 13.290141 13.300141 13.310141 13.320141 13.330141 13.340141
 13.350141 13.360141]","[1.00353241e+02 1.39744052e+02 1.93579990e+02 2.66755141e+02
 3.65670846e+02 4.98646846e+02 6.76427132e+02 9.12796918e+02
 1.22532844e+03 1.63627413e+03 2.17362599e+03 2.17362599e+03
 2.79413740e+03 3.68356009e+03 4.76097249e+03 6.07670861e+03
 7.78188117e+03 9.77655243e+03 1.24824357e+04 1.57438275e+04
 1.96497288e+04 2.44197970e+04 3.00950483e+04 3.76437625e+04
 4.64481510e+04 5.66827290e+04 6.84823130e+04 8.25588992e+04
 9.94479614e+04 1.20225009e+05 1.43304110e+05 1.69304485e+05
 2.01527300e+05 2.39117330e+05 2.81213665e+05 3.28032176e+05
 3.81077842e+05 4.45254137e+05 5.18950653e+05 5.97534129e+05
 6.81034529e+05 7.72514667e+05 8.80723141e+05 9.99439166e+05
 1.12627534e+06 1.25164139e+06 1.38471862e+06 1.53251500e+06
 1.68937888e+06 1.84715815e+06 2.00513036e+06 2.16699003e+06
 2.33917520e+06 2.52002258e+06 2.70088295e+06 2.86480646e+06
 2.82250721e+06 2.80445632e+06 2.74002522e+06 2.63269031e+06
 2.48783636e+06 2.31416086e+06 2.12014807e+06 1.91416711e+06
 1.70858603e+06 1.50926949e+06 1.32190074e+06 1.15156648e+06
 9.99495956e+05 8.68423046e+05 7.57055746e+05 6.64860607e+05
 5.91164350e+05 5.32588976e+05 4.86154129e+05 4.48419828e+05
 4.15631865e+05 3.86479766e+05 3.58363195e+05 3.30594745e+05
 3.03122693e+05 2.75686729e+05 2.48199425e+05 2.20842110e+05
 1.93587027e+05 1.66973796e+05 1.41581605e+05 1.18267888e+05
 9.76410259e+04 8.01640131e+04 6.61009458e+04 5.50122055e+04
 4.59181139e+04 3.86170714e+04 3.19001644e+04 2.59750867e+04
 2.09652705e+04 1.70131549e+04 1.39143722e+04 1.15699066e+04
 9.52939954e+03 7.49311602e+03 2.17362599e+03 1.63627413e+03
 1.22532844e+03 9.12796918e+02 6.76427132e+02 4.98646846e+02
 3.65670846e+02 2.66755141e+02 1.93579990e+02 1.39744052e+02
 1.00353241e+02 7.16893553e+01]",1,0.9917813678217461,,2864806.4587768675
262,6428,178651.56,15.181213,15.622933,15.895125,916.57135,916.56218-916.58052,9837750.786025954,825882.6447143555,73,826116.0223957243,100.0,784782.1270982081,95.0,[3.36],"[301.2173, 327.233]",[327.2341],[100.0],"[15.100506 15.110506 15.120506 15.130506 15.140506 15.150506 15.160506
 15.170506 15.180506 15.190506 15.200506 15.209985 15.219699 15.229151
 15.238589 15.248032 15.257455 15.267439 15.277123 15.286599 15.296003
 15.305394 15.31533  15.325196 15.334864 15.344285 15.353645 15.363406
 15.373287 15.383112 15.39246  15.401817 15.411474 15.421398 15.430945
 15.440434 15.450103 15.459823 15.469338 15.478859 15.488399 15.498119
 15.507892 15.517405 15.526939 15.537098 15.546457 15.556136 15.565371
 15.574927 15.585082 15.594467 15.60432  15.61329  15.622933 15.632576
 15.641546 15.651399 15.660784 15.670939 15.680495 15.68973  15.699409
 15.708768 15.718927 15.728461 15.737974 15.747747 15.757467 15.767007
 15.776528 15.786043 15.795763 15.805432 15.814921 15.824468 15.834392
 15.844049 15.853406 15.862754 15.872579 15.88246  15.892221 15.901581
 15.911002 15.92067  15.930536 15.940472 15.949863 15.959267 15.968743
 15.978427 15.988411 15.997834 16.007277 16.016715 16.026167 16.035881
 16.04536  16.05536  16.06536  16.07536  16.08536  16.09536  16.10536
 16.11536  16.12536  16.13536  16.14536 ]","[9.87156932e+01 1.28775926e+02 1.67392175e+02 2.16814143e+02
 2.79828567e+02 3.59872347e+02 4.61165585e+02 5.88867099e+02
 7.49255045e+02 9.49935347e+02 7.03825122e+01 2.44952186e+02
 5.59168113e+02 1.09733550e+03 1.94166878e+03 3.12656569e+03
 4.63665826e+03 6.40346891e+03 8.41294125e+03 1.06280541e+04
 1.32108364e+04 1.62968708e+04 2.00352402e+04 2.46466083e+04
 3.02572399e+04 3.69269304e+04 4.48552010e+04 5.38251023e+04
 6.36946364e+04 7.38544817e+04 8.39197725e+04 9.36090018e+04
 1.02828943e+05 1.11405753e+05 1.19401070e+05 1.26798480e+05
 1.33935473e+05 1.41416048e+05 1.50477820e+05 1.62600345e+05
 1.79454691e+05 2.02212157e+05 2.32154760e+05 2.69667452e+05
 3.15445355e+05 3.69120183e+05 4.29680678e+05 4.95311767e+05
 5.63692075e+05 6.32013850e+05 6.95347624e+05 7.49685463e+05
 7.91556029e+05 8.17320601e+05 8.26116022e+05 8.29579730e+05
 7.67692602e+05 7.02694503e+05 6.43832978e+05 5.83615521e+05
 5.30320078e+05 4.81951307e+05 4.34564631e+05 3.91933653e+05
 3.49142697e+05 3.12197293e+05 2.78329884e+05 2.46529391e+05
 2.17769367e+05 1.92176527e+05 1.69085888e+05 1.48302161e+05
 1.29274624e+05 1.12393433e+05 9.76546364e+04 8.45016129e+04
 7.24536909e+04 6.21712745e+04 5.34326743e+04 4.57861302e+04
 3.87954152e+04 3.27272599e+04 2.75709697e+04 2.33167510e+04
 1.96354199e+04 1.64069293e+04 1.36120970e+04 1.12389169e+04
 9.34722510e+03 7.74750914e+03 6.39193859e+03 5.23399698e+03
 4.24449001e+03 3.47148944e+03 2.82905873e+03 2.29845426e+03
 1.86086120e+03 1.49282405e+03 1.20008057e+03 9.49935347e+02
 7.49255045e+02 5.88867099e+02 4.61165585e+02 3.59872347e+02
 2.79828567e+02 2.16814143e+02 1.67392175e+02 1.28775926e+02
 9.87156932e+01]",1,0.989046651929814,,829579.7297542631
263,5654,6814482.0,13.155897,13.813652,14.676087,922.56116,922.55193-922.57038,453900595.2303709,34890050.943847656,131,34851945.19045621,99.9,34816231.0877221,99.8,[3.74],"[301.2173, 327.233]",[327.23422],[100.0],"[13.172822 13.182669 13.191884 13.201238 13.21064  13.22068  13.230417
 13.239633 13.249001 13.258777 13.268863 13.27884  13.288117 13.297974
 13.307573 13.317553 13.327393 13.336686 13.346531 13.355969 13.365519
 13.375431 13.385045 13.394567 13.404195 13.414252 13.423913 13.433728
 13.443174 13.452974 13.462941 13.472405 13.482068 13.491457 13.500945
 13.510714 13.520235 13.529605 13.539066 13.54846  13.558013 13.567364
 13.576725 13.586168 13.595562 13.605033 13.61437  13.623729 13.633093
 13.642644 13.652004 13.661349 13.670658 13.680486 13.689808 13.698857
 13.708291 13.717728 13.727718 13.737436 13.746572 13.756263 13.765992
 13.775802 13.785345 13.794522 13.804034 13.813652 13.82327  13.832782
 13.841959 13.851502 13.861312 13.871041 13.880732 13.889868 13.899586
 13.909576 13.919013 13.928447 13.937496 13.946818 13.956646 13.965955
 13.9753   13.98466  13.994211 14.003575 14.012934 14.022271 14.031742
 14.041136 14.050579 14.05994  14.069291 14.078844 14.088238 14.097699
 14.107069 14.11659  14.126359 14.135847 14.145236 14.154899 14.164363
 14.17433  14.18413  14.193576 14.203391 14.213052 14.223109 14.232737
 14.242259 14.251873 14.261785 14.271335 14.280773 14.290618 14.299911
 14.309751 14.319731 14.32933  14.339187 14.348464 14.358441 14.368527
 14.378303 14.387671 14.396887 14.406624 14.416664 14.426066 14.43542
 14.444635 14.454482 14.464556 14.473921 14.483293 14.492636 14.502855
 14.512228 14.522128 14.53144  14.540877 14.551017 14.560421 14.570303
 14.579443 14.589178 14.599502 14.608842 14.618303 14.627532 14.637377
 14.64741  14.657222 14.666926 14.676087]","[1.26574407e+02 1.75886337e+02 2.38388094e+02 3.23358631e+02
 4.37617042e+02 6.01967647e+02 8.16675891e+02 1.08588583e+03
 1.44514395e+03 1.93942163e+03 2.61570099e+03 3.50110273e+03
 4.57348148e+03 6.05004162e+03 7.91263605e+03 1.04150330e+04
 1.35981421e+04 1.74251626e+04 2.25677087e+04 2.88026246e+04
 3.67212202e+04 4.70515877e+04 5.95960569e+04 7.50159191e+04
 9.42879641e+04 1.19209117e+05 1.48712898e+05 1.85399655e+05
 2.28321358e+05 2.82219968e+05 3.48603809e+05 4.24331692e+05
 5.16563998e+05 6.22912669e+05 7.49707396e+05 9.03563031e+05
 1.07951409e+06 1.28114083e+06 1.51705369e+06 1.78734456e+06
 2.10332907e+06 2.45718378e+06 2.86010458e+06 3.32064719e+06
 3.83752992e+06 4.42287069e+06 5.06782759e+06 5.78658224e+06
 6.58253742e+06 7.47776686e+06 8.44048173e+06 9.48906359e+06
 1.06228129e+07 1.19181226e+07 1.32407752e+07 1.46118967e+07
 1.61313095e+07 1.77402725e+07 1.95358870e+07 2.13674483e+07
 2.31585074e+07 2.51226092e+07 2.71499345e+07 2.92373986e+07
 3.12956938e+07 3.32867060e+07 3.53469408e+07 3.48519452e+07
 3.44270189e+07 3.35890051e+07 3.23672330e+07 3.08076070e+07
 2.89410327e+07 2.68354530e+07 2.45638478e+07 2.22043243e+07
 1.98422248e+07 1.75515789e+07 1.53929042e+07 1.34093397e+07
 1.16518044e+07 1.01320188e+07 8.86290688e+06 7.82444141e+06
 6.99051318e+06 6.33021149e+06 5.80647631e+06 5.38719762e+06
 5.04063992e+06 4.74594234e+06 4.47828371e+06 4.22200670e+06
 3.96967504e+06 3.71360891e+06 3.45463033e+06 3.19102468e+06
 2.92641021e+06 2.66268196e+06 2.40372964e+06 2.15515454e+06
 1.92028997e+06 1.70539343e+06 1.51196249e+06 1.34244865e+06
 1.19532254e+06 1.07073619e+06 9.65832499e+05 8.78247731e+05
 8.06107217e+05 7.45709146e+05 6.95043358e+05 6.51678203e+05
 6.15115533e+05 5.85162225e+05 5.60881790e+05 5.40561847e+05
 5.22147408e+05 5.04000212e+05 4.85272385e+05 4.65552367e+05
 4.45097209e+05 4.23988073e+05 4.02116864e+05 3.80057555e+05
 3.58614628e+05 3.37495630e+05 3.17587605e+05 2.98353109e+05
 2.79335640e+05 2.60420457e+05 2.42145473e+05 2.24899352e+05
 2.09133466e+05 1.94772737e+05 1.82406010e+05 1.71535860e+05
 1.61730253e+05 1.52869933e+05 1.44049611e+05 1.35374943e+05
 1.26878774e+05 1.18361420e+05 1.10046941e+05 1.02109080e+05
 9.45396194e+04 8.74234103e+04 8.06819819e+04 7.43405144e+04
 6.84675003e+04 6.26676944e+04 5.74074206e+04 5.25835143e+04
 4.81617713e+04 4.42402320e+04 4.07317289e+04 3.78575829e+04
 3.59529179e+04 3.50902555e+04]",1,0.9914947411599316,,35346940.80123296
264,6144,372894.56,14.842192,14.997975,15.737253,924.57648,924.56723-924.58572,26612343.646329533,1866716.2597961426,93,1303002.2629251685,69.8,1866621.6743440472,100.0,[2.43],"[301.2173, 327.233]",[327.2338],[35.55739],"[14.344444 14.354116 14.363147 14.373017 14.38266  14.39163  14.401483
 14.410868 14.421023 14.430579 14.439814 14.449493 14.458852 14.469011
 14.478545 14.488058 14.497831 14.507551 14.517091 14.526612 14.536127
 14.545847 14.555516 14.565005 14.574552 14.584476 14.594133 14.60349
 14.612838 14.622663 14.632544 14.642305 14.651665 14.661086 14.670754
 14.68062  14.690556 14.699947 14.709351 14.718827 14.728511 14.738495
 14.747918 14.757361 14.766799 14.776251 14.785965 14.795444 14.805359
 14.814737 14.824283 14.833805 14.843612 14.853404 14.862837 14.872514
 14.882273 14.892092 14.902314 14.911586 14.921156 14.931116 14.940623
 14.950259 14.959664 14.969048 14.978735 14.98802  14.997975 15.00793
 15.017215 15.026902 15.036286 15.045691 15.055327 15.064834 15.074794
 15.084364 15.093636 15.103858 15.113677 15.123436 15.133113 15.142546
 15.152338 15.162145 15.171667 15.181213 15.190591 15.200506 15.209985
 15.219699 15.229151 15.238589 15.248032 15.257455 15.267439 15.277123
 15.286599 15.296003 15.305394 15.31533  15.325196 15.334864 15.344285
 15.353645 15.363406 15.373287 15.383112 15.39246  15.401817 15.411474
 15.421398 15.430945 15.440434 15.450103 15.459823 15.469338 15.478859
 15.488399 15.498119 15.507892 15.517405 15.526939 15.537098 15.546457
 15.556136 15.565371 15.574927 15.585082 15.594467 15.60432  15.61329
 15.622933 15.632803 15.641834 15.651506 15.660518 15.670707 15.680369
 15.689961 15.698987 15.707981 15.718026 15.727893]","[1.13437490e+02 1.44099020e+02 1.79707447e+02 2.28113705e+02
 2.87153537e+02 3.54813398e+02 4.46384053e+02 5.53976555e+02
 6.97687225e+02 8.64331137e+02 1.06030584e+03 1.30991327e+03
 1.60267035e+03 1.98896497e+03 2.42886247e+03 2.95660538e+03
 3.60807336e+03 4.38570664e+03 5.29691607e+03 6.37745239e+03
 7.65643804e+03 9.20204388e+03 1.10176057e+04 1.31110105e+04
 1.55757545e+04 1.85755959e+04 2.19852855e+04 2.58151825e+04
 3.02272595e+04 3.55776580e+04 4.17903518e+04 4.88497320e+04
 5.65827416e+04 6.54267833e+04 7.57293820e+04 8.76604540e+04
 1.01273793e+05 1.15759170e+05 1.31986402e+05 1.50231167e+05
 1.71002428e+05 1.94846509e+05 2.19782080e+05 2.47302649e+05
 2.77500425e+05 3.10596085e+05 3.47742354e+05 3.87198120e+05
 4.32004672e+05 4.77832369e+05 5.28027427e+05 5.81743670e+05
 6.40939208e+05 7.04000189e+05 7.68491829e+05 8.38439174e+05
 9.12797263e+05 9.91372773e+05 1.07701404e+06 1.15789769e+06
 1.24434649e+06 1.33722597e+06 1.42832347e+06 1.52272317e+06
 1.61647410e+06 1.71118333e+06 1.80969411e+06 1.90433793e+06
 1.86662167e+06 1.85454578e+06 1.81519250e+06 1.75505184e+06
 1.67942272e+06 1.59392925e+06 1.50218606e+06 1.40684379e+06
 1.30790520e+06 1.20673400e+06 1.10457196e+06 1.00259612e+06
 9.03466393e+05 8.08775145e+05 7.20568533e+05 6.40338681e+05
 5.68450037e+05 5.05560941e+05 4.50962301e+05 4.04138736e+05
 3.64041044e+05 3.29802514e+05 3.00054635e+05 2.74991876e+05
 2.54075836e+05 2.36804141e+05 2.22589505e+05 2.10491067e+05
 1.99624641e+05 1.89663480e+05 1.80278179e+05 1.71343576e+05
 1.62782446e+05 1.54051068e+05 1.45202563e+05 1.35965751e+05
 1.26881442e+05 1.17972582e+05 1.09786633e+05 1.02365667e+05
 9.59827732e+04 9.05331938e+04 8.58896810e+04 8.17454086e+04
 7.78404730e+04 7.41109863e+04 7.04861858e+04 6.70874333e+04
 6.39240311e+04 6.10884741e+04 5.85802898e+04 5.62266576e+04
 5.43683495e+04 5.26308422e+04 5.10663311e+04 4.92971678e+04
 4.71747658e+04 4.46432332e+04 4.17655599e+04 3.87287746e+04
 3.54418589e+04 3.21218897e+04 2.88532363e+04 2.56084832e+04
 2.23188015e+04 1.89659550e+04 1.55964022e+04 1.22401447e+04
 9.14046448e+03 6.49976363e+03 4.38240066e+03 2.77356633e+03
 1.62651735e+03 8.70853880e+02 3.91672939e+02 1.99919708e+02
 9.02993004e+01]",1,0.9908501599425538,,1904337.9334952852
265,10052,171639.81,24.029404,24.407821,25.16433,930.62329,930.61398-930.6326,15504205.548776634,628873.930059433,115,530874.3045533547,84.4,594929.8186158837,94.6,[2.68],"[301.2173, 327.233]",[301.21649],[100.0],"[23.579404 23.589404 23.599404 23.609404 23.619404 23.629404 23.639404
 23.649404 23.659404 23.669404 23.679404 23.689404 23.699404 23.709404
 23.719404 23.729404 23.739404 23.749404 23.759404 23.769404 23.779404
 23.789404 23.799404 23.809404 23.819404 23.829404 23.839404 23.849404
 23.859404 23.869404 23.879404 23.889404 23.899404 23.909404 23.919404
 23.929404 23.939404 23.949404 23.959404 23.969404 23.979404 23.989404
 23.999404 24.009404 24.019404 24.029404 24.038837 24.049335 24.059523
 24.06917  24.078683 24.088498 24.098568 24.10854  24.11821  24.127837
 24.137534 24.147275 24.157477 24.167585 24.17728  24.186857 24.196653
 24.207178 24.217341 24.226862 24.23645  24.246313 24.257061 24.267256
 24.276845 24.286734 24.296718 24.30719  24.317385 24.327    24.337142
 24.346942 24.357472 24.367684 24.377376 24.387435 24.397296 24.407821
 24.418346 24.428207 24.438266 24.447958 24.45817  24.4687   24.4785
 24.488642 24.498257 24.508452 24.518924 24.528908 24.538797 24.548386
 24.558581 24.569329 24.579192 24.58878  24.598301 24.608464 24.618989
 24.628785 24.638362 24.648057 24.658165 24.668367 24.678108 24.687805
 24.697432 24.707102 24.717074 24.727144 24.736959 24.746472 24.756119
 24.766307 24.776805 24.786238 24.796238 24.806238 24.816238 24.826238
 24.836238 24.846238 24.856238 24.866238 24.876238 24.886238 24.896238
 24.906238 24.916238 24.926238 24.936238 24.946238 24.956238 24.966238
 24.976238 24.986238 24.996238 25.006238 25.016238 25.026238 25.036238
 25.046238 25.056238 25.066238 25.076238 25.086238 25.096238 25.106238
 25.116238 25.126238 25.136238 25.146238 25.156238 25.166238 25.176238
 25.186238 25.196238 25.206238 25.216238 25.226238 25.236238]","[9.58574324e+01 1.13726235e+02 1.34715257e+02 1.59328754e+02
 1.88145048e+02 2.21826118e+02 2.61128228e+02 3.06913660e+02
 3.60163642e+02 4.21992542e+02 4.93663408e+02 5.76604933e+02
 6.72429912e+02 7.82955267e+02 9.10223682e+02 1.05652692e+03
 1.22443083e+03 1.41680213e+03 1.63683688e+03 1.88809071e+03
 2.17451078e+03 2.50046932e+03 2.87079876e+03 3.29082830e+03
 3.76642178e+03 4.30401659e+03 4.91066349e+03 5.59406706e+03
 6.36262630e+03 7.22547528e+03 8.19252315e+03 9.27449327e+03
 1.04829607e+04 1.18303878e+04 1.33301568e+04 1.49965994e+04
 1.68450218e+04 1.88917251e+04 2.11540202e+04 2.36502353e+04
 2.63997171e+04 2.94228226e+04 3.27409027e+04 3.63762746e+04
 4.03521840e+04 9.80502406e+04 9.81333709e+04 9.82596871e+04
 9.83062112e+04 9.82986103e+04 9.84818711e+04 9.90189892e+04
 9.99585512e+04 1.01456613e+05 1.03613056e+05 1.06189451e+05
 1.09661676e+05 1.14401245e+05 1.20776118e+05 1.28974765e+05
 1.39424991e+05 1.51834214e+05 1.66237786e+05 1.82717153e+05
 2.01134687e+05 2.21382502e+05 2.43476661e+05 2.67194801e+05
 2.92167968e+05 3.17617261e+05 3.43550184e+05 3.69562020e+05
 3.95843245e+05 4.22996505e+05 4.51240889e+05 4.79983630e+05
 5.08980799e+05 5.36630134e+05 5.61641162e+05 5.83493976e+05
 6.01549188e+05 6.15093326e+05 6.24063500e+05 6.28311254e+05
 6.46799142e+05 6.18933732e+05 5.90819516e+05 5.64095279e+05
 5.36391328e+05 5.08380338e+05 4.82874645e+05 4.57102451e+05
 4.33297114e+05 4.08762910e+05 3.84357081e+05 3.61868783e+05
 3.40368646e+05 3.20273583e+05 2.99735356e+05 2.79016351e+05
 2.60851251e+05 2.43971139e+05 2.27965733e+05 2.11706745e+05
 1.95756521e+05 1.81709844e+05 1.68707334e+05 1.56263694e+05
 1.44040747e+05 1.32458705e+05 1.22084744e+05 1.12399038e+05
 1.03393108e+05 9.49347706e+04 8.68033901e+04 7.91737031e+04
 7.22727633e+04 6.60637196e+04 6.02246913e+04 5.45313928e+04
 4.91438655e+04 4.46927549e+04 4.03521840e+04 3.63762746e+04
 3.27409027e+04 2.94228226e+04 2.63997171e+04 2.36502353e+04
 2.11540202e+04 1.88917251e+04 1.68450218e+04 1.49965994e+04
 1.33301568e+04 1.18303878e+04 1.04829607e+04 9.27449327e+03
 8.19252315e+03 7.22547528e+03 6.36262630e+03 5.59406706e+03
 4.91066349e+03 4.30401659e+03 3.76642178e+03 3.29082830e+03
 2.87079876e+03 2.50046932e+03 2.17451078e+03 1.88809071e+03
 1.63683688e+03 1.41680213e+03 1.22443083e+03 1.05652692e+03
 9.10223682e+02 7.82955267e+02 6.72429912e+02 5.76604933e+02
 4.93663408e+02 4.21992542e+02 3.60163642e+02 3.06913660e+02
 2.61128228e+02 2.21826118e+02 1.88145048e+02 1.59328754e+02
 1.34715257e+02 1.13726235e+02 9.58574324e+01]",1,0.9822746071547671,,646799.1423333912
266,5794,1308764.4,13.804099,14.11659,14.676087,938.59216,938.58278-938.60155,79267782.86445214,6730812.615188599,89,6721764.4579716455,99.9,6689730.734777576,99.4,[3.27],"[301.2173, 327.233]",[327.23407],[100.0],"[13.437093 13.447093 13.457093 13.467093 13.477093 13.487093 13.497093
 13.507093 13.517093 13.527093 13.537093 13.547093 13.557093 13.557093
 13.566254 13.575958 13.58577  13.595803 13.605648 13.614877 13.624338
 13.633678 13.644002 13.653737 13.662877 13.672759 13.682163 13.692303
 13.70174  13.711052 13.720952 13.730325 13.740544 13.749887 13.759259
 13.768624 13.778698 13.788545 13.79776  13.807114 13.816516 13.826556
 13.836293 13.845509 13.854877 13.864653 13.874739 13.884716 13.893993
 13.90385  13.913449 13.923429 13.933269 13.942562 13.952407 13.961845
 13.971395 13.981307 13.990921 14.000443 14.010071 14.020128 14.029789
 14.039604 14.04905  14.05885  14.068817 14.078281 14.087944 14.097333
 14.106821 14.11659  14.126359 14.135847 14.145236 14.154899 14.164363
 14.17433  14.18413  14.193576 14.203391 14.213052 14.223109 14.232737
 14.242259 14.251873 14.261785 14.271335 14.280773 14.290618 14.299911
 14.309751 14.319731 14.32933  14.339187 14.348464 14.358441 14.368527
 14.378303 14.387671 14.396887 14.406624 14.416664 14.426066 14.43542
 14.444635 14.454482 14.464556 14.473921 14.483293 14.492636 14.502855
 14.512228 14.522128 14.53144  14.540877 14.551017 14.560421 14.570303
 14.579443 14.589178 14.599502 14.608842 14.618303 14.627532 14.637377
 14.64741  14.657222 14.666926 14.676087 14.676087 14.686087 14.696087
 14.706087 14.716087 14.726087 14.736087 14.746087 14.756087 14.766087
 14.776087 14.786087 14.796087 14.806087]","[1.12251556e+02 1.43115422e+02 1.82031175e+02 2.30977873e+02
 2.92388477e+02 3.69245658e+02 4.65195829e+02 5.84684386e+02
 7.33115582e+02 9.17040833e+02 1.14437976e+03 1.42467870e+03
 1.76941198e+03 1.76941198e+03 2.15346018e+03 2.64578203e+03
 3.25069134e+03 4.00296130e+03 4.89869650e+03 5.90719922e+03
 7.14186478e+03 8.59565356e+03 1.05238190e+04 1.27070003e+04
 1.51361812e+04 1.82467160e+04 2.17514696e+04 2.62264249e+04
 3.11458877e+04 3.68273199e+04 4.39086887e+04 5.17523790e+04
 6.17613873e+04 7.24395637e+04 8.48285690e+04 9.91172883e+04
 1.16912758e+05 1.37070379e+05 1.58738668e+05 1.83858903e+05
 2.12667759e+05 2.47855483e+05 2.86874732e+05 3.28764564e+05
 3.76836765e+05 4.33545375e+05 4.99815805e+05 5.73960756e+05
 6.51351699e+05 7.43374356e+05 8.43589535e+05 9.59895323e+05
 1.08772895e+06 1.22146008e+06 1.37801631e+06 1.54355691e+06
 1.72757706e+06 1.93735108e+06 2.16028811e+06 2.40115199e+06
 2.66615125e+06 2.96723190e+06 3.28097549e+06 3.62544503e+06
 3.98243131e+06 4.38014003e+06 4.81407507e+06 5.25431287e+06
 5.73273515e+06 6.22600154e+06 6.75317378e+06 6.72176446e+06
 6.60432274e+06 6.37166537e+06 6.04096499e+06 5.63682284e+06
 5.18466478e+06 4.70628937e+06 4.22140140e+06 3.74593987e+06
 3.29236388e+06 2.86849143e+06 2.48287309e+06 2.14031172e+06
 1.84224170e+06 1.59178896e+06 1.38620085e+06 1.22225741e+06
 1.09417118e+06 9.95505504e+05 9.19927483e+05 8.61985253e+05
 8.16957710e+05 7.80076683e+05 7.47556209e+05 7.16426161e+05
 6.84992475e+05 6.52133897e+05 6.17199588e+05 5.79937909e+05
 5.40459756e+05 4.99263482e+05 4.57649569e+05 4.16863603e+05
 3.77849910e+05 3.41320496e+05 3.07898949e+05 2.77278043e+05
 2.49562774e+05 2.24867814e+05 2.02618520e+05 1.82552086e+05
 1.64500842e+05 1.47999770e+05 1.32811180e+05 1.18768560e+05
 1.05693213e+05 9.35843683e+04 8.26998402e+04 7.28183946e+04
 6.40704988e+04 5.63701111e+04 4.99681630e+04 4.46783218e+04
 4.03229196e+04 3.67145815e+04 3.35298651e+04 3.04669247e+04
 2.76898292e+04 2.51281831e+04 1.76941198e+03 1.42467870e+03
 1.14437976e+03 9.17040833e+02 7.33115582e+02 5.84684386e+02
 4.65195829e+02 3.69245658e+02 2.92388477e+02 2.30977873e+02
 1.82031175e+02 1.43115422e+02 1.12251556e+02 8.78341847e+01]",1,0.9884836565943061,,6753173.781400144
267,7364,195722.69,17.610389,17.919888,18.36562,952.60724,952.59771-952.61676,14772188.802021489,1085156.2179870605,80,1083763.1464301713,99.9,1038230.8867476695,95.7,[1.67],"[301.2173, 327.233]",[301.2178],[100.0],"[17.134156 17.144156 17.154156 17.164156 17.174156 17.184156 17.194156
 17.204156 17.214156 17.224156 17.234156 17.244156 17.254156 17.264156
 17.274156 17.284156 17.294156 17.304156 17.314156 17.324156 17.334156
 17.344156 17.354156 17.364156 17.374156 17.384156 17.394156 17.404156
 17.414156 17.424156 17.434156 17.444156 17.454156 17.464156 17.474156
 17.474156 17.483281 17.492694 17.501947 17.511653 17.521092 17.530206
 17.539626 17.549145 17.558858 17.568262 17.577686 17.587142 17.596425
 17.605935 17.615456 17.62513  17.63482  17.644179 17.653538 17.662951
 17.672455 17.681944 17.691374 17.700825 17.710259 17.719811 17.729297
 17.738746 17.748144 17.757633 17.767521 17.776935 17.786292 17.79565
 17.805485 17.815231 17.824576 17.834275 17.843612 17.852816 17.862833
 17.872144 17.88161  17.890906 17.900656 17.910554 17.919888 17.929222
 17.93912  17.94887  17.958166 17.967632 17.976943 17.98696  17.996164
 18.005501 18.0152   18.024545 18.034291 18.044126 18.053484 18.062841
 18.072255 18.082143 18.091632 18.10103  18.110479 18.119965 18.129517
 18.138951 18.148402 18.157832 18.167321 18.176825 18.186238 18.195597
 18.204956 18.214646 18.22432  18.233841 18.243351 18.252634 18.26209
 18.271514 18.280918 18.290631 18.30015  18.30957  18.318684 18.328123
 18.337829 18.347082 18.356495 18.36562  18.36562  18.37562  18.38562
 18.39562  18.40562  18.41562  18.42562  18.43562  18.44562  18.45562
 18.46562  18.47562  18.48562  18.49562  18.50562  18.51562  18.52562
 18.53562  18.54562  18.55562  18.56562  18.57562  18.58562  18.59562
 18.60562  18.61562  18.62562  18.63562  18.64562  18.65562  18.66562
 18.67562  18.68562  18.69562  18.70562  18.71562 ]","[1.05745671e+02 1.23746398e+02 1.44668282e+02 1.68960379e+02
 1.97136579e+02 2.29784297e+02 2.67574220e+02 3.11271229e+02
 3.61746621e+02 4.19991765e+02 4.87133344e+02 5.64450330e+02
 6.53392877e+02 7.55603306e+02 8.72939397e+02 1.00750017e+03
 1.16165443e+03 1.33807227e+03 1.53975980e+03 1.77009744e+03
 2.03288195e+03 2.33237264e+03 2.67334190e+03 3.06113064e+03
 3.50170868e+03 4.00174076e+03 4.56865833e+03 5.21073756e+03
 5.93718403e+03 6.75822445e+03 7.68520581e+03 8.73070237e+03
 9.90863100e+03 1.12343750e+04 1.27249173e+04 1.27249173e+04
 1.42446645e+04 1.59890047e+04 1.78964633e+04 2.01240012e+04
 2.25357570e+04 2.51173898e+04 2.80726640e+04 3.13843811e+04
 3.51341654e+04 3.91562017e+04 4.36104730e+04 4.85463725e+04
 5.38886769e+04 5.99188463e+04 6.65723361e+04 7.40219500e+04
 8.22433437e+04 9.09695322e+04 1.00534522e+05 1.11072305e+05
 1.22723867e+05 1.35455652e+05 1.49284879e+05 1.64416568e+05
 1.80891256e+05 1.99076090e+05 2.18748770e+05 2.40064830e+05
 2.63095476e+05 2.88335981e+05 3.16917373e+05 3.46446055e+05
 3.78193451e+05 4.12496823e+05 4.51485821e+05 4.93290933e+05
 5.36533550e+05 5.84893333e+05 6.35003541e+05 6.88019709e+05
 7.50047085e+05 8.11984670e+05 8.79426059e+05 9.50285776e+05
 1.02980324e+06 1.11626341e+06 1.08401078e+06 1.06967710e+06
 1.04105444e+06 1.00011596e+06 9.49577106e+05 8.90423949e+05
 8.25371251e+05 7.55890767e+05 6.84791008e+05 6.14356572e+05
 5.46714274e+05 4.82839094e+05 4.23366282e+05 3.70197875e+05
 3.23332790e+05 2.83235676e+05 2.49291189e+05 2.20980478e+05
 1.97875092e+05 1.79605600e+05 1.65636632e+05 1.55666625e+05
 1.48844174e+05 1.44097295e+05 1.40701494e+05 1.37936144e+05
 1.35573812e+05 1.33066719e+05 1.29985189e+05 1.25894190e+05
 1.20445394e+05 1.13893904e+05 1.06572561e+05 9.88795047e+04
 9.12347577e+04 8.41704834e+04 7.79051829e+04 7.23580630e+04
 6.74934666e+04 6.32332322e+04 5.94806473e+04 5.60221102e+04
 5.28660943e+04 4.99445709e+04 4.73968256e+04 4.50908866e+04
 4.30366719e+04 4.13733800e+04 1.27249173e+04 1.12343750e+04
 9.90863100e+03 8.73070237e+03 7.68520581e+03 6.75822445e+03
 5.93718403e+03 5.21073756e+03 4.56865833e+03 4.00174076e+03
 3.50170868e+03 3.06113064e+03 2.67334190e+03 2.33237264e+03
 2.03288195e+03 1.77009744e+03 1.53975980e+03 1.33807227e+03
 1.16165443e+03 1.00750017e+03 8.72939397e+02 7.55603306e+02
 6.53392877e+02 5.64450330e+02 4.87133344e+02 4.19991765e+02
 3.61746621e+02 3.11271229e+02 2.67574220e+02 2.29784297e+02
 1.97136579e+02 1.68960379e+02 1.44668282e+02 1.23746398e+02
 1.05745671e+02 9.02741518e+01]",1,0.980402242798699,,1116263.4105244502
268,10434,1902787.2,24.711544,25.341905,26.68802,956.63861,956.62904-956.64818,223495420.68400487,9429110.725830078,200,9417809.731133608,99.9,9331827.226042949,99.0,[2.89],"[301.2173, 327.233]",[301.21817],[100.0],"[24.711544 24.721601 24.731424 24.741177 24.750816 24.76039  24.770296
 24.780259 24.789784 24.799368 24.808895 24.81878  24.828737 24.838196
 24.847866 24.85731  24.866773 24.876441 24.886016 24.895666 24.905019
 24.914428 24.924101 24.933656 24.943746 24.95303  24.962598 24.972182
 24.981567 24.991309 25.000723 25.01032  25.01974  25.029104 25.038874
 25.048327 25.057762 25.067333 25.076893 25.086758 25.096257 25.105593
 25.115411 25.125117 25.135405 25.144803 25.154285 25.16433  25.174246
 25.184141 25.193564 25.203216 25.212858 25.222795 25.23296  25.242553
 25.252763 25.262275 25.272768 25.282945 25.292363 25.302691 25.312428
 25.32274  25.332459 25.341905 25.35205  25.361765 25.371748 25.381362
 25.391028 25.401222 25.41079  25.420767 25.430513 25.4404   25.450291
 25.459877 25.470071 25.479631 25.489699 25.499587 25.509324 25.519426
 25.528894 25.539047 25.549847 25.559518 25.569602 25.579108 25.589416
 25.599401 25.608966 25.619235 25.628929 25.63932  25.648967 25.658554
 25.669075 25.678883 25.68896  25.698646 25.708409 25.718129 25.728088
 25.738043 25.748112 25.757751 25.767467 25.777577 25.787762 25.797904
 25.80757  25.817329 25.827647 25.837852 25.848041 25.857707 25.868055
 25.877672 25.887622 25.89788  25.907765 25.917926 25.927606 25.937684
 25.948091 25.957724 25.967944 25.977614 25.988101 25.998418 26.008249
 26.018472 26.028239 26.038563 26.048477 26.058226 26.068542 26.07824
 26.088595 26.098581 26.108725 26.118821 26.129121 26.138925 26.148951
 26.159344 26.16952  26.179565 26.189378 26.199672 26.210054 26.220169
 26.230002 26.239742 26.250022 26.26042  26.270603 26.280392 26.290131
 26.300038 26.310308 26.320571 26.330191 26.339894 26.349817 26.36019
 26.370342 26.379953 26.390064 26.399728 26.40982  26.41999  26.42953
 26.439674 26.449261 26.459427 26.469592 26.479277 26.489275 26.498876
 26.509022 26.519457 26.529041 26.539047 26.548595 26.558806 26.568911
 26.57853  26.588487 26.598201 26.608429 26.618606 26.628266 26.638403
 26.647894 26.658027 26.668425 26.678123 26.68802 ]","[2.73282167e+03 3.85486652e+03 5.01565710e+03 6.07876248e+03
 6.99376643e+03 7.76791215e+03 8.43755955e+03 9.09616673e+03
 9.81007756e+03 1.06153321e+04 1.15383309e+04 1.26094533e+04
 1.37169857e+04 1.48293399e+04 1.59712748e+04 1.70603444e+04
 1.82231315e+04 1.95577894e+04 2.10353676e+04 2.27850807e+04
 2.47689864e+04 2.70670246e+04 2.97066476e+04 3.26432702e+04
 3.60635203e+04 4.01568659e+04 4.52915298e+04 5.19094464e+04
 6.07122063e+04 7.22686609e+04 8.71744361e+04 1.06044469e+05
 1.29308788e+05 1.58130827e+05 1.93731503e+05 2.37898534e+05
 2.92799294e+05 3.61712417e+05 4.46755718e+05 5.51575144e+05
 6.79477729e+05 8.33917525e+05 1.01920425e+06 1.23822768e+06
 1.49615573e+06 1.79422110e+06 2.13237467e+06 2.51356639e+06
 2.93568700e+06 3.39578916e+06 3.89024147e+06 4.40874096e+06
 4.94688881e+06 5.49096222e+06 6.02983631e+06 6.55026446e+06
 7.04403294e+06 7.50009977e+06 7.91768379e+06 8.28850235e+06
 8.61157812e+06 8.88436347e+06 9.10180363e+06 9.26679152e+06
 9.37339091e+06 9.42420516e+06 9.41987600e+06 9.35622071e+06
 9.24110304e+06 9.07692329e+06 8.87545806e+06 8.64319963e+06
 8.39052028e+06 8.12201565e+06 7.84240532e+06 7.55140654e+06
 7.24844925e+06 6.93549414e+06 6.61502240e+06 6.29340138e+06
 5.97012395e+06 5.64933472e+06 5.33594054e+06 5.03097293e+06
 4.73715717e+06 4.45507224e+06 4.18702252e+06 3.93214421e+06
 3.68830708e+06 3.45847697e+06 3.24108683e+06 3.03642802e+06
 2.84442056e+06 2.66367013e+06 2.49518012e+06 2.33806490e+06
 2.19391611e+06 2.06108707e+06 1.94122756e+06 1.83369751e+06
 1.73757428e+06 1.65187278e+06 1.57533178e+06 1.50640395e+06
 1.44434824e+06 1.38928357e+06 1.34109997e+06 1.29818159e+06
 1.26026688e+06 1.22584765e+06 1.19443219e+06 1.16512730e+06
 1.13737806e+06 1.10985060e+06 1.08317099e+06 1.05763692e+06
 1.03405343e+06 1.01330052e+06 9.95425720e+05 9.79298905e+05
 9.64472556e+05 9.49582979e+05 9.34481324e+05 9.18296906e+05
 9.01177414e+05 8.83277449e+05 8.64168874e+05 8.43793920e+05
 8.22774236e+05 8.00325154e+05 7.77336472e+05 7.53980251e+05
 7.30185681e+05 7.06624250e+05 6.83349282e+05 6.60124830e+05
 6.37227480e+05 6.14336397e+05 5.91547564e+05 5.69100945e+05
 5.46717748e+05 5.25157616e+05 5.04349776e+05 4.83894343e+05
 4.64022503e+05 4.44748031e+05 4.26174981e+05 4.08296485e+05
 3.91020730e+05 3.74602934e+05 3.59062243e+05 3.44109736e+05
 3.29829856e+05 3.16288223e+05 3.03192050e+05 2.90702852e+05
 2.78479186e+05 2.66701182e+05 2.55651655e+05 2.45146063e+05
 2.34973504e+05 2.25558708e+05 2.16758655e+05 2.08863548e+05
 2.01897702e+05 1.95494719e+05 1.89341104e+05 1.83258434e+05
 1.76964764e+05 1.70325667e+05 1.63343031e+05 1.56097804e+05
 1.48750065e+05 1.41593242e+05 1.34940989e+05 1.28969134e+05
 1.23705927e+05 1.19597341e+05 1.16319056e+05 1.14021100e+05
 1.12354946e+05 1.11032163e+05 1.09707371e+05 1.08391180e+05
 1.07037442e+05 1.05692568e+05 1.04441316e+05 1.03044868e+05
 1.01643989e+05 1.00113083e+05 9.86650087e+04 9.72697441e+04
 9.61640489e+04 9.54150812e+04 9.47822439e+04 9.43846687e+04
 9.40367394e+04 9.35828467e+04 9.30230305e+04 9.23904626e+04
 9.17471577e+04]",,,,9424205.159464044
269,11536,111959.43,27.487919,28.164937,29.756524,982.65503,982.6452-982.66486,17948798.459036373,408847.567073822,213,402600.5356277922,98.5,393592.8421696786,96.3,[3.83],"[301.2173, 327.233]",[327.23425],[78.5498],"[27.347919 27.357919 27.367919 27.377919 27.387919 27.397919 27.407919
 27.417919 27.427919 27.437919 27.447919 27.457919 27.467919 27.477919
 27.487919 27.498246 27.508858 27.519341 27.529662 27.540339 27.550739
 27.56132  27.571816 27.582136 27.592346 27.602448 27.61297  27.623387
 27.633697 27.643757 27.65358  27.664019 27.674405 27.684697 27.694713
 27.704411 27.714609 27.725018 27.735418 27.745262 27.755016 27.765304
 27.775868 27.786322 27.796324 27.806155 27.816814 27.827385 27.838005
 27.848032 27.858274 27.868927 27.879651 27.890237 27.900999 27.911347
 27.921887 27.932531 27.943215 27.953474 27.963833 27.974503 27.985154
 27.995765 28.006057 28.016486 28.027163 28.037825 28.048406 28.058693
 28.069128 28.079934 28.090627 28.101189 28.111488 28.12193  28.132876
 28.144153 28.154618 28.164937 28.175256 28.185721 28.196998 28.207944
 28.218386 28.228685 28.239247 28.24994  28.260746 28.271181 28.281468
 28.292049 28.302711 28.313388 28.323817 28.334109 28.34472  28.355371
 28.366041 28.3764   28.386659 28.397343 28.407987 28.418527 28.428875
 28.439637 28.450223 28.460947 28.4716   28.481842 28.491869 28.502489
 28.51306  28.523719 28.53355  28.543552 28.554006 28.56457  28.574858
 28.584612 28.594456 28.604856 28.615265 28.625463 28.635161 28.645177
 28.655469 28.665855 28.676294 28.686117 28.696177 28.706487 28.716904
 28.727426 28.737528 28.747738 28.758058 28.768554 28.779135 28.789535
 28.800212 28.810533 28.821016 28.831628 28.841955 28.851955 28.861955
 28.871955 28.881955 28.891955 28.901955 28.911955 28.921955 28.931955
 28.941955 28.951955 28.961955 28.971955 28.981955]","[9.07446977e+01 1.11723569e+02 1.37194808e+02 1.68035052e+02
 2.05272807e+02 2.50110709e+02 3.03950236e+02 3.68418995e+02
 4.45400678e+02 5.37067736e+02 6.45916806e+02 7.74806822e+02
 9.26999753e+02 1.10620376e+03 5.21731441e+03 5.62717518e+03
 6.09519947e+03 6.56968865e+03 7.08686102e+03 7.59193249e+03
 8.12378023e+03 8.64214067e+03 9.19113102e+03 9.71527130e+03
 1.02225964e+04 1.07012019e+04 1.11749196e+04 1.17856580e+04
 1.26112600e+04 1.38211935e+04 1.54379553e+04 1.75279699e+04
 2.00445328e+04 2.29277494e+04 2.61954508e+04 2.97632968e+04
 3.35209334e+04 3.74510981e+04 4.16289788e+04 4.61162735e+04
 5.10572457e+04 5.66681649e+04 6.28828766e+04 6.99360077e+04
 7.74804332e+04 8.57026543e+04 9.43958603e+04 1.03725411e+05
 1.13690759e+05 1.24133803e+05 1.34965196e+05 1.46104781e+05
 1.57365190e+05 1.68836949e+05 1.80728585e+05 1.93148404e+05
 2.05887763e+05 2.19011234e+05 2.31953242e+05 2.44704712e+05
 2.56956585e+05 2.68972486e+05 2.80844643e+05 2.93023242e+05
 3.05960649e+05 3.19583213e+05 3.33515969e+05 3.47107799e+05
 3.59418971e+05 3.69776082e+05 3.77974150e+05 3.84250217e+05
 3.89041789e+05 3.93129651e+05 3.97058012e+05 4.00825093e+05
 4.04282078e+05 4.06999387e+05 4.08559467e+05 4.08775957e+05
 4.08157513e+05 4.07892518e+05 4.06308291e+05 4.03496751e+05
 3.99669191e+05 3.94830204e+05 3.88811718e+05 3.81681132e+05
 3.73476871e+05 3.64668010e+05 3.55200474e+05 3.44726463e+05
 3.33499939e+05 3.21668568e+05 3.09628894e+05 2.97362593e+05
 2.84402328e+05 2.71160694e+05 2.57749174e+05 2.44668692e+05
 2.31729899e+05 2.18345001e+05 2.05171852e+05 1.92350840e+05
 1.80035819e+05 1.67567488e+05 1.55687139e+05 1.44081238e+05
 1.33014029e+05 1.22833477e+05 1.13321677e+05 1.03752719e+05
 9.47537384e+04 8.62156095e+04 7.88174506e+04 7.17562413e+04
 6.48703025e+04 5.84138603e+04 5.25972023e+04 4.74972711e+04
 4.27440150e+04 3.81333771e+04 3.39209343e+04 3.01628805e+04
 2.69083610e+04 2.38539041e+04 2.10188111e+04 1.84476400e+04
 1.61344928e+04 1.41865929e+04 1.24028630e+04 1.07777548e+04
 9.32569072e+03 8.03442299e+03 6.94439117e+03 5.97673888e+03
 5.12146832e+03 4.36461262e+03 3.70402333e+03 3.14331089e+03
 2.64807360e+03 2.23733068e+03 1.87995917e+03 1.57170494e+03
 1.31661857e+03 1.10620376e+03 9.26999753e+02 7.74806822e+02
 6.45916806e+02 5.37067736e+02 4.45400678e+02 3.68418995e+02
 3.03950236e+02 2.50110709e+02 2.05272807e+02 1.68035052e+02
 1.37194808e+02 1.11723569e+02 9.07446977e+01]",1,0.999725880618898,,408775.95677816845
