cname,scanNum,TIC,startTime,RT,endTime,precursor,precursorsection,area,height,width,dheight_left,dheight_left(%),dheight_right,dheight_right(%),delta,keyion,keyion_observe,rel_abundance,x,y,fitting,R2,formula,max_y
0,1590,17271564.0,3.3513534,3.545002,5.0520521,454.29279,454.28824-454.29733,678640500.3988745,59131329.15875244,191,56827373.06349856,96.1,59069794.65933321,99.9,[3.0],[0],"[(313.27383, 454.29251)]","[(100.0, 78.2629)]","[3.1296567 3.1386508 3.1476716 3.1565582 3.1654749 3.1743463 3.1833529
 3.1923279 3.2011698 3.2100365 3.2188586 3.2277963 3.2367171 3.2455078
 3.2543281 3.2631613 3.272138  3.2810025 3.2897463 3.2985166 3.3072079
 3.3161404 3.3249667 3.3336696 3.3425238 3.3512421 3.3602458 3.3690541
 3.3777488 3.3865928 3.3953068 3.4042823 3.4130859 3.4218238 3.430577
 3.4392833 3.4482524 3.4570541 3.4658062 3.4745645 3.4834246 3.4922774
 3.5010829 3.5097808 3.5185342 3.5273988 3.5362412 3.545002  3.5537628
 3.5626052 3.5714698 3.5802232 3.5889211 3.5977266 3.6065794 3.6154395
 3.6241978 3.6329499 3.6417516 3.6507207 3.659427  3.6681802 3.6769181
 3.6857217 3.6946972 3.7034112 3.7122552 3.7209499 3.7297582 3.7387619
 3.7474802 3.7563344 3.7650373 3.7738636 3.7827961 3.7914874 3.8002577
 3.8090015 3.817866  3.8268427 3.8356759 3.8444962 3.8532869 3.8622077
 3.8711454 3.8799675 3.8888342 3.8976761 3.9066511 3.9156577 3.9245291
 3.9334458 3.9423324 3.9513532 3.9603473 3.9692712 3.9782286 3.9871363
 3.9961    4.0050894 4.0140691 4.0230699 4.0319973 4.0410515 4.0501456
 4.0590587 4.0680958 4.0770244 4.0860691 4.0951358 4.1041125 4.1130761
 4.1219833 4.1309458 4.1399557 4.1488417 4.1577866 4.1667124 4.1755199
 4.1843949 4.1931932 4.2020587 4.2109282 4.2197371 4.2285515 4.2373887
 4.2462396 4.2550646 4.2638629 4.2726754 4.2815178 4.2903671 4.2992233
 4.3080459 4.3168625 4.3257366 4.3345938 4.3434072 4.3522296 4.3610949
 4.3699593 4.3787754 4.3875928 4.396415  4.4052926 4.4142061 4.4230828
 4.4319557 4.4408343 4.4497953 4.4587516 4.4676349 4.4766192 4.4856095
 4.4946421 4.5036512 4.5126016 4.521637  4.5306491 4.5396745 4.5487234
 4.5576978 4.5666775 4.5757099 4.584665  4.5936463 4.6025554 4.6114766
 4.6204351 4.6293797 4.6382588 4.6471859 4.6560804 4.6649704 4.6738094
 4.6826605 4.6915933 4.7004922 4.7094094 4.7182647 4.7272183 4.7362168
 4.7451492 4.754113  4.7630001 4.772038  4.781063  4.79007   4.7990293
 4.8080213 4.8171308 4.8261888 4.8354288 4.8444825 4.8535513 4.86292
 4.8720356 4.8812693 4.8903013 4.8994272 4.9085054 4.9176001 4.9268534
 4.935888  4.9447846 4.9537992 4.9627064 4.9719521 4.9808339 4.9897184
 4.9986797 5.0075552 5.0164272 5.0252856 5.0341648 5.0431413 5.0520521]","[1.68435109e+02 2.83663236e+02 4.73297203e+02 7.75431611e+02
 1.25914811e+03 2.01820538e+03 3.22335407e+03 5.08461720e+03
 7.88325430e+03 1.21097354e+04 1.83696829e+04 2.77228523e+04
 4.13635041e+04 6.07223132e+04 8.83358846e+04 1.27245691e+05
 1.82426889e+05 2.57628511e+05 3.58421513e+05 4.94055164e+05
 6.72204293e+05 9.12796815e+05 1.22214510e+06 1.61315611e+06
 2.11747764e+06 2.73972016e+06 3.53695986e+06 4.49363730e+06
 5.63394811e+06 7.01805949e+06 8.62547457e+06 1.05543997e+07
 1.27311447e+07 1.51792312e+07 1.79195453e+07 2.09223713e+07
 2.42845200e+07 2.78166868e+07 3.15133610e+07 3.53407767e+07
 3.92744679e+07 4.31877393e+07 4.69766639e+07 5.05293455e+07
 5.38242943e+07 5.67849923e+07 5.92776691e+07 5.91391413e+07
 5.87205010e+07 5.73653640e+07 5.50855123e+07 5.20121628e+07
 4.82987176e+07 4.41483113e+07 3.97394160e+07 3.52692977e+07
 3.08976316e+07 2.67624256e+07 2.29434061e+07 1.95289502e+07
 1.65400913e+07 1.39838380e+07 1.18318776e+07 1.00477451e+07
 8.57222891e+06 7.35774969e+06 6.35825942e+06 5.54059414e+06
 4.87170079e+06 4.33220187e+06 3.89726877e+06 3.54366304e+06
 3.24733739e+06 2.98555805e+06 2.74256201e+06 2.51691058e+06
 2.30925293e+06 2.12128064e+06 1.95630619e+06 1.81352318e+06
 1.69073955e+06 1.58322306e+06 1.48655324e+06 1.39762956e+06
 1.31248153e+06 1.23270330e+06 1.15892798e+06 1.09113026e+06
 1.02963565e+06 9.73285792e+05 9.21559394e+05 8.75152808e+05
 8.34241154e+05 7.97144798e+05 7.63849440e+05 7.32704059e+05
 7.02714156e+05 6.75327433e+05 6.50567390e+05 6.27772000e+05
 6.08081676e+05 5.90242820e+05 5.73668278e+05 5.57270964e+05
 5.40049349e+05 5.21840977e+05 5.02010439e+05 4.82306124e+05
 4.64268482e+05 4.47860327e+05 4.33504782e+05 4.21992504e+05
 4.12753263e+05 4.06008259e+05 4.02100799e+05 3.99467585e+05
 3.97894037e+05 3.96229267e+05 3.93470151e+05 3.89223572e+05
 3.83035588e+05 3.76156773e+05 3.68349444e+05 3.61285280e+05
 3.55186055e+05 3.49099681e+05 3.40766921e+05 3.30578022e+05
 3.17843060e+05 3.03696521e+05 2.89503587e+05 2.76556345e+05
 2.66006020e+05 2.57815917e+05 2.51289243e+05 2.45640377e+05
 2.40038689e+05 2.34384850e+05 2.27732380e+05 2.20679908e+05
 2.13388101e+05 2.06891400e+05 2.00996228e+05 1.96320496e+05
 1.92997874e+05 1.90913603e+05 1.89512625e+05 1.88658070e+05
 1.88205160e+05 1.88130543e+05 1.87905097e+05 1.86677152e+05
 1.84518043e+05 1.81429336e+05 1.77711570e+05 1.73609282e+05
 1.69278156e+05 1.65278329e+05 1.62016643e+05 1.59768439e+05
 1.57871459e+05 1.56813794e+05 1.55606017e+05 1.54553000e+05
 1.53462123e+05 1.52470621e+05 1.51509314e+05 1.50511745e+05
 1.49047392e+05 1.46766666e+05 1.44592741e+05 1.42368126e+05
 1.40925719e+05 1.40117225e+05 1.39793220e+05 1.39631730e+05
 1.38331055e+05 1.36313244e+05 1.33363319e+05 1.30262171e+05
 1.27389051e+05 1.25314939e+05 1.23957912e+05 1.23271484e+05
 1.22785699e+05 1.21914037e+05 1.20940174e+05 1.19443971e+05
 1.17762066e+05 1.15821721e+05 1.13812817e+05 1.11893322e+05
 1.09936391e+05 1.08019074e+05 1.06209166e+05 1.04414173e+05
 1.02674810e+05 1.01173531e+05 9.99104321e+04 9.87113947e+04
 9.72048683e+04 9.53300912e+04 9.32829809e+04 9.10207554e+04
 8.90154197e+04 8.74394920e+04 8.64142195e+04 8.57348426e+04
 8.52686496e+04 8.41199081e+04 8.21498911e+04 7.91316921e+04
 7.55067327e+04 7.18555762e+04 6.86798255e+04 6.62028533e+04
 6.44667099e+04]",1,0.996020189511771,,59277669.11846136
1,1718,12733466.0,3.545002,3.7387619,4.3168625,480.30893,480.30413-480.31373,1108016151.6524737,94494912.18753052,87,92267990.4871723,97.6,93788348.31939213,99.3,[7.33],[0],"[(480.30688, 339.28882)]","[(96.48638, 86.83368)]","[3.2312842 3.2401351 3.2489723 3.2577867 3.2665956 3.2754651 3.2843306
 3.2931289 3.3020039 3.3108114 3.3197372 3.3286821 3.3375681 3.346578
 3.3555405 3.3644477 3.3734113 3.382388  3.3914547 3.4004994 3.409428
 3.4184651 3.4273782 3.4364723 3.4455265 3.4544539 3.4634547 3.4724344
 3.4814238 3.4903875 3.4992952 3.5082526 3.5171765 3.5261706 3.5351914
 3.544078  3.5529947 3.5618661 3.5708727 3.5798477 3.5886896 3.5975563
 3.6063784 3.6153161 3.6242369 3.6330276 3.6418479 3.6506811 3.6596578
 3.6685223 3.6772661 3.6860364 3.6947277 3.7036602 3.7124865 3.7211894
 3.7300436 3.7387619 3.7474802 3.7563344 3.7650373 3.7738636 3.7827961
 3.7914874 3.8002577 3.8090015 3.817866  3.8268427 3.8356759 3.8444962
 3.8532869 3.8622077 3.8711454 3.8799675 3.8888342 3.8976761 3.9066511
 3.9156577 3.9245291 3.9334458 3.9423324 3.9513532 3.9603473 3.9692712
 3.9782286 3.9871363 3.9961    4.0050894 4.0140691 4.0230699 4.0319973
 4.0410515 4.0501456 4.0590587 4.0680958 4.0770244 4.0860691 4.0951358
 4.1041125 4.1130761 4.1219833 4.1309458 4.1399557 4.1488417 4.1577866
 4.1667124 4.1755199 4.1843949 4.1931932 4.2020587 4.2109282 4.2197371
 4.2285515 4.2373887 4.2462396 4.2550646 4.2638629 4.2726754 4.2815178
 4.2903671 4.2992233 4.3080459 4.3168625]","[1.42831585e+02 2.20045149e+02 3.36409569e+02 5.10179328e+02
 7.68147954e+02 1.15170060e+03 1.71433887e+03 2.52651172e+03
 3.70990921e+03 5.39395101e+03 7.82627566e+03 1.12833972e+04
 1.61137431e+04 2.29601376e+04 3.24198028e+04 4.53550560e+04
 6.31318494e+04 8.72868253e+04 1.20192517e+05 1.64165807e+05
 2.21732024e+05 2.98402504e+05 3.97095333e+05 5.27620605e+05
 6.95041899e+05 9.05527290e+05 1.17381027e+06 1.50969597e+06
 1.92822255e+06 2.44337875e+06 3.06962611e+06 3.83371991e+06
 4.74996484e+06 5.85272146e+06 7.16363544e+06 8.67976349e+06
 1.04490519e+07 1.24786342e+07 1.48354264e+07 1.74996866e+07
 2.04471361e+07 2.37339567e+07 2.73367422e+07 3.13213220e+07
 3.56223738e+07 4.01570822e+07 4.49733486e+07 5.00249982e+07
 5.53426879e+07 6.07167848e+07 6.60715469e+07 7.14239133e+07
 7.66330461e+07 8.18040632e+07 8.66458218e+07 9.10759795e+07
 9.51508770e+07 9.44981971e+07 9.39483859e+07 9.20501433e+07
 8.88836294e+07 8.45495899e+07 7.92670671e+07 7.33715334e+07
 6.71423544e+07 6.09010928e+07 5.47882900e+07 4.89317778e+07
 4.34161562e+07 3.82474726e+07 3.35098672e+07 2.92292805e+07
 2.54127488e+07 2.20856838e+07 1.92109351e+07 1.67548887e+07
 1.46477053e+07 1.28427988e+07 1.12904534e+07 9.95975365e+06
 8.80934895e+06 7.81333817e+06 6.95681436e+06 6.20778883e+06
 5.55285964e+06 4.98069800e+06 4.48268345e+06 4.04995532e+06
 3.67291911e+06 3.34501077e+06 3.05834687e+06 2.80621569e+06
 2.58364971e+06 2.38660652e+06 2.21019373e+06 2.05391048e+06
 1.91609932e+06 1.79518819e+06 1.68781421e+06 1.59226669e+06
 1.50701319e+06 1.43103049e+06 1.36694312e+06 1.31061983e+06
 1.26115725e+06 1.21699985e+06 1.17658500e+06 1.13935631e+06
 1.10569088e+06 1.07322000e+06 1.04209812e+06 1.01083513e+06
 9.79780813e+05 9.48717437e+05 9.16579136e+05 8.82927471e+05
 8.46440489e+05 8.07613465e+05 7.68489375e+05 7.30531574e+05
 6.95932176e+05 6.66428337e+05 6.43599554e+05]",1,0.9963605787587705,,95150876.95535964
2,2270,2215143.5,4.8903013,5.0609492,5.9041158,482.32483,482.32001-482.32965,61529771.679090485,5347078.009315491,112,5068064.209877959,94.8,5336787.533133862,99.8,[6.46],[0],"[(482.32346, 341.30527)]","[(100.0, 86.31751)]","[4.5995139 4.6086716 4.6179377 4.6270419 4.6361419 4.6453799 4.6545449
 4.6639186 4.6729481 4.6821254 4.6911477 4.7002199 4.7093993 4.718347
 4.7274243 4.7363731 4.7453762 4.7546679 4.7635762 4.7727195 4.7817044
 4.7906831 4.7999618 4.8088806 4.8178107 4.8268019 4.8357612 4.8448179
 4.8536764 4.8626262 4.8716389 4.8805764 4.8895669 4.8983978 4.9073478
 4.9163648 4.9253071 4.9343217 4.9431863 4.9521859 4.961255  4.9702721
 4.9794728 4.9884124 4.9975387 5.0066117 5.0156499 5.0249482 5.0339467
 5.0429613 5.0519592 5.0609492 5.0699392 5.0789371 5.0879517 5.0969502
 5.1062485 5.1152867 5.1243597 5.133486  5.1424256 5.1516263 5.1606434
 5.1697125 5.1787121 5.1875767 5.1965913 5.2055336 5.2145506 5.2235006
 5.2323315 5.241322  5.2502595 5.2592722 5.268222  5.2770805 5.2861372
 5.2950965 5.3040877 5.3130178 5.3219366 5.3312153 5.340194  5.3491789
 5.3583222 5.3672305 5.3765222 5.3855253 5.3944741 5.4035514 5.4124991
 5.4216785 5.4307507 5.439773  5.4489503 5.4579798 5.4673535 5.4765185
 5.4857565 5.4948565 5.5039607 5.5132268 5.5223845 5.5315336 5.5406122
 5.5496582 5.5589001 5.5679459 5.5770126 5.5860935 5.5950522 5.6042387
 5.6132206 5.6223336 5.6314145 5.6403514 5.6494119 5.6588153 5.6679139
 5.6768971 5.6858764 5.6948581 5.7040498 5.7131137 5.7220727 5.7310174
 5.7399762 5.749081  5.7583887 5.7673765 5.7763731 5.7854445 5.7947744
 5.8040181 5.8130577 5.8221045 5.831154  5.8402382 5.8495924 5.8586515
 5.8676661 5.8767149 5.885889  5.895004  5.9041158]","[1.46619178e+02 2.14352584e+02 3.12587195e+02 4.49743639e+02
 6.42581832e+02 9.16679216e+02 1.29501832e+03 1.83083415e+03
 2.53824605e+03 3.51364424e+03 4.80468697e+03 6.53722351e+03
 8.86565085e+03 1.18520185e+04 1.58044388e+04 2.08505035e+04
 2.73715068e+04 3.59943543e+04 4.64908936e+04 6.00463178e+04
 7.66958535e+04 9.72981295e+04 1.23556401e+05 1.54420080e+05
 1.91787062e+05 2.36974713e+05 2.90661477e+05 3.54914739e+05
 4.28675901e+05 5.15387420e+05 6.16326094e+05 7.31096955e+05
 8.62385745e+05 1.00773219e+06 1.17235685e+06 1.35635720e+06
 1.55702869e+06 1.77751652e+06 2.01161102e+06 2.26580403e+06
 2.53731395e+06 2.82054242e+06 3.12057289e+06 3.41975469e+06
 3.72942949e+06 4.03758797e+06 4.34057127e+06 4.64335799e+06
 4.92304471e+06 5.18539452e+06 5.42493437e+06 5.33707861e+06
 5.33463636e+06 5.24565315e+06 5.07356005e+06 4.83183681e+06
 4.53450600e+06 4.19799606e+06 3.83839018e+06 3.47013110e+06
 3.10206635e+06 2.74559869e+06 2.41125534e+06 2.10550193e+06
 1.83431689e+06 1.59677996e+06 1.39178246e+06 1.21667291e+06
 1.06931096e+06 9.46453203e+05 8.42719195e+05 7.55032716e+05
 6.79452345e+05 6.13421619e+05 5.54307537e+05 5.01752150e+05
 4.54837160e+05 4.12941070e+05 3.75663449e+05 3.43019685e+05
 3.13730570e+05 2.87680093e+05 2.64203041e+05 2.42965974e+05
 2.24032457e+05 2.07126856e+05 1.91940271e+05 1.78428055e+05
 1.66434028e+05 1.55905247e+05 1.46634747e+05 1.38584439e+05
 1.31223587e+05 1.24482828e+05 1.18226384e+05 1.12221555e+05
 1.06299532e+05 1.00682660e+05 9.51918912e+04 9.02352754e+04
 8.58064883e+04 8.17545683e+04 7.82476643e+04 7.53002714e+04
 7.28257946e+04 7.10249744e+04 6.97500597e+04 6.87498500e+04
 6.79023347e+04 6.67928704e+04 6.53999512e+04 6.34648961e+04
 6.09161604e+04 5.80801140e+04 5.51796529e+04 5.24889316e+04
 5.01927065e+04 4.82736128e+04 4.65003112e+04 4.48810491e+04
 4.32171225e+04 4.18168649e+04 4.07311163e+04 3.99698463e+04
 3.94615102e+04 3.90139613e+04 3.83595584e+04 3.74600281e+04
 3.60704003e+04 3.44169429e+04 3.25837459e+04 3.06098970e+04
 2.84895491e+04 2.62982024e+04 2.38477973e+04 2.10560057e+04
 1.78345763e+04 1.43095076e+04 1.07330203e+04 7.41849789e+03
 4.64583464e+03 2.66962509e+03 1.32708073e+03 5.87615425e+02
 1.79670006e+02]",1,0.9940110990149041,,5424934.365037265
3,1102,25904138.0,2.1325354,2.4867559,2.9019788,500.27737,500.27237-500.28238,740093537.7861153,60000227.18902969,87,59980034.59827538,100.0,59334226.55121349,98.9,[9.93],[0],"[(500.27707, 359.25937)]","[(72.42887, 19.76885)]","[2.031533  2.041533  2.051533  2.061533  2.071533  2.071533  2.0803245
 2.0891162 2.0980475 2.1068776 2.115698  2.1244367 2.1331584 2.1420825
 2.1508966 2.1598237 2.1685605 2.1772767 2.1861725 2.1949966 2.2038596
 2.2126068 2.2214909 2.2304133 2.2392554 2.2481193 2.2569289 2.2657068
 2.2744918 2.2833689 2.2922662 2.3010825 2.3099339 2.3188043 2.3276888
 2.3365835 2.3454006 2.3542305 2.3630685 2.371861  2.3807996 2.389696
 2.3984642 2.4072756 2.4159971 2.4249049 2.4337652 2.4425564 2.4513455
 2.4602138 2.4690987 2.4778839 2.4867559 2.4956279 2.5044131 2.513298
 2.5221663 2.5309554 2.5397466 2.5486069 2.5575147 2.5662362 2.5750476
 2.5838158 2.5927122 2.6016508 2.6104433 2.6192813 2.6281112 2.6369283
 2.645823  2.6547075 2.6635779 2.6724293 2.6812456 2.6901429 2.69902
 2.707805  2.7165829 2.7253925 2.7342564 2.7430985 2.7520209 2.760905
 2.7696522 2.7785152 2.7873393 2.7962351 2.8049513 2.8136881 2.8226152
 2.8314293 2.8403534 2.8490751 2.8578138 2.8666342 2.8754643 2.8843956
 2.8931873 2.9019788 2.9019788 2.9119788 2.9219788 2.9319788 2.9419788
 2.9519788]","[1.35886485e+02 2.34343420e+02 3.99465155e+02 6.73061388e+02
 1.12093412e+03 1.12093412e+03 1.73845085e+03 2.67205564e+03
 4.09728101e+03 6.19558111e+03 9.27982420e+03 1.37245313e+04
 2.01038487e+04 2.94395811e+04 4.25200882e+04 6.11370252e+04
 8.64481120e+04 1.21062762e+05 1.69169866e+05 2.33623101e+05
 3.20160754e+05 4.33054509e+05 5.83196099e+05 7.79169659e+05
 1.02884672e+06 1.34711239e+06 1.74505169e+06 2.23825666e+06
 2.84578972e+06 3.59442913e+06 4.50084872e+06 5.57347740e+06
 6.84508245e+06 8.33399311e+06 1.00572709e+07 1.20283910e+07
 1.42335527e+07 1.66951549e+07 1.94083269e+07 2.23426469e+07
 2.55443580e+07 2.89183923e+07 3.23866263e+07 3.59656662e+07
 3.95443755e+07 4.31713702e+07 4.66797272e+07 4.99893662e+07
 5.30539911e+07 5.58260798e+07 5.82122656e+07 6.01267769e+07
 5.99923676e+07 5.97103584e+07 5.85691650e+07 5.66448983e+07
 5.40603278e+07 5.09116205e+07 4.73708205e+07 4.35696216e+07
 3.96671818e+07 3.57489103e+07 3.19296080e+07 2.82657292e+07
 2.47845100e+07 2.15508295e+07 1.85982505e+07 1.59460445e+07
 1.35942762e+07 1.15578028e+07 9.80521859e+06 8.32306129e+06
 7.08156780e+06 6.04417039e+06 5.19109818e+06 4.48360035e+06
 3.90509886e+06 3.43033963e+06 3.03328160e+06 2.70154490e+06
 2.41600780e+06 2.17412206e+06 1.96301201e+06 1.77777696e+06
 1.61070040e+06 1.46119753e+06 1.32812600e+06 1.21586067e+06
 1.11904566e+06 1.03800688e+06 9.68191061e+05 9.08179009e+05
 8.54644623e+05 8.07552488e+05 7.64703546e+05 7.26439409e+05
 6.91399484e+05 6.60009552e+05 6.32093020e+05 6.08726767e+05
 1.12093412e+03 6.73061388e+02 3.99465155e+02 2.34343420e+02
 1.35886485e+02 7.78842067e+01]",1,0.9979573952175007,,60126776.87463311
4,2364,2091812.2,5.1152867,5.3130178,5.8402382,508.34048,508.3354-508.34557,30187914.1773566,2572295.070725441,80,2569403.6946827974,99.9,2536095.8126420337,98.6,[5.65],[0],"[(508.34134, 367.32144)]","[(35.04825, 32.76408)]","[4.7857974 4.7857974 4.7948816 4.8039311 4.8129779 4.8220175 4.8312612
 4.8405911 4.8496625 4.8586591 4.8676469 4.8769546 4.8860594 4.8950182
 4.9039629 4.9129219 4.9219858 4.9311775 4.9401592 4.9491385 4.9581217
 4.9672203 4.9766237 4.9856842 4.9946211 5.003702  5.012815  5.0217969
 5.0309834 5.0399421 5.049023  5.0580897 5.0671355 5.0763774 5.0854234
 5.094502  5.1036511 5.1128088 5.1220749 5.1311791 5.1402791 5.1495171
 5.1586821 5.1680558 5.1770853 5.1862626 5.1952849 5.2043571 5.2135365
 5.2224842 5.2315615 5.2405103 5.2495134 5.2588051 5.2677134 5.2768567
 5.2858416 5.2948203 5.304099  5.3130178 5.3219366 5.3312153 5.340194
 5.3491789 5.3583222 5.3672305 5.3765222 5.3855253 5.3944741 5.4035514
 5.4124991 5.4216785 5.4307507 5.439773  5.4489503 5.4579798 5.4673535
 5.4765185 5.4857565 5.4948565 5.5039607 5.5132268 5.5223845 5.5315336
 5.5406122 5.5496582 5.5589001 5.5679459 5.5770126 5.5860935 5.5950522
 5.6042387 5.6132206 5.6223336 5.6314145 5.6403514 5.6494119 5.6588153
 5.6679139 5.6768971 5.6858764 5.6948581 5.7040498 5.7131137 5.7220727
 5.7310174 5.7399762 5.749081  5.7583887 5.7673765 5.7763731 5.7854445
 5.7947744 5.8040181 5.8130577 5.8221045 5.831154  5.8402382 5.8402382
 5.8502382]","[1.21225986e+02 1.21225986e+02 1.61953316e+02 2.15246386e+02
 2.84892899e+02 3.75464987e+02 4.95842484e+02 6.53698849e+02
 8.51702582e+02 1.10280775e+03 1.42187304e+03 1.84211034e+03
 2.36326986e+03 3.00768872e+03 3.81120852e+03 4.81203990e+03
 6.06766885e+03 7.64410867e+03 9.54073904e+03 1.18597162e+04
 1.46848511e+04 1.81587012e+04 2.25172415e+04 2.75890434e+04
 3.35754737e+04 4.08243689e+04 4.94687595e+04 5.95376892e+04
 7.16618452e+04 8.55139490e+04 1.01875162e+05 1.20839376e+05
 1.42696374e+05 1.68407798e+05 1.97244286e+05 2.30208664e+05
 2.67894500e+05 3.10500304e+05 3.58988183e+05 4.12283295e+05
 4.71519040e+05 5.38098976e+05 6.10878836e+05 6.92517480e+05
 7.78244718e+05 8.72632736e+05 9.72609442e+05 1.08028367e+06
 1.19638608e+06 1.31625123e+06 1.44425695e+06 1.57631145e+06
 1.71446754e+06 1.86189469e+06 2.00704138e+06 2.15893586e+06
 2.31004178e+06 2.46174097e+06 2.61796053e+06 2.57223695e+06
 2.55480276e+06 2.49832528e+06 2.40531784e+06 2.28126338e+06
 2.13327812e+06 1.96808365e+06 1.79362107e+06 1.61789230e+06
 1.44597395e+06 1.28384401e+06 1.13467696e+06 1.00030899e+06
 8.80554535e+05 7.74725726e+05 6.82292774e+05 6.01624792e+05
 5.31673244e+05 4.71788092e+05 4.21186503e+05 3.78176946e+05
 3.42644599e+05 3.12696764e+05 2.87668322e+05 2.67505079e+05
 2.50878886e+05 2.37150004e+05 2.25574760e+05 2.14784880e+05
 2.03783109e+05 1.92241065e+05 1.80005739e+05 1.67352167e+05
 1.54286416e+05 1.41363464e+05 1.28628136e+05 1.16741864e+05
 1.06091535e+05 9.64990176e+04 8.81316207e+04 8.08946901e+04
 7.46189981e+04 6.95087530e+04 6.53044415e+04 6.20437275e+04
 5.95902192e+04 5.76103701e+04 5.60046755e+04 5.44028800e+04
 5.24972812e+04 5.01081196e+04 4.73269740e+04 4.43264234e+04
 4.15819478e+04 3.92748152e+04 3.76159301e+04 3.66239912e+04
 3.59467887e+04 3.57857699e+04 1.21225986e+02 8.77130846e+01]",1,0.9902508318124725,,2617960.526364554
5,1258,29770660.0,2.4161997,2.8490751,3.4923114,526.29315,526.28789-526.29841,875029728.1895149,72421611.31661987,116,72358204.14155751,99.9,72199298.34533602,99.7,[6.68],[0],"[(526.29327, 385.27512)]","[(61.13887, 17.25814)]","[2.390943  2.3997742 2.408542  2.4173911 2.4262909 2.4350837 2.4438546
 2.4525953 2.4614036 2.4702888 2.4790388 2.4877854 2.4965271 2.5052597
 2.5140472 2.5228036 2.5315347 2.540264  2.5490305 2.5578676 2.5665909
 2.5753389 2.5840796 2.5928796 2.6017343 2.6104813 2.6192779 2.6281264
 2.6369608 2.6458338 2.6546826 2.6635146 2.6723635 2.681226  2.6900697
 2.6989501 2.7077959 2.7166626 2.7254826 2.7343139 2.743163  2.7520072
 2.7608556 2.7696567 2.7784734 2.7873225 2.7961714 2.8049629 2.8137546
 2.8226859 2.831516  2.8403364 2.8490751 2.8578138 2.8666342 2.8754643
 2.8843956 2.8931873 2.9019788 2.9108277 2.9196768 2.9284935 2.9372946
 2.946143  2.9549872 2.9638363 2.9726676 2.9814876 2.9903543 2.9992001
 3.0080805 3.0169242 3.0257867 3.0346356 3.0434676 3.0523164 3.0611894
 3.0700238 3.0788723 3.0876689 3.0964159 3.1052706 3.1140706 3.1228113
 3.1315593 3.1402826 3.1491197 3.1578862 3.1666155 3.1753466 3.184103
 3.1928905 3.2016231 3.2103648 3.2191114 3.2278614 3.2367466 3.2455549
 3.2542956 3.2630665 3.2718593 3.2807591 3.2896082 3.298376  3.3072072
 3.3159549 3.3248257 3.3336773 3.3424681 3.3513534 3.3601769 3.3690394
 3.3778112 3.3865843 3.3955144 3.4042764 3.4130211 3.4218718 3.4306226
 3.439451  3.4482718 3.4569927 3.4658707 3.4746947 3.4834894 3.4923114]","[1.52807278e+02 2.44899909e+02 3.87845192e+02 6.11557504e+02
 9.58423268e+02 1.48114304e+03 2.26708467e+03 3.43579717e+03
 5.17932301e+03 7.76784720e+03 1.14800975e+04 1.68209614e+04
 2.44339211e+04 3.51806245e+04 5.03400111e+04 7.13320239e+04
 1.00127437e+05 1.39358160e+05 1.92593506e+05 2.64574508e+05
 3.58922880e+05 4.83237149e+05 6.44973834e+05 8.55202625e+05
 1.12617224e+06 1.46551650e+06 1.89374093e+06 2.42973651e+06
 3.08940742e+06 3.89829987e+06 4.87343670e+06 6.03757676e+06
 7.41843247e+06 9.03922058e+06 1.09146232e+07 1.30751853e+07
 1.55173365e+07 1.82638391e+07 2.12936142e+07 2.46178417e+07
 2.82242045e+07 3.20777628e+07 3.61455381e+07 4.03551724e+07
 4.46786133e+07 4.90580019e+07 5.34022573e+07 5.76033037e+07
 6.16062756e+07 6.53831672e+07 6.87462807e+07 7.16590759e+07
 7.23582041e+07 7.13115447e+07 6.92151295e+07 6.62374788e+07
 6.26074573e+07 5.85102834e+07 5.41202174e+07 4.95504400e+07
 4.48683816e+07 4.02059783e+07 3.56255272e+07 3.12730483e+07
 2.72327555e+07 2.35330736e+07 2.02563110e+07 1.73720142e+07
 1.48724136e+07 1.27052636e+07 1.08650718e+07 9.29032651e+06
 7.94963443e+06 6.80514755e+06 5.82608393e+06 4.98980792e+06
 4.27646595e+06 3.66468805e+06 3.14003690e+06 2.69259105e+06
 2.31460537e+06 1.99657177e+06 1.73110659e+06 1.51293794e+06
 1.33580293e+06 1.19130309e+06 1.07428522e+06 9.77032638e+05
 8.96997256e+05 8.30234553e+05 7.74806308e+05 7.29675616e+05
 6.92757686e+05 6.65659860e+05 6.44232513e+05 6.26100090e+05
 6.11332899e+05 5.96892708e+05 5.82833652e+05 5.69249124e+05
 5.57082541e+05 5.46742423e+05 5.38067951e+05 5.31640752e+05
 5.25950158e+05 5.20114715e+05 5.13592040e+05 5.05689058e+05
 4.94338443e+05 4.80372055e+05 4.61998345e+05 4.39435872e+05
 4.13057058e+05 3.83555350e+05 3.52075981e+05 3.22696722e+05
 2.94746846e+05 2.68997972e+05 2.43873772e+05 2.21419354e+05
 2.01009238e+05 1.81789132e+05 1.63065531e+05 1.42104448e+05
 1.17573994e+05 9.09295070e+04]",1,0.9987505666461655,,72358204.14155751
6,5934,2261716.2,13.126788,13.476047,14.134459,710.47571,710.4686-710.48281,39035104.114323124,2841005.884765625,104,2841500.310078906,100.0,2788697.6037849905,98.2,[0.03],[0],"[(569.45624, 710.47534)]","[(100.0, 63.90524)]","[12.826641 12.835687 12.844752 12.853838 12.862903 12.871959 12.881058
 12.890116 12.899227 12.908234 12.917216 12.926332 12.935449 12.944553
 12.95355  12.962659 12.97166  12.980653 12.989744 12.998743 13.007848
 13.01683  13.025836 13.034902 13.043857 13.052949 13.061895 13.070861
 13.079891 13.088816 13.097873 13.106803 13.115842 13.12486  13.133777
 13.1427   13.151635 13.160662 13.169674 13.178589 13.187533 13.196486
 13.205525 13.214567 13.223506 13.232476 13.241455 13.250542 13.25963
 13.268606 13.277612 13.286728 13.295649 13.304767 13.313774 13.32289
 13.332017 13.341056 13.350051 13.359037 13.367958 13.377369 13.386409
 13.395384 13.404483 13.413346 13.422358 13.431318 13.44028  13.449318
 13.458192 13.467099 13.476047 13.484995 13.493902 13.502776 13.511814
 13.520776 13.529736 13.538748 13.547611 13.55671  13.565685 13.574725
 13.584136 13.593057 13.602043 13.611038 13.620077 13.629204 13.63832
 13.647327 13.656445 13.665366 13.674482 13.683488 13.692464 13.701552
 13.710639 13.719618 13.728588 13.737527 13.746569 13.755608 13.764561
 13.773505 13.78242  13.791432 13.800459 13.809394 13.818317 13.827234
 13.836252 13.845291 13.854221 13.863278 13.872203 13.881233 13.890199
 13.899145 13.908237 13.917192 13.926258 13.935264 13.944246 13.953351
 13.96235  13.971441 13.980434 13.989435 13.998544 14.007541 14.016645
 14.025762 14.034878 14.04386  14.052867 14.061978 14.071036 14.080135
 14.089191 14.098256 14.107342 14.116407 14.125453 14.134459]","[1.04834562e+02 1.32708039e+02 1.67635593e+02 2.11313059e+02
 2.65529451e+02 3.32707261e+02 4.16227811e+02 5.18824889e+02
 6.45835861e+02 7.99845293e+02 9.87441197e+02 1.21965568e+03
 1.50251996e+03 1.84553992e+03 2.25552379e+03 2.75620764e+03
 3.35130132e+03 4.06365754e+03 4.92484429e+03 5.94147043e+03
 7.16493080e+03 8.59616308e+03 1.02916479e+04 1.23040919e+04
 1.46401373e+04 1.74203774e+04 2.06175976e+04 2.43482734e+04
 2.87135348e+04 3.37101601e+04 3.95672393e+04 4.62190397e+04
 5.39514569e+04 6.27913514e+04 7.27694556e+04 8.41273724e+04
 9.70294207e+04 1.11784835e+05 1.28419961e+05 1.46934948e+05
 1.67764464e+05 1.91082685e+05 2.17348949e+05 2.46591604e+05
 2.78650374e+05 3.14203311e+05 3.53424210e+05 3.97061302e+05
 4.44916655e+05 4.96553449e+05 5.52954491e+05 6.14946808e+05
 6.80585078e+05 7.52937652e+05 8.29791672e+05 9.13153883e+05
 1.00233774e+06 1.09636461e+06 1.19558696e+06 1.30031599e+06
 1.40975862e+06 1.53098737e+06 1.65283351e+06 1.77879523e+06
 1.91127313e+06 2.04458954e+06 2.18405925e+06 2.32616416e+06
 2.47120229e+06 2.61981449e+06 2.76738770e+06 2.91648272e+06
 2.84150031e+06 2.81897367e+06 2.76717402e+06 2.68934386e+06
 2.59098780e+06 2.47211094e+06 2.33398866e+06 2.18044093e+06
 2.01391911e+06 1.84234088e+06 1.67146383e+06 1.50809336e+06
 1.35670012e+06 1.22071519e+06 1.09878120e+06 9.90486485e+05
 8.95459239e+05 8.10263518e+05 7.34976591e+05 6.67014664e+05
 6.06419019e+05 5.51669444e+05 5.02100238e+05 4.58025732e+05
 4.19807020e+05 3.87900893e+05 3.61328019e+05 3.38942760e+05
 3.18938118e+05 2.99432830e+05 2.78957844e+05 2.57135207e+05
 2.35788455e+05 2.15021401e+05 1.96836147e+05 1.81624325e+05
 1.68965728e+05 1.58327694e+05 1.48831360e+05 1.40792993e+05
 1.33868345e+05 1.28437742e+05 1.24526931e+05 1.21319539e+05
 1.18693918e+05 1.16207299e+05 1.13461946e+05 1.10279528e+05
 1.07526501e+05 1.05057106e+05 1.02916706e+05 1.01338830e+05
 1.00424048e+05 9.96463663e+04 9.90662902e+04 9.87226598e+04
 9.84940992e+04 9.83021021e+04 9.77248087e+04 9.63283162e+04
 9.45505184e+04 9.22735087e+04 8.94479635e+04 8.60038424e+04
 8.19678005e+04 7.78353221e+04 7.35082158e+04 6.91602611e+04
 6.51291572e+04 6.12352542e+04 5.76864311e+04 5.45436894e+04
 5.21165019e+04 5.04012284e+04]",1,0.9892356794491796,,2916482.719387309
7,7196,1992537.9,15.831299,16.38121,16.896672,722.51257,722.50535-722.5198,57989099.52581195,2653702.530971527,118,2638200.524004275,99.4,2301693.052615502,86.7,[6.03],[0],"[(581.49377, 722.51202)]","[(100.0, 82.02549)]","[15.831299 15.840175 15.848913 15.85789  15.867196 15.876191 15.88508
 15.893954 15.902943 15.91185  15.92086  15.929753 15.938627 15.947624
 15.956613 15.965644 15.974555 15.983453 15.992472 16.001472 16.010401
 16.019334 16.028163 16.037223 16.046233 16.055266 16.06422  16.07308
 16.082132 16.091183 16.100244 16.109217 16.118099 16.12718  16.136242
 16.145331 16.154327 16.163335 16.172346 16.181431 16.190552 16.199574
 16.208602 16.217632 16.226747 16.235884 16.244927 16.253992 16.263035
 16.272168 16.281317 16.290378 16.299537 16.308495 16.317644 16.326784
 16.335844 16.344976 16.354044 16.363104 16.372094 16.38121  16.390326
 16.399316 16.408376 16.417444 16.426576 16.435636 16.444776 16.453925
 16.462883 16.472042 16.481103 16.490252 16.499385 16.508428 16.517493
 16.526536 16.535673 16.544788 16.553818 16.562846 16.571868 16.580989
 16.590074 16.599085 16.608093 16.617089 16.626178 16.63524  16.644321
 16.653203 16.662176 16.671237 16.680288 16.68934  16.6982   16.707154
 16.716187 16.725197 16.734257 16.743086 16.752019 16.760948 16.769948
 16.778967 16.787865 16.796776 16.805807 16.814796 16.823793 16.832667
 16.84156  16.85057  16.859477 16.868466 16.87734  16.886229 16.895224
 16.90453  16.913507 16.922245]","[1.22183331e+04 1.85234990e+04 2.65374820e+04 3.57238149e+04
 4.56118638e+04 5.51748786e+04 6.33025508e+04 6.92172651e+04
 7.23731981e+04 7.34769078e+04 7.31613932e+04 7.32261385e+04
 7.37404727e+04 7.53135720e+04 7.73253370e+04 7.95730725e+04
 8.19768832e+04 8.34113839e+04 8.41646945e+04 8.45863251e+04
 8.48074743e+04 8.55466297e+04 8.71145458e+04 8.97017070e+04
 9.33247247e+04 9.80937793e+04 1.04005396e+05 1.11592932e+05
 1.21857816e+05 1.35554627e+05 1.53892875e+05 1.78165452e+05
 2.10217535e+05 2.50265012e+05 2.99799355e+05 3.58711849e+05
 4.27922234e+05 5.07000446e+05 5.96772575e+05 6.96965304e+05
 8.06691984e+05 9.25484804e+05 1.05217442e+06 1.18337331e+06
 1.31667508e+06 1.44894765e+06 1.57793359e+06 1.70094882e+06
 1.81630112e+06 1.92396293e+06 2.02122918e+06 2.10964243e+06
 2.19170915e+06 2.26870334e+06 2.34294326e+06 2.41288811e+06
 2.47761484e+06 2.53473736e+06 2.58510070e+06 2.62324578e+06
 2.64900007e+06 2.66066441e+06 2.60694616e+06 2.61219109e+06
 2.60122333e+06 2.57411320e+06 2.53101291e+06 2.47337871e+06
 2.40129193e+06 2.31641777e+06 2.22244036e+06 2.11686437e+06
 2.00469975e+06 1.88546384e+06 1.76225919e+06 1.63790913e+06
 1.51256947e+06 1.38839865e+06 1.26525098e+06 1.14599419e+06
 1.03246862e+06 9.24448502e+05 8.22668471e+05 7.26560621e+05
 6.37960654e+05 5.57284238e+05 4.83829505e+05 4.17550204e+05
 3.57554856e+05 3.04406589e+05 2.57449259e+05 2.17211464e+05
 1.81830029e+05 1.51003255e+05 1.24647183e+05 1.02248486e+05
 8.37199557e+04 6.79891421e+04 5.47725729e+04 4.38767805e+04
 3.48868548e+04 2.77340458e+04 2.18556835e+04 1.71207120e+04
 1.33034724e+04 1.02680225e+04 7.90457710e+03 6.04613127e+03
 4.57959229e+03 3.45188134e+03 2.58521704e+03 1.93209995e+03
 1.43441878e+03 1.05426645e+03 7.72879645e+02 5.61525057e+02
 4.07171587e+02 2.93316281e+02 2.09186397e+02 1.46499415e+02
 1.03250138e+02 7.30177419e+01]",1,0.9970444905319079,,2660664.4054386616
8,7843,3519367.0,17.35675,17.802811,18.405744,722.51282,722.50559-722.52004,103087365.91140454,5781303.1055755615,116,5777053.548519028,99.9,5501770.41109815,95.2,[0.89],[0],"[(581.4931, 722.51233)]","[(100.0, 87.86584)]","[17.365469 17.374481 17.384361 17.39321  17.402077 17.410897 17.419819
 17.428838 17.437673 17.44656  17.455391 17.464138 17.473123 17.481975
 17.49083  17.499673 17.508436 17.517435 17.526298 17.535265 17.544129
 17.552899 17.561811 17.570682 17.57966  17.588523 17.597304 17.606187
 17.615066 17.624054 17.633036 17.641924 17.650816 17.659698 17.668688
 17.677572 17.686466 17.69545  17.704338 17.713328 17.722221 17.731122
 17.740099 17.748996 17.758002 17.766909 17.775857 17.784855 17.793771
 17.802811 17.811851 17.820767 17.829765 17.838713 17.84762  17.856626
 17.865523 17.8745   17.883401 17.892294 17.901284 17.910172 17.919156
 17.92805  17.936934 17.945924 17.954806 17.963698 17.972586 17.981568
 17.990556 17.999435 18.008318 18.017099 18.025962 18.03494  18.043811
 18.052723 18.061493 18.070357 18.079324 18.088187 18.097186 18.105949
 18.114792 18.123647 18.132499 18.141484 18.150231 18.159062 18.167949
 18.176784 18.185803 18.194725 18.203545 18.212412 18.221261 18.231141
 18.240153]","[1.13862096e+03 2.52086970e+03 4.93876494e+03 8.56215430e+03
 1.48998377e+04 2.17384351e+04 2.90749669e+04 3.60402970e+04
 4.17764927e+04 4.66359493e+04 4.89238785e+04 5.01457096e+04
 5.06750122e+04 5.25313530e+04 5.74170330e+04 6.69054009e+04
 8.25313155e+04 1.02532812e+05 1.26431235e+05 1.53323585e+05
 1.85762605e+05 2.22971979e+05 2.67703331e+05 3.21332508e+05
 3.86236108e+05 4.65149777e+05 5.58847990e+05 6.72524916e+05
 8.07188145e+05 9.69363886e+05 1.16043785e+06 1.38322795e+06
 1.64084198e+06 1.92351190e+06 2.22883312e+06 2.55180402e+06
 2.89323653e+06 3.24826936e+06 3.61336392e+06 3.97887396e+06
 4.33088366e+06 4.66112500e+06 4.95733481e+06 5.20704057e+06
 5.40572480e+06 5.55498719e+06 5.66272539e+06 5.73309354e+06
 5.77322437e+06 5.77705355e+06 5.78470527e+06 5.77434265e+06
 5.70553431e+06 5.58104275e+06 5.40526526e+06 5.18012369e+06
 4.91721043e+06 4.61842433e+06 4.29670381e+06 3.95790759e+06
 3.60576989e+06 3.25560674e+06 2.90658824e+06 2.57198207e+06
 2.25362076e+06 1.95165220e+06 1.67618297e+06 1.42505575e+06
 1.19961065e+06 9.97828917e+05 8.21465173e+05 6.71113696e+05
 5.42795999e+05 4.35794582e+05 3.45738801e+05 2.70718153e+05
 2.10479846e+05 1.61827506e+05 1.23725876e+05 9.33969231e+04
 6.95665916e+04 5.14776841e+04 3.75337908e+04 2.73247029e+04
 1.96408507e+04 1.39724599e+04 9.84321891e+03 6.82842550e+03
 4.73649862e+03 3.24199003e+03 2.19181443e+03 1.47060778e+03
 9.68645227e+02 6.34443881e+02 4.13457905e+02 2.66181338e+02
 1.69829456e+02 1.01633117e+02 6.29474370e+01]",1,0.9997076330468805,,5784705.2729254505
9,9355,5422098.0,20.77473,21.177905,21.55598,724.52814,724.52089-724.53538,150913648.87684825,8961472.266296387,87,8943684.431270957,99.8,7822100.1310455855,87.3,[6.46],[0],"[(583.50916, 724.52734)]","[(100.0, 84.28977)]","[20.71473  20.72473  20.73473  20.74473  20.75473  20.76473  20.77473
 20.783568 20.792407 20.801264 20.810217 20.8192   20.82805  20.836914
 20.845783 20.85475  20.863745 20.872618 20.881494 20.890455 20.899417
 20.908516 20.917393 20.926265 20.935251 20.944249 20.953341 20.962221
 20.971177 20.98016  20.989165 20.998265 21.007151 21.016095 21.025078
 21.033979 21.043078 21.052029 21.060987 21.069965 21.078872 21.087963
 21.096943 21.105901 21.114961 21.12385  21.132946 21.141902 21.150873
 21.159941 21.168822 21.177905 21.186988 21.195869 21.204937 21.213908
 21.222864 21.23196  21.240849 21.249909 21.258867 21.267847 21.276938
 21.285845 21.294823 21.303781 21.312732 21.321831 21.330732 21.339715
 21.348659 21.357545 21.366645 21.37565  21.384633 21.393589 21.402469
 21.411561 21.420559 21.429545 21.438417 21.447294 21.456393 21.465355
 21.474316 21.483192 21.492065 21.50106  21.510027 21.518896 21.52776
 21.53661  21.545593 21.554546 21.563403 21.572242 21.58108  21.59108
 21.60108  21.61108  21.62108  21.63108  21.64108 ]","[9.33831819e+01 1.52721677e+02 2.47086351e+02 3.95469398e+02
 6.26171168e+02 9.80819984e+02 3.87068234e+03 6.83237859e+03
 1.12725214e+04 1.67934253e+04 2.34809635e+04 3.09953908e+04
 3.92681013e+04 4.80924370e+04 5.76267860e+04 6.83632320e+04
 8.09845508e+04 9.65604914e+04 1.16504056e+05 1.42534622e+05
 1.75049909e+05 2.15499421e+05 2.64627252e+05 3.24715407e+05
 3.98091968e+05 4.88944131e+05 6.01201711e+05 7.38616585e+05
 9.04872473e+05 1.10335182e+06 1.33707851e+06 1.60599963e+06
 1.90723556e+06 2.24272412e+06 2.60981495e+06 3.00914178e+06
 3.43935150e+06 3.89566482e+06 4.37697973e+06 4.87727732e+06
 5.38642756e+06 5.89482620e+06 6.39230148e+06 6.86292545e+06
 7.29645017e+06 7.68880974e+06 8.03350885e+06 8.32942710e+06
 8.56894689e+06 8.75537861e+06 8.88741721e+06 8.95545704e+06
 8.87848706e+06 8.78170780e+06 8.60809284e+06 8.36638225e+06
 8.06174415e+06 7.69525413e+06 7.29008643e+06 6.83883353e+06
 6.36449202e+06 5.87078623e+06 5.36225980e+06 4.86453652e+06
 4.37156871e+06 3.89559375e+06 3.44187323e+06 3.00801843e+06
 2.61388915e+06 2.24889674e+06 1.91946566e+06 1.62602307e+06
 1.35989269e+06 1.12946991e+06 9.30373598e+05 7.60204728e+05
 6.16934273e+05 4.93804737e+05 3.92698350e+05 3.09678367e+05
 2.42862637e+05 1.88825699e+05 1.44609713e+05 1.10226892e+05
 8.32970123e+04 6.25773893e+04 4.66185907e+04 3.42908905e+04
 2.50288834e+04 1.81758143e+04 1.30901124e+04 9.35290529e+03
 6.59179855e+03 4.61113661e+03 3.21056793e+03 2.21825808e+03
 1.51985306e+03 9.80819984e+02 6.26171168e+02 3.95469398e+02
 2.47086351e+02 1.52721677e+02 9.33831819e+01]",1,0.9999455809181932,,8955457.035834087
10,6092,2914292.2,13.224934,13.818317,14.550018,736.49109,736.48372-736.49845,61060308.91825783,3406518.1565475464,121,3407182.913782087,100.0,3301118.8145560566,96.9,[2.57],[0],"[(595.47241, 736.49115)]","[(100.0, 89.77044)]","[13.398148 13.408148 13.418148 13.428148 13.438148 13.448148 13.458148
 13.467104 13.476047 13.484995 13.493902 13.502776 13.511814 13.520776
 13.529736 13.538748 13.547611 13.55671  13.565685 13.574725 13.584136
 13.593057 13.602043 13.611038 13.620077 13.629204 13.63832  13.647327
 13.656445 13.665366 13.674482 13.683488 13.692464 13.701552 13.710639
 13.719618 13.728588 13.737527 13.746569 13.755608 13.764561 13.773505
 13.78242  13.791432 13.800459 13.809394 13.818317 13.82724  13.836175
 13.845202 13.854214 13.863129 13.872073 13.881026 13.890065 13.899107
 13.908046 13.917016 13.925995 13.935082 13.94417  13.953146 13.962152
 13.971268 13.980189 13.989307 13.998314 14.00743  14.016557 14.025596
 14.034591 14.043577 14.052498 14.061909 14.070949 14.079924 14.089023
 14.097886 14.106898 14.115858 14.12482  14.133858 14.142732 14.151639
 14.160587 14.16953  14.178486 14.188486 14.198486 14.208486 14.218486
 14.228486 14.238486]","[9.62482329e+01 1.57120673e+02 2.53499012e+02 4.04223526e+02
 6.37043774e+02 9.92245961e+02 3.94609873e+02 1.20514681e+03
 2.88823223e+03 5.88838522e+03 1.08827107e+04 1.81799526e+04
 2.79140894e+04 3.99217490e+04 5.42203560e+04 7.02375767e+04
 8.77833059e+04 1.07113011e+05 1.27847008e+05 1.50472701e+05
 1.75368957e+05 2.03776215e+05 2.36380599e+05 2.75667779e+05
 3.24706366e+05 3.85824866e+05 4.62106190e+05 5.56215626e+05
 6.67781636e+05 7.98572693e+05 9.47501386e+05 1.11171528e+06
 1.29182834e+06 1.48490374e+06 1.68717928e+06 1.89362404e+06
 2.10021699e+06 2.30002736e+06 2.49005179e+06 2.66849358e+06
 2.83603872e+06 2.99122836e+06 3.13228731e+06 3.25248477e+06
 3.34097821e+06 3.39340721e+06 3.40718291e+06 3.39280834e+06
 3.33722488e+06 3.25091064e+06 3.13689485e+06 2.99977227e+06
 2.84146443e+06 2.66617382e+06 2.47641790e+06 2.27814705e+06
 2.07804839e+06 1.87713968e+06 1.67952103e+06 1.48630841e+06
 1.30261657e+06 1.13265493e+06 9.75097417e+05 8.29837830e+05
 7.01997791e+05 5.85978268e+05 4.85535926e+05 3.97522879e+05
 3.22221270e+05 2.59203266e+05 2.06753195e+05 1.63396945e+05
 1.28145473e+05 9.81676381e+04 7.52565957e+04 5.72571445e+04
 4.29816378e+04 3.22039360e+04 2.37859969e+04 1.74336653e+04
 1.26570386e+04 9.07715515e+03 6.48837517e+03 4.58926583e+03
 3.21059888e+03 2.22555076e+03 1.52746680e+03 9.92245961e+02
 6.37043774e+02 4.04223526e+02 2.53499012e+02 1.57120673e+02
 9.62482329e+01]",1,0.9995806364559271,,3407182.913782087
11,6608,2629898.0,14.550018,14.992311,15.588802,736.49182,736.48446-736.49919,48402314.8618429,2894355.2269363403,115,2786442.7325146287,96.3,2832970.6364938584,97.9,[9.06],[0],"[(595.47302, 736.49084)]","[(100.0, 74.76049)]","[14.05582  14.06582  14.07582  14.08582  14.09582  14.10582  14.11582
 14.12582  14.13582  14.14582  14.15582  14.16582  14.17582  14.18582
 14.19582  14.20582  14.21582  14.22582  14.23582  14.24582  14.25582
 14.26582  14.27582  14.28582  14.29582  14.30582  14.31582  14.32582
 14.33582  14.34582  14.35582  14.36582  14.37582  14.38582  14.39582
 14.39582  14.404955 14.41395  14.422861 14.431915 14.440907 14.449867
 14.458866 14.467881 14.476952 14.48596  14.494949 14.503966 14.513001
 14.522087 14.53113  14.540184 14.549244 14.55832  14.567422 14.576505
 14.585579 14.594554 14.603636 14.612631 14.621624 14.630738 14.639718
 14.648698 14.657693 14.666692 14.6758   14.684781 14.693896 14.703032
 14.712145 14.721256 14.730274 14.739314 14.748446 14.757551 14.766655
 14.775777 14.784695 14.7938   14.802793 14.811891 14.820983 14.829834
 14.838895 14.847866 14.856942 14.866026 14.874971 14.884024 14.892967
 14.902053 14.91114  14.920017 14.929123 14.938093 14.947181 14.956274
 14.965258 14.974358 14.983227 14.992311 15.001395 15.010264 15.019364
 15.028348 15.037441 15.046529 15.055499 15.064605 15.073482 15.082569
 15.091655 15.100598 15.109651 15.118596 15.12768  15.136756 15.145727
 15.154788 15.163639 15.172731 15.181829 15.190822 15.199927 15.208845
 15.217967 15.227071 15.236176 15.245308 15.254348 15.263366 15.272477
 15.28159  15.290726 15.299841 15.308822 15.31793  15.326929 15.335924
 15.344904 15.353884 15.362998 15.371991 15.380986 15.390068 15.399043
 15.408117 15.4172   15.426302 15.435378 15.444438 15.453492 15.462535
 15.471621 15.480656 15.489673 15.498662 15.50767  15.516741 15.525756
 15.534755 15.543715 15.552707 15.561761 15.570672 15.579667 15.588802
 15.588802 15.598802 15.608802 15.618802 15.628802 15.638802 15.648802
 15.658802 15.668802 15.678802 15.688802 15.698802 15.708802 15.718802
 15.728802 15.738802 15.748802 15.758802 15.768802 15.778802 15.788802
 15.798802 15.808802 15.818802 15.828802 15.838802 15.848802 15.858802
 15.868802 15.878802 15.888802 15.898802 15.908802 15.918802 15.928802
 15.938802]","[1.15835969e+02 1.34310047e+02 1.55600589e+02 1.80115732e+02
 2.08319407e+02 2.40738467e+02 2.77970638e+02 3.20693406e+02
 3.69673919e+02 4.25780009e+02 4.89992460e+02 5.63418626e+02
 6.47307559e+02 7.43066753e+02 8.52280705e+02 9.76731416e+02
 1.11842105e+03 1.27959690e+03 1.46277895e+03 1.67079012e+03
 1.90678958e+03 2.17430926e+03 2.47729391e+03 2.82014493e+03
 3.20776833e+03 3.64562704e+03 4.13979802e+03 4.69703442e+03
 5.32483319e+03 6.03150851e+03 6.82627150e+03 7.71931643e+03
 8.72191409e+03 9.84651257e+03 1.11068460e+04 1.11068460e+04
 1.23896124e+04 1.37880163e+04 1.53187410e+04 1.70366187e+04
 1.89205459e+04 2.09908693e+04 2.32825579e+04 2.58117095e+04
 2.86143469e+04 3.16770665e+04 3.50364304e+04 3.87379797e+04
 4.28100441e+04 4.73043559e+04 5.22100861e+04 5.75921083e+04
 6.34895822e+04 6.99549636e+04 7.70469595e+04 8.47823986e+04
 9.32215339e+04 1.02325460e+05 1.12366415e+05 1.23198477e+05
 1.34980864e+05 1.47970049e+05 1.61880452e+05 1.76979441e+05
 1.93385100e+05 2.11177169e+05 2.30693382e+05 2.51532274e+05
 2.74418804e+05 2.99239609e+05 3.26008062e+05 3.54918496e+05
 3.85794551e+05 4.19156483e+05 4.55472571e+05 4.94470923e+05
 5.36432458e+05 5.81645109e+05 6.29105866e+05 6.81093003e+05
 7.36156381e+05 7.95847360e+05 8.59740796e+05 9.26250809e+05
 9.98995287e+05 1.07591777e+06 1.15897763e+06 1.24767260e+06
 1.34073830e+06 1.44101812e+06 1.54640300e+06 1.66023401e+06
 1.78123064e+06 1.90667243e+06 2.04313851e+06 2.18563386e+06
 2.33854039e+06 2.50051232e+06 2.66974800e+06 2.85089117e+06
 3.03723622e+06 2.89250683e+06 2.88717375e+06 2.84719073e+06
 2.77443917e+06 2.67165719e+06 2.54237559e+06 2.39288429e+06
 2.22921169e+06 2.05952803e+06 1.89094348e+06 1.72713035e+06
 1.57348915e+06 1.42998455e+06 1.29647636e+06 1.17415508e+06
 1.06199522e+06 9.60152808e+05 8.69531811e+05 7.89490216e+05
 7.20423311e+05 6.61738066e+05 6.11417465e+05 5.68931831e+05
 5.31756093e+05 4.97702715e+05 4.67182938e+05 4.39957068e+05
 4.16253051e+05 3.96138736e+05 3.78078714e+05 3.60461251e+05
 3.42718921e+05 3.24878251e+05 3.07674511e+05 2.91500371e+05
 2.75960519e+05 2.60965805e+05 2.45911408e+05 2.31529783e+05
 2.18614723e+05 2.08223425e+05 1.99634618e+05 1.92668464e+05
 1.85237146e+05 1.76852582e+05 1.67183080e+05 1.57071858e+05
 1.46916486e+05 1.38273263e+05 1.31648917e+05 1.27364194e+05
 1.24687740e+05 1.23707824e+05 1.22912052e+05 1.21900080e+05
 1.20070298e+05 1.17159579e+05 1.13161143e+05 1.08319508e+05
 1.01589923e+05 9.29644382e+04 8.27939618e+04 7.15894873e+04
 5.98158406e+04 4.83478928e+04 3.72575716e+04 2.73367960e+04
 1.11068460e+04 9.84651257e+03 8.72191409e+03 7.71931643e+03
 6.82627150e+03 6.03150851e+03 5.32483319e+03 4.69703442e+03
 4.13979802e+03 3.64562704e+03 3.20776833e+03 2.82014493e+03
 2.47729391e+03 2.17430926e+03 1.90678958e+03 1.67079012e+03
 1.46277895e+03 1.27959690e+03 1.11842105e+03 9.76731416e+02
 8.52280705e+02 7.43066753e+02 6.47307559e+02 5.63418626e+02
 4.89992460e+02 4.25780009e+02 3.69673919e+02 3.20693406e+02
 2.77970638e+02 2.40738467e+02 2.08319407e+02 1.80115732e+02
 1.55600589e+02 1.34310047e+02 1.15835969e+02 9.98196515e+01]",1,0.9867427023399515,,3037236.2155326814
12,7830,36755148.0,17.202736,17.722221,18.459411,738.50751,738.50012-738.51489,824779022.6419415,51018606.30151367,122,51013662.89779751,100.0,50164552.65756858,98.3,[6.03],[0],"[(597.48859, 738.50684)]","[(100.0, 80.72795)]","[17.285469 17.295469 17.305469 17.315469 17.325469 17.335469 17.345469
 17.355469 17.365469 17.374481 17.384361 17.39321  17.402077 17.410897
 17.419819 17.428838 17.437673 17.44656  17.455391 17.464138 17.473123
 17.481975 17.49083  17.499673 17.508436 17.517435 17.526298 17.535265
 17.544129 17.552899 17.561811 17.570682 17.57966  17.588523 17.597304
 17.606187 17.615066 17.624054 17.633036 17.641924 17.650816 17.659698
 17.668688 17.677572 17.686466 17.69545  17.704338 17.713328 17.722221
 17.731114 17.740104 17.748992 17.757976 17.76687  17.775754 17.784744
 17.793626 17.802518 17.811406 17.820388 17.829376 17.838255 17.847138
 17.855919 17.864782 17.87376  17.882631 17.891543 17.900313 17.909177
 17.918144 17.927007 17.936006 17.944769 17.953612 17.962467 17.971319
 17.980304 17.989051 17.997882 18.006769 18.015604 18.024623 18.033545
 18.042365 18.051232 18.060081 18.069961 18.078973 18.088973 18.098973
 18.108973 18.118973 18.128973 18.138973 18.148973 18.158973]","[5.35147267e+01 1.00141811e+02 1.84678837e+02 3.35643608e+02
 6.01172617e+02 1.06115680e+03 1.84594811e+03 3.16460113e+03
 8.21158311e+02 3.58901701e+03 8.59509127e+03 1.78430748e+04
 3.31196709e+04 5.57913585e+04 8.62928451e+04 1.26296238e+05
 1.75641112e+05 2.36552355e+05 3.15890788e+05 4.19905416e+05
 5.60116295e+05 7.47960153e+05 9.98621452e+05 1.33388786e+06
 1.77196282e+06 2.34575855e+06 3.07303101e+06 3.99212173e+06
 5.12510820e+06 6.50398517e+06 8.13878748e+06 1.00257566e+07
 1.21864740e+07 1.45893520e+07 1.72290093e+07 2.00662189e+07
 2.30682796e+07 2.62195870e+07 2.94398146e+07 3.26730247e+07
 3.58962429e+07 3.89774000e+07 4.18544834e+07 4.44466528e+07
 4.66968075e+07 4.85257541e+07 4.98809479e+07 5.07094732e+07
 5.10136629e+07 5.06348899e+07 4.99187728e+07 4.86531145e+07
 4.68540089e+07 4.46175712e+07 4.20031576e+07 3.90526871e+07
 3.59225798e+07 3.26612534e+07 2.93566783e+07 2.60496904e+07
 2.28424765e+07 1.98310866e+07 1.70184580e+07 1.44656982e+07
 1.21378547e+07 1.00433323e+07 8.23331028e+06 6.66573468e+06
 5.35385984e+06 4.24141226e+06 3.31214737e+06 2.56415720e+06
 1.95424061e+06 1.48310095e+06 1.11002798e+06 8.21028331e+05
 6.00423464e+05 4.31951032e+05 3.09943683e+05 2.19192433e+05
 1.52905253e+05 1.05674615e+05 7.16262933e+04 4.81854849e+04
 3.21934300e+04 2.12184208e+04 1.38374635e+04 8.47037723e+03
 5.34660412e+03 3.16460113e+03 1.84594811e+03 1.06115680e+03
 6.01172617e+02 3.35643608e+02 1.84678837e+02 1.00141811e+02
 5.35147267e+01]",1,0.9999479690666737,,51013662.89779751
13,9407,2492882.5,20.971177,21.340097,22.465864,740.52179,740.51438-740.52919,76217936.5030838,2960286.2717227936,166,2886954.771699412,97.5,2934596.8698455477,99.1,[8.68],[0],"[(599.50372, 740.52405)]","[(100.0, 74.85355)]","[20.851177 20.861177 20.871177 20.881177 20.891177 20.901177 20.911177
 20.921177 20.931177 20.941177 20.951177 20.961177 20.971177 20.98016
 20.989165 20.998265 21.007151 21.016095 21.025078 21.033979 21.043078
 21.052029 21.060987 21.069965 21.078872 21.087963 21.096943 21.105901
 21.114961 21.12385  21.132946 21.141902 21.150873 21.159941 21.168822
 21.177905 21.186855 21.1959   21.204963 21.213849 21.223327 21.232266
 21.24132  21.250327 21.259187 21.268331 21.27724  21.286259 21.295256
 21.30419  21.313312 21.322195 21.331198 21.340097 21.348996 21.357999
 21.366882 21.376004 21.384938 21.393935 21.402954 21.411863 21.421007
 21.429867 21.438874 21.447928 21.456867 21.466345 21.475231 21.484294
 21.493339 21.502289 21.511372 21.520253 21.529321 21.538292 21.547248
 21.556344 21.565233 21.574293 21.583251 21.592231 21.601322 21.610229
 21.619207 21.628165 21.637116 21.646215 21.655116 21.664099 21.673043
 21.681929 21.691029 21.700034 21.709017 21.719017 21.729017 21.739017
 21.749017 21.759017 21.769017 21.779017 21.789017 21.799017 21.809017
 21.819017 21.829017]","[7.33066868e+01 1.13529103e+02 1.74209996e+02 2.64875136e+02
 3.99035529e+02 5.95640464e+02 8.80965850e+02 1.29102962e+03
 1.87463014e+03 2.69710116e+03 3.84486530e+03 5.43084337e+03
 6.34259650e+04 6.64963201e+04 6.94714696e+04 7.23463242e+04
 7.58450085e+04 8.03098939e+04 8.62932396e+04 9.40265723e+04
 1.04218660e+05 1.16565916e+05 1.31715921e+05 1.50901890e+05
 1.74328509e+05 2.03937336e+05 2.40509984e+05 2.85073550e+05
 3.38182740e+05 4.00341679e+05 4.72646134e+05 5.56650148e+05
 6.52101970e+05 7.59002087e+05 8.76463418e+05 1.00284156e+06
 1.13753950e+06 1.27786468e+06 1.42412511e+06 1.57375898e+06
 1.72673408e+06 1.88227758e+06 2.03861017e+06 2.19450092e+06
 2.34954562e+06 2.49357466e+06 2.62511546e+06 2.73886463e+06
 2.82727749e+06 2.88948461e+06 2.92914362e+06 2.94989670e+06
 2.95863322e+06 2.95977817e+06 2.97809824e+06 2.96662604e+06
 2.93381750e+06 2.87866057e+06 2.80474428e+06 2.71201278e+06
 2.60259501e+06 2.48054425e+06 2.34335162e+06 2.20144010e+06
 2.05073434e+06 1.89532016e+06 1.74050599e+06 1.57742189e+06
 1.42766786e+06 1.27994703e+06 1.13914007e+06 1.00756849e+06
 8.82888596e+05 7.70236525e+05 6.65029125e+05 5.70827355e+05
 4.86486206e+05 4.10457995e+05 3.45104691e+05 2.87034150e+05
 2.37460210e+05 1.94906378e+05 1.58386191e+05 1.28300397e+05
 1.02991120e+05 8.21055553e+04 6.49857227e+04 5.08512138e+04
 3.97100112e+04 3.07112884e+04 2.36034569e+04 1.80396282e+04
 1.35955357e+04 1.01997257e+04 7.60073653e+03 5.43084337e+03
 3.84486530e+03 2.69710116e+03 1.87463014e+03 1.29102962e+03
 8.80965850e+02 5.95640464e+02 3.99035529e+02 2.64875136e+02
 1.74209996e+02 1.13529103e+02 7.33066868e+01]",1,0.999383617613913,,2978098.2397059053
14,8779,3659096.2,19.465455,19.852142,20.756735,748.52802,748.52053-748.5355,114758668.31491499,4576270.5191345215,143,4187070.5751824873,91.5,4472811.1173400525,97.7,[9.06],[0],"[(748.52679, 607.50897)]","[(100.0, 64.00643)]","[19.465455 19.474396 19.483231 19.492294 19.50133  19.510388 19.519313
 19.528148 19.537067 19.5461   19.555152 19.564168 19.572999 19.582007
 19.590924 19.59985  19.608874 19.617691 19.626716 19.635736 19.644687
 19.653712 19.662543 19.671577 19.680625 19.689679 19.698718 19.70758
 19.716633 19.725703 19.734689 19.743749 19.752714 19.761779 19.770839
 19.779914 19.788981 19.797919 19.806978 19.816053 19.825141 19.834095
 19.843157 19.852142 19.861189 19.870296 19.879351 19.888423 19.897324
 19.906428 19.915553 19.924672 19.933761 19.942774 19.951805 19.960947
 19.970101 19.979208 19.988334 19.997345 20.006497 20.015568 20.024705
 20.033868 20.042828 20.052005 20.061043 20.0702   20.079372 20.088454
 20.097645 20.106711 20.115888 20.124944 20.134056 20.143226 20.152295
 20.161507 20.170489 20.179721 20.18882  20.197914 20.207147 20.216228
 20.22544  20.23453  20.243617 20.252842 20.261845 20.271082 20.28021
 20.289283 20.298519 20.30754  20.316642 20.325818 20.334896 20.344134
 20.353063 20.362176 20.371244 20.380369 20.389487 20.398421 20.407434
 20.416609 20.4257   20.434869 20.443887 20.452841 20.461995 20.471015
 20.480156 20.489185 20.498226 20.507318 20.516228 20.525316 20.534293
 20.543273 20.552343 20.561204 20.570159 20.579049 20.587986 20.597019
 20.605854 20.614685 20.623457 20.63238  20.641446 20.650267 20.659088
 20.667945 20.676855 20.685873 20.694695 20.703517 20.712351 20.721199
 20.730237 20.739057 20.747876 20.756735]","[ 367798.23448422  373574.61119666  380328.85297546  389479.81039343
  401619.46027338  417250.89406911  436558.54626684  459861.24216019
  487115.91993202  517849.23029447  554308.14052773  597350.76435976
  648078.8203836   707152.57813955  775413.41388977  850056.33993404
  931248.0775048  1018347.2195683  1110576.13494471 1207905.52070931
 1313646.48576594 1429366.58972666 1556486.32116559 1696587.28088419
 1846697.74346121 2000985.93483893 2157566.22887613 2318594.55099004
 2485526.09310859 2657686.83261698 2838879.99386706 3024880.42638173
 3211417.52256645 3395791.78929019 3572456.84188941 3734960.36355419
 3887817.28690028 4028563.04328112 4161236.97641792 4286750.61308556
 4399552.55394119 4489750.57837464 4549433.41051325 4574444.62063901
 4568134.75926544 4533128.02930992 4480680.40381604 4417137.07786379
 4345125.88864423 4269084.14306727 4188099.49119021 4097337.93278106
 3997269.63623699 3879401.7503492  3744654.41086781 3595662.99619379
 3439396.56364906 3280007.59094076 3124474.77002223 2977124.13773167
 2836595.24588078 2701711.41165309 2572115.15533449 2445805.41345948
 2319306.19088528 2192538.27649901 2066069.67689096 1942475.14846564
 1826029.81787123 1718621.53727596 1621811.97699313 1534935.71797976
 1456553.6651163  1384105.93841643 1313612.25564141 1247693.61401588
 1187578.43852202 1133067.72079698 1085713.62503703 1044284.66192842
 1006376.63610118  969793.88719138  934987.95979756  901301.04726573
  869354.3751572   839250.05459626  810766.19597054  783918.21951464
  759248.35612947  736562.44841053  716473.07530729  698013.55670996
  681684.69787046  664575.31319662  647051.5733561   627550.24029515
  607126.95449495  585882.50494117  565696.43980109  547605.94006448
  532573.95479032  519875.60395049  509665.97404614  500404.88598761
  491791.84150313  482326.57933725  471033.15776252  456596.91884701
  439696.96862082  420508.16523129  400624.87902733  380929.72563748
  362830.75105304  345540.49783669  328367.6583688   310736.62837955
  292538.31173556  274314.56673595  256272.65804352  240733.48910297
  228100.23605034  218772.80487904  211985.60095779  205418.55904175
  198470.70725411  190631.46359628  181144.43260645  170876.0939626
  160952.4671071   152159.18014592  144633.20397704  138326.64887954
  132466.20406031  127484.02236561  122363.03750694  117942.11085965
  114099.78341742  111084.79636116  108724.71636126  106390.2201094
  103750.70160523  101320.1589732    98232.6592591    94911.36260035]",,,,4574444.620639006
15,7948,9965925.0,17.624054,18.046041,18.423561,748.52826,748.52077-748.53574,243133723.1868809,13149551.59815979,89,13134715.820803013,99.9,11869402.160710556,90.3,[8.2],[0],"[(748.52747, 607.50952)]","[(100.0, 91.98703)]","[17.348521 17.358521 17.368521 17.378521 17.388521 17.398521 17.408521
 17.418521 17.428521 17.438521 17.448521 17.458521 17.468521 17.478521
 17.488521 17.498521 17.508521 17.518521 17.528521 17.538521 17.548521
 17.558521 17.568521 17.578521 17.588521 17.598521 17.608521 17.618521
 17.628521 17.638521 17.648521 17.658521 17.668521 17.668521 17.677433
 17.686338 17.695149 17.704161 17.713169 17.722059 17.730951 17.739753
 17.748758 17.757684 17.766571 17.775452 17.784271 17.793298 17.802314
 17.811231 17.820152 17.828971 17.838024 17.847065 17.856011 17.864965
 17.873925 17.883009 17.892095 17.901084 17.910077 17.919093 17.928211
 17.937325 17.946436 17.955443 17.964563 17.973683 17.982688 17.991809
 18.000913 18.009924 18.019047 18.028055 18.037143 18.046041 18.054939
 18.064027 18.073035 18.082158 18.091169 18.100273 18.109394 18.118399
 18.127519 18.136639 18.145646 18.154757 18.163871 18.172989 18.182005
 18.190998 18.199987 18.209073 18.218157 18.227117 18.236071 18.245017
 18.254058 18.263111 18.27193  18.280851 18.289768 18.298784 18.307811
 18.31663  18.325511 18.334398 18.343324 18.352329 18.361131 18.370023
 18.378913 18.387921 18.396933 18.405744 18.414649 18.423561 18.423561
 18.433561 18.443561 18.453561 18.463561 18.473561 18.483561 18.493561
 18.503561 18.513561 18.523561 18.533561 18.543561 18.553561 18.563561
 18.573561 18.583561 18.593561 18.603561 18.613561 18.623561 18.633561
 18.643561 18.653561 18.663561 18.673561 18.683561 18.693561 18.703561
 18.713561 18.723561 18.733561 18.743561 18.753561]","[1.24535025e+02 1.71360008e+02 2.34744814e+02 3.20148232e+02
 4.34685123e+02 5.87580011e+02 7.90729275e+02 1.05939322e+03
 1.41304220e+03 1.87638366e+03 2.48059988e+03 3.26482843e+03
 4.27791920e+03 5.58050317e+03 7.24740797e+03 9.37045387e+03
 1.20616609e+04 1.54568918e+04 1.97199491e+04 2.50471306e+04
 3.16722370e+04 3.98720041e+04 4.99719112e+04 6.23522920e+04
 7.74546424e+04 9.57879883e+04 1.17935138e+05 1.44558607e+05
 1.76405962e+05 2.14314290e+05 2.59213472e+05 3.12127890e+05
 3.74176194e+05 3.74176194e+05 4.38151975e+05 5.11195879e+05
 5.93383718e+05 6.88667882e+05 7.96320207e+05 9.15804504e+05
 1.04955332e+06 1.19702439e+06 1.36448827e+06 1.54807528e+06
 1.74922649e+06 1.96942896e+06 2.20784030e+06 2.47291817e+06
 2.75943931e+06 3.06453716e+06 3.39150605e+06 3.73599295e+06
 4.11123012e+06 4.50715646e+06 4.91880891e+06 5.34937933e+06
 5.79723885e+06 6.26670584e+06 6.74948356e+06 7.23750085e+06
 7.73318719e+06 8.23443818e+06 8.74220983e+06 9.24681956e+06
 9.74432961e+06 1.02252942e+07 1.06970903e+07 1.11493373e+07
 1.15725611e+07 1.19735174e+07 1.23419598e+07 1.26717230e+07
 1.29667727e+07 1.32167560e+07 1.34246607e+07 1.31478443e+07
 1.31330554e+07 1.30592964e+07 1.29304045e+07 1.27498529e+07
 1.25141020e+07 1.22267148e+07 1.18847221e+07 1.14836393e+07
 1.10267608e+07 1.05168922e+07 9.97361323e+06 9.40826770e+06
 8.82897891e+06 8.25448534e+06 7.68431859e+06 7.12688741e+06
 6.57916949e+06 6.05073268e+06 5.54112446e+06 5.04952770e+06
 4.57766295e+06 4.13025549e+06 3.71747570e+06 3.34169238e+06
 3.01592373e+06 2.73290683e+06 2.49363142e+06 2.29057565e+06
 2.11923241e+06 1.97504211e+06 1.85060244e+06 1.74384885e+06
 1.64915276e+06 1.56582256e+06 1.49252267e+06 1.42892515e+06
 1.37518976e+06 1.33016586e+06 1.29486272e+06 1.26881481e+06
 1.25038679e+06 1.23831980e+06 3.74176194e+05 3.12127890e+05
 2.59213472e+05 2.14314290e+05 1.76405962e+05 1.44558607e+05
 1.17935138e+05 9.57879883e+04 7.74546424e+04 6.23522920e+04
 4.99719112e+04 3.98720041e+04 3.16722370e+04 2.50471306e+04
 1.97199491e+04 1.54568918e+04 1.20616609e+04 9.37045387e+03
 7.24740797e+03 5.58050317e+03 4.27791920e+03 3.26482843e+03
 2.48059988e+03 1.87638366e+03 1.41304220e+03 1.05939322e+03
 7.90729275e+02 5.87580011e+02 4.34685123e+02 3.20148232e+02
 2.34744814e+02 1.71360008e+02 1.24535025e+02 9.01035940e+01]",1,0.9927200091451017,,13424660.660642454
16,10290,46553528.0,22.839952,23.315672,25.418486,750.54364,750.53613-750.55115,1646274231.344233,64849288.419921875,286,64740482.822537825,99.8,64434848.72233692,99.4,[2.14],[0],"[(609.52393, 750.54272)]","[(100.0, 98.23892)]","[22.759952 22.769952 22.779952 22.789952 22.799952 22.809952 22.819952
 22.829952 22.839952 22.848792 22.857731 22.866669 22.87553  22.8846
 22.893445 22.902407 22.911364 22.920239 22.92923  22.938109 22.947086
 22.956066 22.964971 22.973955 22.982835 22.991736 23.000718 23.009619
 23.018589 23.027585 23.036592 23.045576 23.054498 23.063591 23.072591
 23.081607 23.090588 23.099506 23.108609 23.117624 23.126633 23.135645
 23.144582 23.153675 23.162804 23.171794 23.180693 23.189602 23.198685
 23.207802 23.216798 23.225687 23.23459  23.24368  23.252796 23.2618
 23.270693 23.279597 23.288678 23.2978   23.306786 23.315672 23.324558
 23.333544 23.342666 23.351747 23.360651 23.369544 23.378548 23.387664
 23.396754 23.405657 23.414546 23.423542 23.432659 23.441742 23.450651
 23.45955  23.46854  23.477669 23.486762 23.495699 23.504711 23.51372
 23.522735 23.531838 23.540756 23.549737 23.558753 23.567753 23.576846
 23.585768 23.594752 23.603759 23.612755 23.621725 23.630626 23.639608
 23.648509 23.657389 23.666373 23.675278 23.684258 23.693235 23.702114
 23.711105 23.71998  23.728937 23.737899 23.746744 23.755814 23.764675
 23.773613 23.782552 23.791392 23.801392 23.811392 23.821392 23.831392
 23.841392 23.851392 23.861392 23.871392]","[6.64523102e+01 1.10408279e+02 1.81700539e+02 2.96192332e+02
 4.78249391e+02 7.64888373e+02 1.21172680e+03 1.90140392e+03
 8.67519248e+04 8.83255020e+04 9.08696501e+04 9.39819780e+04
 9.91089482e+04 1.06263421e+05 1.16817926e+05 1.30686287e+05
 1.48096154e+05 1.69740946e+05 1.96698435e+05 2.29838300e+05
 2.71706829e+05 3.27070331e+05 3.99746107e+05 4.94281185e+05
 6.17583354e+05 7.72325081e+05 9.66189453e+05 1.20892327e+06
 1.50715654e+06 1.88177782e+06 2.35011799e+06 2.93067101e+06
 3.64760800e+06 4.51394672e+06 5.53520360e+06 6.72037619e+06
 8.08932417e+06 9.64623125e+06 1.14016291e+07 1.33679219e+07
 1.55541321e+07 1.79937346e+07 2.06939018e+07 2.36658404e+07
 2.68953511e+07 3.03508347e+07 3.39361480e+07 3.75648228e+07
 4.11682869e+07 4.46484505e+07 4.78639097e+07 5.07850550e+07
 5.34012762e+07 5.57426144e+07 5.77855820e+07 5.96040633e+07
 6.11978173e+07 6.25332961e+07 6.36299957e+07 6.43771527e+07
 6.47786712e+07 6.48287102e+07 6.41943665e+07 6.44346130e+07
 6.41725546e+07 6.34115169e+07 6.21978677e+07 6.05507386e+07
 5.84769411e+07 5.60073230e+07 5.32273979e+07 5.02535731e+07
 4.70941039e+07 4.37621455e+07 4.03075322e+07 3.68457637e+07
 3.34826945e+07 3.02010394e+07 2.70046583e+07 2.39156865e+07
 2.10236308e+07 1.83806075e+07 1.59285566e+07 1.36979466e+07
 1.16877218e+07 9.87915769e+06 8.31513784e+06 6.93689467e+06
 5.73849061e+06 4.71218669e+06 3.83142168e+06 3.10357797e+06
 2.49116225e+06 1.98310220e+06 1.56696440e+06 1.22951919e+06
 9.59248949e+05 7.41009562e+05 5.69422639e+05 4.34559727e+05
 3.28072415e+05 2.46415666e+05 1.83230545e+05 1.35218468e+05
 9.93654248e+04 7.21810811e+04 5.22543657e+04 3.74301579e+04
 2.66022311e+04 1.88491883e+04 1.31371146e+04 9.16291677e+03
 6.32291193e+03 4.32989134e+03 2.95533745e+03 1.90140392e+03
 1.21172680e+03 7.64888373e+02 4.78249391e+02 2.96192332e+02
 1.81700539e+02 1.10408279e+02 6.64523102e+01]",1,0.9996731077941341,,64828710.183311805
17,4695,2187030.0,10.312432,10.663388,11.429554,758.47571,758.46812-758.48329,29239607.252911232,2389312.7189826965,121,2389067.381753558,100.0,2388571.231617884,100.0,[8.2],[0],"[(617.45679, 758.47473)]","[(100.0, 72.04276)]","[10.312432 10.321635 10.330762 10.34009  10.349306 10.358653 10.367819
 10.376878 10.386312 10.395465 10.404738 10.413757 10.422986 10.432259
 10.441283 10.450512 10.459541 10.468907 10.478078 10.487069 10.49642
 10.505439 10.514726 10.524235 10.533472 10.542763 10.551859 10.561044
 10.570584 10.579889 10.589202 10.598246 10.607513 10.617094 10.626324
 10.635563 10.644634 10.653952 10.663388 10.672824 10.682142 10.691213
 10.700452 10.709682 10.719263 10.72853  10.737574 10.746887 10.756192
 10.765732 10.774917 10.784013 10.793304 10.802541 10.81205  10.821337
 10.830356 10.839707 10.848698 10.857869 10.867235 10.876264 10.885493
 10.894517 10.90379  10.913019 10.922038 10.931311 10.940464 10.949898]","[2.31753426e+02 4.54040006e+02 8.79288099e+02 1.41157751e+03
 2.15578938e+03 2.92077288e+03 3.66297387e+03 4.29047230e+03
 4.85699698e+03 5.36176202e+03 5.96501737e+03 6.96737636e+03
 8.63841645e+03 1.14161665e+04 1.57987158e+04 2.21929448e+04
 3.04836271e+04 4.10849161e+04 5.48114846e+04 7.20923097e+04
 9.46970835e+04 1.24987320e+05 1.64657014e+05 2.17203655e+05
 2.86554773e+05 3.77596128e+05 4.91757743e+05 6.31550762e+05
 7.97474509e+05 9.86326619e+05 1.19363345e+06 1.41293491e+06
 1.63296294e+06 1.84304923e+06 2.03106157e+06 2.18576590e+06
 2.29969477e+06 2.36777392e+06 2.38959508e+06 2.37275620e+06
 2.29738747e+06 2.17971663e+06 2.02220892e+06 1.83609474e+06
 1.62346691e+06 1.40969076e+06 1.20270495e+06 9.99372644e+05
 8.12500448e+05 6.42314429e+05 5.01184682e+05 3.83825476e+05
 2.86007337e+05 2.08899448e+05 1.47795829e+05 1.03105432e+05
 7.11738751e+04 4.74213346e+04 3.14292035e+04 2.02275377e+04
 1.26159839e+04 7.83661964e+03 4.71493162e+03 2.80964567e+03
 1.61539813e+03 9.11263014e+02 5.10036448e+02 2.74864385e+02
 1.46157618e+02 7.45497115e+01]",1,0.9998035433056518,,2389595.076024431
18,5379,2854594.8,11.856377,12.240702,12.594356,760.49133,760.48373-760.49894,41888662.38444594,3054880.68560791,81,2993237.7670955397,98.0,2817943.0269346465,92.2,[2.19],[0],"[(760.49255, 619.47314)]","[(100.0, 93.38356)]","[11.816377 11.826377 11.836377 11.846377 11.856377 11.8655   11.874658
 11.883574 11.892545 11.901601 11.910486 11.919556 11.92908  11.938033
 11.946971 11.956041 11.965014 11.974518 11.983496 11.992575 12.00159
 12.010885 12.019769 12.028794 12.037935 12.047158 12.056407 12.065494
 12.074603 12.083737 12.093197 12.102381 12.111646 12.120876 12.130062
 12.139393 12.148622 12.157786 12.166973 12.176264 12.185534 12.194608
 12.203634 12.212842 12.222099 12.231364 12.240702 12.25004  12.259305
 12.268562 12.27777  12.286796 12.29587  12.30514  12.314431 12.323618
 12.332782 12.342011 12.351342 12.360528 12.369758 12.379023 12.388207
 12.397667 12.406801 12.41591  12.424997 12.434246 12.443469 12.45261
 12.461635 12.470519 12.479814 12.488829 12.497908 12.506886 12.51639
 12.525363 12.534433 12.543371 12.552324 12.561848 12.570918 12.579803
 12.588859 12.59783  12.606746 12.615904 12.625027 12.635027 12.645027
 12.655027 12.665027]","[8.78728132e+01 1.38801201e+02 2.17038254e+02 3.35957022e+02
 6.23682956e+04 6.17315172e+04 6.12671016e+04 6.09296221e+04
 6.05757921e+04 6.03376735e+04 5.99368472e+04 5.99152365e+04
 6.06953082e+04 6.31188192e+04 6.77602024e+04 7.49049700e+04
 8.46620090e+04 9.72635458e+04 1.12325598e+05 1.29891917e+05
 1.50293181e+05 1.74437906e+05 2.03435171e+05 2.37443044e+05
 2.76670357e+05 3.20930916e+05 3.70654222e+05 4.25192850e+05
 4.86423590e+05 5.55787092e+05 6.34911848e+05 7.26937981e+05
 8.32862250e+05 9.58448204e+05 1.10535980e+06 1.27406239e+06
 1.46489863e+06 1.67358974e+06 1.89640180e+06 2.12539352e+06
 2.35128800e+06 2.56179175e+06 2.74548064e+06 2.89133838e+06
 2.99270245e+06 3.04636398e+06 3.05097887e+06 3.08468383e+06
 2.95356936e+06 2.80370069e+06 2.63936215e+06 2.46699151e+06
 2.28597074e+06 2.09662819e+06 1.90588624e+06 1.71951222e+06
 1.53861306e+06 1.36389324e+06 1.19686874e+06 1.04341211e+06
 9.01247243e+05 7.71302469e+05 6.55349212e+05 5.49184474e+05
 4.59066959e+05 3.80710319e+05 3.13238800e+05 2.54635438e+05
 2.05338631e+05 1.64499257e+05 1.31061787e+05 1.03952098e+05
 8.08761865e+04 6.28729914e+04 4.83861160e+04 3.70407477e+04
 2.76681187e+04 2.08312130e+04 1.55067307e+04 1.14988418e+04
 8.45375371e+03 6.04027233e+03 4.34826735e+03 3.12594435e+03
 2.21470947e+03 1.56135886e+03 1.09424448e+03 7.53178128e+02
 5.14796436e+02 3.35957022e+02 2.17038254e+02 1.38801201e+02
 8.78728132e+01]",1,0.9957944039581414,,3084683.8252268927
19,6750,4309333.0,15.064605,15.326929,15.678897,762.50757,762.49994-762.51519,76674845.54009715,5146687.289718628,68,4824960.976704372,93.7,4890497.105119083,95.0,[2.63],[0],"[(621.48883, 762.5083)]","[(100.0, 87.02549)]","[14.924605 14.934605 14.944605 14.954605 14.964605 14.974605 14.984605
 14.994605 15.004605 15.014605 15.024605 15.034605 15.044605 15.054605
 15.064605 15.073482 15.082569 15.091655 15.100598 15.109651 15.118596
 15.12768  15.136756 15.145727 15.154788 15.163639 15.172731 15.181829
 15.190822 15.199927 15.208845 15.217967 15.227071 15.236176 15.245308
 15.254348 15.263366 15.272477 15.28159  15.290726 15.299841 15.308822
 15.31793  15.326929 15.335928 15.345036 15.354017 15.363132 15.372268
 15.381381 15.390492 15.39951  15.40855  15.417682 15.426787 15.435891
 15.445013 15.453931 15.463036 15.472029 15.481127 15.490219 15.49907
 15.508131 15.517102 15.526178 15.535262 15.544207 15.55326  15.562203
 15.571289 15.580376 15.589253 15.599253 15.609253 15.619253 15.629253
 15.639253 15.649253 15.659253 15.669253 15.679253 15.689253 15.699253
 15.709253 15.719253 15.729253]","[8.26440616e+01 1.42737394e+02 2.43133519e+02 4.08444331e+02
 6.76708876e+02 1.10573699e+03 1.78189768e+03 2.83200916e+03
 4.43902415e+03 6.86216767e+03 1.04620335e+04 1.57308377e+04
 2.33275194e+04 3.41166382e+04 2.89225790e+05 3.00090833e+05
 3.13488875e+05 3.29337838e+05 3.48978922e+05 3.73741627e+05
 4.06285825e+05 4.49904967e+05 5.08555156e+05 5.87003743e+05
 6.89653520e+05 8.21404856e+05 9.86613720e+05 1.18786645e+06
 1.42554099e+06 1.69958151e+06 2.00745164e+06 2.33952471e+06
 2.69131797e+06 3.05221941e+06 3.41274319e+06 3.76027521e+06
 4.08898927e+06 4.38627016e+06 4.63842155e+06 4.84207562e+06
 4.99392959e+06 5.09279701e+06 5.14152494e+06 5.14166225e+06
 5.18025198e+06 5.11190578e+06 4.98891428e+06 4.81179795e+06
 4.58727155e+06 4.32363317e+06 4.02857916e+06 3.71405319e+06
 3.38489611e+06 3.04675976e+06 2.71187068e+06 2.38625183e+06
 2.07515329e+06 1.79018975e+06 1.52217356e+06 1.28232333e+06
 1.06587932e+06 8.75980088e+05 7.15747199e+05 5.75518132e+05
 4.58596405e+05 3.60344975e+05 2.79865478e+05 2.15777623e+05
 1.63982026e+05 1.23649142e+05 9.17689054e+04 6.73311273e+04
 4.92090369e+04 3.41166382e+04 2.33275194e+04 1.57308377e+04
 1.04620335e+04 6.86216767e+03 4.43902415e+03 2.83200916e+03
 1.78189768e+03 1.10573699e+03 6.76708876e+02 4.08444331e+02
 2.43133519e+02 1.42737394e+02 8.26440616e+01]",1,0.9964920510118263,,5180251.976133501
20,9059,2167014.0,20.124944,20.489185,20.85475,762.54376,762.53614-762.55139,57222532.14778489,3313146.778289795,81,3264630.6801513573,98.5,2660295.422405077,80.3,[6.03],[0],"[(762.54272, 621.52448)]","[(100.0, 94.81151)]","[20.014944 20.024944 20.034944 20.044944 20.054944 20.064944 20.074944
 20.084944 20.094944 20.104944 20.114944 20.124944 20.134056 20.143226
 20.152295 20.161507 20.170489 20.179721 20.18882  20.197914 20.207147
 20.216228 20.22544  20.23453  20.243617 20.252842 20.261845 20.271082
 20.28021  20.289283 20.298519 20.30754  20.316642 20.325818 20.334896
 20.344134 20.353063 20.362176 20.371244 20.380369 20.389487 20.398421
 20.407434 20.416609 20.4257   20.434869 20.443887 20.452841 20.461995
 20.471015 20.480156 20.489185 20.498214 20.507355 20.516375 20.525529
 20.534483 20.543501 20.55267  20.561761 20.570936 20.579949 20.588883
 20.598001 20.607126 20.616194 20.625307 20.634236 20.643474 20.652552
 20.661728 20.67083  20.679851 20.689087 20.69816  20.707288 20.716525
 20.725528 20.734753 20.74384  20.75293  20.762142 20.771223 20.780456
 20.78955  20.798649 20.807881 20.816863 20.826075 20.835144 20.844314
 20.853426 20.863426 20.873426 20.883426 20.893426 20.903426 20.913426
 20.923426 20.933426 20.943426 20.953426 20.963426]","[7.98147034e+01 1.22947486e+02 1.87705471e+02 2.84023800e+02
 4.25944547e+02 6.33099424e+02 9.32634121e+02 1.36166793e+03
 1.97038750e+03 2.82587277e+03 4.01674342e+03 5.01597125e+04
 5.05153779e+04 5.19050473e+04 5.47838409e+04 5.95091002e+04
 6.64179053e+04 7.59888777e+04 8.87444021e+04 1.04576458e+05
 1.23504567e+05 1.45244695e+05 1.69601954e+05 1.96818740e+05
 2.27808398e+05 2.62828245e+05 3.03026639e+05 3.48875904e+05
 4.01127756e+05 4.61160000e+05 5.30144888e+05 6.08331488e+05
 6.97796425e+05 7.99090807e+05 9.14199806e+05 1.04318990e+06
 1.18782783e+06 1.34653492e+06 1.51849282e+06 1.70089585e+06
 1.89032529e+06 2.08322002e+06 2.27726543e+06 2.46863286e+06
 2.65149872e+06 2.82032878e+06 2.96957606e+06 3.09477860e+06
 3.19230182e+06 3.26155555e+06 3.30225950e+06 3.31288194e+06
 3.33723926e+06 3.26174049e+06 3.16566889e+06 3.04832764e+06
 2.91656143e+06 2.76948925e+06 2.60805852e+06 2.43914077e+06
 2.26275161e+06 2.08656889e+06 1.91173194e+06 1.73558443e+06
 1.56387933e+06 1.39972680e+06 1.24288372e+06 1.09833538e+06
 9.59236831e+05 8.33508486e+05 7.17771956e+05 6.14270209e+05
 5.22592310e+05 4.39564640e+05 3.68117395e+05 3.05675257e+05
 2.51350492e+05 2.06189555e+05 1.67059395e+05 1.34776640e+05
 1.07925122e+05 8.55194825e+04 6.74873551e+04 5.26475765e+04
 4.09190030e+04 3.15646167e+04 2.40738556e+04 1.83613018e+04
 1.38037725e+04 1.03466471e+04 7.67295982e+03 5.65869263e+03
 4.01674342e+03 2.82587277e+03 1.97038750e+03 1.36166793e+03
 9.32634121e+02 6.33099424e+02 4.25944547e+02 2.84023800e+02
 1.87705471e+02 1.22947486e+02 7.98147034e+01]",1,0.9985426895712602,,3337239.2589476705
21,8631,39245008.0,19.134937,19.572999,20.8192,764.52325,764.51561-764.5309,1119928332.0124507,60420230.48754883,187,60272116.2795184,99.8,60018282.07317952,99.3,[7.33],[0],"[(623.50348, 764.52155)]","[(100.0, 79.05871)]","[19.124937 19.134937 19.143763 19.152621 19.16158  19.170325 19.179296
 19.188129 19.1971   19.205934 19.2147   19.223672 19.232515 19.241516
 19.250367 19.259146 19.268145 19.277014 19.286035 19.294895 19.303688
 19.312699 19.321607 19.330651 19.339542 19.348471 19.357504 19.366424
 19.375492 19.384301 19.393241 19.402296 19.411328 19.420396 19.429342
 19.43828  19.447335 19.456377 19.465455 19.474396 19.483231 19.492294
 19.50133  19.510388 19.519313 19.528148 19.537067 19.5461   19.555152
 19.564168 19.572999 19.58183  19.590846 19.599898 19.608931 19.61785
 19.626685 19.63561  19.644668 19.653704 19.662767 19.671602 19.680543
 19.689621 19.698663 19.707718 19.716656 19.725602 19.73467  19.743702
 19.752757 19.761697 19.770506 19.779574 19.788494 19.797527 19.806456
 19.815347 19.824391 19.833299 19.84231  19.851103 19.859963 19.868984
 19.877853 19.886852 19.895631 19.904482 19.913483 19.922326 19.931298
 19.940064 19.948898 19.957869 19.966702 19.975673 19.984418 19.993377
 20.002235 20.011061 20.021061]","[7.89750335e+01 1.48240930e+05 1.53301661e+05 1.58707146e+05
 1.64848202e+05 1.71247735e+05 1.77999867e+05 1.84805608e+05
 1.91146880e+05 1.98217243e+05 2.06768374e+05 2.17981691e+05
 2.33303959e+05 2.53716424e+05 2.80132361e+05 3.12481813e+05
 3.51623614e+05 3.99053400e+05 4.59549416e+05 5.37630381e+05
 6.43625047e+05 7.89561280e+05 9.91869554e+05 1.26859300e+06
 1.64146016e+06 2.14049375e+06 2.78252332e+06 3.60508319e+06
 4.64061965e+06 5.91522605e+06 7.44996917e+06 9.27812716e+06
 1.14149168e+07 1.39042751e+07 1.67134181e+07 1.98560856e+07
 2.32858858e+07 2.69363580e+07 3.07398522e+07 3.46174929e+07
 3.84443534e+07 4.21578152e+07 4.56782892e+07 4.89310955e+07
 5.18759992e+07 5.44518587e+07 5.66493706e+07 5.83464054e+07
 5.95437279e+07 6.02393218e+07 6.04180960e+07 6.00650459e+07
 5.97369453e+07 5.87306473e+07 5.70844626e+07 5.48835037e+07
 5.22084624e+07 4.90888513e+07 4.55886099e+07 4.18619628e+07
 3.79898519e+07 3.41783870e+07 3.03693543e+07 2.66282466e+07
 2.30928342e+07 1.97935354e+07 1.68084625e+07 1.41119749e+07
 1.16849854e+07 9.57207768e+06 7.74759388e+06 6.21706753e+06
 4.95033585e+06 3.87104761e+06 3.00517781e+06 2.29917013e+06
 1.74468807e+06 1.31081272e+06 9.68897419e+05 7.11393368e+05
 5.14593304e+05 3.71060493e+05 2.63980142e+05 1.84539501e+05
 1.28347186e+05 8.77942324e+04 5.99536600e+04 4.03688158e+04
 2.66970212e+04 1.75880487e+04 1.13881184e+04 7.36675800e+03
 4.69774824e+03 2.94170879e+03 1.83501136e+03 1.12357656e+03
 6.88980097e+02 4.12832569e+02 2.46055850e+02 1.45326023e+02
 7.89750335e+01]",1,0.9998528609748311,,60418096.021751545
22,10235,6048103.0,22.670595,23.162804,24.526858,766.53839,766.53073-766.54606,166777531.23896536,7105082.624145508,206,6967177.3591054,98.1,6939981.653594911,97.7,[3.43],[0],"[(625.52002, 766.53864)]","[(100.0, 80.69673)]","[22.650595 22.660595 22.670595 22.679524 22.688339 22.697264 22.7063
 22.715111 22.724028 22.732957 22.741788 22.750828 22.759649 22.768564
 22.777485 22.786322 22.795357 22.804201 22.813145 22.822055 22.830899
 22.839952 22.848792 22.857731 22.866669 22.87553  22.8846   22.893445
 22.902407 22.911364 22.920239 22.92923  22.938109 22.947086 22.956066
 22.964971 22.973955 22.982835 22.991736 23.000718 23.009619 23.018589
 23.027585 23.036592 23.045576 23.054498 23.063591 23.072591 23.081607
 23.090588 23.099506 23.108609 23.117624 23.126633 23.135645 23.144582
 23.153675 23.162804 23.171933 23.181026 23.189963 23.198975 23.207984
 23.216999 23.226102 23.23502  23.244001 23.253017 23.262017 23.27111
 23.280032 23.289016 23.298023 23.307019 23.315989 23.32489  23.333872
 23.342773 23.351653 23.360637 23.369542 23.378522 23.387499 23.396378
 23.405369 23.414244 23.423201 23.432163 23.441008 23.450078 23.458939
 23.467877 23.476816 23.485656 23.494709 23.503553 23.512463 23.521407
 23.530251 23.539286 23.548123 23.557044 23.565959 23.57478  23.58382
 23.592651 23.60158  23.610497 23.619308 23.628344 23.637269 23.646084
 23.655013 23.665013 23.675013]","[6.37962820e+01 1.01015408e+02 1.36131758e+05 1.37742388e+05
 1.40311026e+05 1.43129842e+05 1.46056020e+05 1.48726599e+05
 1.51088454e+05 1.52940895e+05 1.54351037e+05 1.55653264e+05
 1.56911860e+05 1.58329690e+05 1.60371341e+05 1.64436270e+05
 1.70545424e+05 1.78845589e+05 1.88961180e+05 1.99701616e+05
 2.11751679e+05 2.25782217e+05 2.42515857e+05 2.64290178e+05
 2.91230390e+05 3.25122755e+05 3.65439436e+05 4.14646548e+05
 4.72469630e+05 5.43594219e+05 6.28826892e+05 7.31099893e+05
 8.51442054e+05 9.90915809e+05 1.15345587e+06 1.33964680e+06
 1.55464752e+06 1.80527652e+06 2.08971357e+06 2.40908392e+06
 2.75727457e+06 3.12491317e+06 3.50640344e+06 3.89253075e+06
 4.27612220e+06 4.65580759e+06 5.02796460e+06 5.38268368e+06
 5.71257687e+06 6.01854787e+06 6.29423298e+06 6.52868837e+06
 6.71928006e+06 6.86504501e+06 6.96969329e+06 7.04003322e+06
 7.08618285e+06 7.10432995e+06 7.09804710e+06 7.08552913e+06
 7.02060215e+06 6.90376290e+06 6.73799686e+06 6.52675026e+06
 6.27201754e+06 5.98732643e+06 5.67125687e+06 5.33048506e+06
 4.97321322e+06 4.60133053e+06 4.23182982e+06 3.86083465e+06
 3.49517856e+06 3.14086514e+06 2.80232476e+06 2.48408083e+06
 2.18324426e+06 1.90695059e+06 1.65400157e+06 1.42159880e+06
 1.21447571e+06 1.02846793e+06 8.64511914e+05 7.22740226e+05
 5.98380063e+05 4.92989130e+05 4.02442768e+05 3.26052984e+05
 2.62962793e+05 2.09340326e+05 1.66300848e+05 1.30877244e+05
 1.02236153e+05 7.95001906e+04 6.09871250e+04 4.67281979e+04
 3.54708508e+04 2.66988189e+04 2.00135591e+04 1.47979249e+04
 1.09337914e+04 7.99653084e+03 5.80660329e+03 4.20008365e+03
 2.99123352e+03 2.13143920e+03 1.50199771e+03 1.05115240e+03
 7.33431439e+02 5.03285885e+02 3.44390580e+02 2.35055139e+02
 1.58472098e+02 1.01015408e+02 6.37962820e+01]",1,0.998287077440512,,7104329.949481331
23,5372,1984958.4,11.92908,12.203634,12.783817,768.49615,768.48847-768.50384,23554951.157842763,1970753.247379303,90,1969432.607915664,99.9,1965105.1228584554,99.7,[8.63],[0],"[(627.47784, 768.49573)]","[(100.0, 91.00021)]","[11.523451 11.533451 11.543451 11.553451 11.563451 11.573451 11.583451
 11.593451 11.603451 11.613451 11.623451 11.623451 11.632413 11.641485
 11.650473 11.659617 11.66851  11.677496 11.686587 11.69558  11.704812
 11.713698 11.722796 11.731941 11.740938 11.750114 11.758949 11.767856
 11.776918 11.786049 11.795181 11.803992 11.812912 11.821786 11.830974
 11.839918 11.848693 11.857446 11.866685 11.875752 11.884625 11.89341
 11.902254 11.911254 11.920174 11.929095 11.937945 11.947004 11.956091
 11.965092 11.974306 11.983254 11.992421 12.001606 12.01077  12.019881
 12.028979 12.038346 12.04754  12.056668 12.0658   12.074923 12.084256
 12.093324 12.102554 12.111659 12.120757 12.130046 12.139276 12.148487
 12.157566 12.166566 12.175904 12.185169 12.194426 12.203634 12.212842
 12.222099 12.231364 12.240702 12.249702 12.258781 12.267992 12.277222
 12.286511 12.295609 12.304714 12.313944 12.323012 12.332345 12.341468
 12.3506   12.359728 12.368922 12.378289 12.387387 12.396498 12.405662
 12.414847 12.424014 12.432962 12.442176 12.451177 12.460264 12.469323
 12.478173 12.487094 12.496014 12.505014 12.513858 12.522643 12.531516
 12.540583 12.549822 12.558575 12.56735  12.576294 12.585482 12.594356
 12.603276 12.612087 12.621219 12.63035  12.639412 12.648319 12.657154
 12.66633  12.675327 12.684472 12.69357  12.702456 12.711688 12.720681
 12.729772 12.738758 12.747651 12.756795 12.765783 12.774855 12.783817
 12.783817 12.793817 12.803817 12.813817 12.823817 12.833817 12.843817
 12.853817 12.863817 12.873817 12.883817 12.893817]","[1.20074838e+02 1.48110817e+02 1.82333070e+02 2.24020628e+02
 2.74697354e+02 3.36174557e+02 4.10600150e+02 5.00515195e+02
 6.08918723e+02 7.39341847e+02 8.95932204e+02 8.95932204e+02
 1.06247218e+03 1.26057440e+03 1.49086068e+03 1.76547136e+03
 2.07769709e+03 2.44543238e+03 2.87907258e+03 3.37822966e+03
 3.97421064e+03 4.63958258e+03 5.42763305e+03 6.34424412e+03
 7.38505704e+03 8.60848271e+03 9.96194723e+03 1.15239732e+04
 1.33433243e+04 1.54418561e+04 1.78413624e+04 2.04774004e+04
 2.35063382e+04 2.69221833e+04 3.09321592e+04 3.53520552e+04
 4.02399592e+04 4.57196254e+04 5.22293691e+04 5.94210257e+04
 6.73108998e+04 7.60378161e+04 8.58345371e+04 9.69472422e+04
 1.09208047e+05 1.22828270e+05 1.37804240e+05 1.54779097e+05
 1.73624956e+05 1.94241857e+05 2.17524535e+05 2.42414546e+05
 2.70426861e+05 3.01240039e+05 3.34925837e+05 3.71540053e+05
 4.11423605e+05 4.56185774e+05 5.04005664e+05 5.55523485e+05
 6.11327843e+05 6.71571228e+05 7.38094972e+05 8.07706253e+05
 8.83834530e+05 9.64370986e+05 1.05045945e+06 1.14436074e+06
 1.24388081e+06 1.34956233e+06 1.46012090e+06 1.57612497e+06
 1.70335983e+06 1.83662633e+06 1.97684690e+06 1.96943261e+06
 1.93748066e+06 1.87304292e+06 1.78196850e+06 1.67220707e+06
 1.55186672e+06 1.42440076e+06 1.29688295e+06 1.17261138e+06
 1.05332477e+06 9.42589138e+05 8.42277258e+05 7.52005237e+05
 6.73006523e+05 6.04799188e+05 5.45860070e+05 4.95064414e+05
 4.50077415e+05 4.10671928e+05 3.75776614e+05 3.45190869e+05
 3.19915954e+05 2.98649872e+05 2.80364430e+05 2.63941109e+05
 2.47654415e+05 2.30360185e+05 2.12414023e+05 1.93510459e+05
 1.75111988e+05 1.57489052e+05 1.40812276e+05 1.25179598e+05
 1.11846968e+05 1.00247678e+05 9.01727991e+04 8.12975201e+04
 7.30887870e+04 6.52217533e+04 5.76951708e+04 5.11687954e+04
 4.64962666e+04 4.32124697e+04 4.11714826e+04 3.95325804e+04
 3.78007879e+04 3.52191593e+04 3.23062396e+04 2.85945852e+04
 2.57249680e+04 2.34337534e+04 2.16483259e+04 2.06171351e+04
 2.03487970e+04 2.03360674e+04 2.05849284e+04 2.02891527e+04
 1.95911667e+04 1.79391884e+04 1.53150903e+04 1.22422931e+04
 9.15956655e+03 6.23483450e+03 3.95953868e+03 2.19267342e+03
 8.95932204e+02 7.39341847e+02 6.08918723e+02 5.00515195e+02
 4.10600150e+02 3.36174557e+02 2.74697354e+02 2.24020628e+02
 1.82333070e+02 1.48110817e+02 1.20074838e+02 9.71541017e+01]",1,0.994644878112378,,1976846.8974782976
24,6892,2556278.0,15.399043,15.642978,16.181431,772.52692,772.51919-772.53464,46348982.8771913,3368843.2812957764,87,3300371.3007187643,98.0,3226456.8232493945,95.8,[6.03],[0],"[(631.50922, 772.52747)]","[(100.0, 95.06423)]","[15.309043 15.319043 15.329043 15.339043 15.349043 15.359043 15.369043
 15.379043 15.389043 15.399043 15.408117 15.4172   15.426302 15.435378
 15.444438 15.453492 15.462535 15.471621 15.480656 15.489673 15.498662
 15.50767  15.516741 15.525756 15.534755 15.543715 15.552707 15.561761
 15.570672 15.579667 15.588802 15.597818 15.606864 15.61566  15.624852
 15.633974 15.642978 15.651982 15.661104 15.670296 15.679092 15.688138
 15.697154 15.706289 15.715284 15.724195 15.733249 15.742241 15.751201
 15.7602   15.769215 15.778286 15.787294 15.796283 15.8053   15.814335
 15.823421 15.832464 15.841518 15.850578 15.859654 15.868756 15.877839
 15.886913 15.896913 15.906913 15.916913 15.926913 15.936913 15.946913
 15.956913 15.966913 15.976913]","[8.24894685e+01 1.56125484e+02 2.89707987e+02 5.27058129e+02
 9.40086767e+02 1.64395051e+03 2.81851868e+03 4.73766635e+03
 7.80763322e+03 6.33901250e+04 6.55585985e+04 7.00902658e+04
 7.82956273e+04 9.09779631e+04 1.10179156e+05 1.38086223e+05
 1.75615630e+05 2.25091099e+05 2.89527613e+05 3.73289080e+05
 4.79754000e+05 6.14289837e+05 7.79041701e+05 9.75734447e+05
 1.19874494e+06 1.44363029e+06 1.69871358e+06 1.95545586e+06
 2.20837626e+06 2.44870239e+06 2.66929993e+06 2.87073433e+06
 3.04518042e+06 3.18714309e+06 3.29163516e+06 3.35379110e+06
 3.36724630e+06 3.34987348e+06 3.30642194e+06 3.20933824e+06
 3.07068826e+06 2.88788487e+06 2.67312499e+06 2.43161788e+06
 2.17970894e+06 1.92527696e+06 1.67008261e+06 1.42704352e+06
 1.20080407e+06 9.93666427e+05 8.08889275e+05 6.47049240e+05
 5.10111844e+05 3.95971733e+05 3.02237305e+05 2.26878712e+05
 1.67288421e+05 1.21541375e+05 8.68515158e+04 6.10501065e+04
 4.21945687e+04 2.86590568e+04 1.91657056e+04 1.26149552e+04
 7.80763322e+03 4.73766635e+03 2.81851868e+03 1.64395051e+03
 9.40086767e+02 5.27058129e+02 2.89707987e+02 1.56125484e+02
 8.24894685e+01]",1,0.9995496502680106,,3367246.2957302704
25,8278,8312415.5,18.378913,18.785632,19.170325,774.54352,774.53577-774.55126,139097642.28648928,10166602.439575195,88,10163023.572918177,100.0,10012937.741567332,98.5,[3.06],[0],"[(774.54407, 633.52454)]","[(100.0, 96.72838)]","[18.378913 18.387921 18.396933 18.405744 18.414649 18.423561 18.432584
 18.441621 18.450459 18.459411 18.468349 18.477423 18.486504 18.495395
 18.504385 18.513357 18.522466 18.53158  18.540584 18.549609 18.558717
 18.567743 18.576789 18.585928 18.594961 18.604081 18.613214 18.622274
 18.631315 18.640353 18.649479 18.658634 18.667693 18.676835 18.685902
 18.694952 18.704011 18.713157 18.7222   18.731357 18.740316 18.749387
 18.758434 18.767555 18.776701 18.785632 18.794563 18.803709 18.81283
 18.821877 18.830948 18.839907 18.849064 18.858107 18.867253 18.876312
 18.885362 18.894429 18.903571 18.91263  18.921785 18.930911 18.939949
 18.94899  18.95805  18.967183 18.976303 18.985336 18.994475 19.003521
 19.012547 19.021655 19.03068  19.039684 19.048798 19.057907 19.066879
 19.075869 19.08476  19.093841 19.102915 19.111853 19.120805 19.129643
 19.13868  19.147703 19.156615 19.16552  19.174331 19.183343]","[2.09778084e+03 3.93584159e+03 6.68927555e+03 1.01309618e+04
 1.41566600e+04 1.86316536e+04 2.33816365e+04 2.84762023e+04
 3.37430177e+04 3.93039545e+04 4.52144954e+04 5.18643626e+04
 5.96705802e+04 6.92061135e+04 8.15986618e+04 9.74148862e+04
 1.18049159e+05 1.45446781e+05 1.80723070e+05 2.26293140e+05
 2.85879137e+05 3.62114182e+05 4.59230567e+05 5.83546719e+05
 7.39772753e+05 9.33181725e+05 1.16964705e+06 1.45472648e+06
 1.79251214e+06 2.18433661e+06 2.63052531e+06 3.13133293e+06
 3.68486255e+06 4.29390403e+06 4.94085665e+06 5.61971204e+06
 6.31015691e+06 6.99626280e+06 7.65771252e+06 8.27215249e+06
 8.82529290e+06 9.29823808e+06 9.67682190e+06 9.95260783e+06
 1.01183513e+07 1.01662786e+07 1.01321713e+07 9.96119022e+06
 9.67431906e+06 9.28505662e+06 8.80347155e+06 8.25375368e+06
 7.63367347e+06 6.98205089e+06 6.30201635e+06 5.62514505e+06
 4.96140034e+06 4.32242599e+06 3.71569889e+06 3.15998732e+06
 2.65008936e+06 2.19660035e+06 1.80212929e+06 1.46074192e+06
 1.16931955e+06 9.23015718e+05 7.19972848e+05 5.56181891e+05
 4.23155113e+05 3.18961388e+05 2.37705873e+05 1.74545279e+05
 1.26991159e+05 9.13644425e+04 6.46787582e+04 4.52406140e+04
 3.14376785e+04 2.15724521e+04 1.46917524e+04 9.80554529e+03
 6.46763317e+03 4.24216422e+03 2.74807933e+03 1.76950659e+03
 1.11484076e+03 6.94514584e+02 4.30105458e+02 2.63369925e+02
 1.60258831e+02 9.52856956e+01]",1,0.99992809329717,,10166278.568565553
26,10298,9462783.0,22.652753,23.225687,24.662524,776.55859,776.55083-776.56636,429279976.7342089,13773536.036468506,223,13762816.255623749,99.9,13362330.845662968,97.0,[9.49],[0],"[(776.55786, 635.5401)]","[(100.0, 98.76054)]","[22.652753 22.661796 22.670595 22.679524 22.688339 22.697264 22.7063
 22.715111 22.724028 22.732957 22.741788 22.750828 22.759649 22.768564
 22.777485 22.786322 22.795357 22.804201 22.813145 22.822055 22.830899
 22.839952 22.848792 22.857731 22.866669 22.87553  22.8846   22.893445
 22.902407 22.911364 22.920239 22.92923  22.938109 22.947086 22.956066
 22.964971 22.973955 22.982835 22.991736 23.000718 23.009619 23.018589
 23.027585 23.036592 23.045576 23.054498 23.063591 23.072591 23.081607
 23.090588 23.099506 23.108609 23.117624 23.126633 23.135645 23.144582
 23.153675 23.162804 23.171794 23.180693 23.189602 23.198685 23.207802
 23.216798 23.225687 23.23459  23.24368  23.252796 23.2618   23.270693
 23.279597 23.288678 23.2978   23.306786 23.315672 23.32458  23.333674
 23.342777 23.351786 23.360678 23.369598 23.378703 23.387791 23.396797
 23.405682 23.414663 23.423761 23.432813 23.441936 23.450815 23.459927
 23.468845 23.477903 23.487002 23.495894 23.504982 23.513884 23.522954
 23.532017 23.540935 23.550049 23.558972 23.568058 23.577199 23.586025
 23.595129 23.604154 23.613246 23.622346 23.631273 23.640412 23.649437
 23.65846  23.667576 23.676538 23.685668 23.694707 23.703656 23.712703
 23.721653 23.730811 23.739852 23.74889  23.758002 23.766949 23.776068
 23.785234 23.794278 23.803299 23.812351 23.821372 23.830549 23.839489
 23.848534 23.85763  23.866654 23.875841 23.884803 23.893774 23.902928
 23.911878 23.921074 23.930149 23.939227 23.94821  23.957281 23.96646
 23.975427 23.984532 23.993623 24.002709 24.011774 24.020767 24.029865
 24.038971 24.048033 24.057131 24.066221 24.075239 24.084404 24.093372
 24.102464 24.111512 24.120589 24.129707 24.138653 24.147748 24.156787
 24.165893 24.174974 24.183957 24.193049 24.201964 24.211044 24.220136
 24.229116 24.238211 24.247276 24.256336 24.26541  24.274332 24.283322
 24.292398 24.301463 24.310541 24.319429 24.328523 24.3375   24.346451
 24.355546 24.364477 24.373565 24.382536 24.391528 24.400627 24.409581
 24.418694 24.427623 24.436642 24.445715 24.454664 24.463744 24.472693
 24.481711 24.490807 24.499757 24.508857 24.517909 24.526858 24.535926
 24.544877 24.553997 24.563071 24.572049 24.581218 24.590105 24.599202
 24.608271 24.617248 24.626403 24.6353   24.644511 24.653504 24.662524]","[5.86097486e+03 7.66867510e+03 9.10673036e+03 1.01434681e+04
 1.10247545e+04 1.15883662e+04 1.19705797e+04 1.25484613e+04
 1.31703915e+04 1.40121609e+04 1.50429782e+04 1.69778533e+04
 1.91584322e+04 2.14223864e+04 2.30908383e+04 2.45020977e+04
 2.52225327e+04 2.68162024e+04 3.00514988e+04 3.61689084e+04
 4.62809961e+04 6.06055029e+04 7.85404078e+04 1.01015818e+05
 1.27360574e+05 1.58851365e+05 1.95977894e+05 2.41552944e+05
 2.96243922e+05 3.63040666e+05 4.44635903e+05 5.43833273e+05
 6.61640548e+05 8.02982151e+05 9.71368458e+05 1.17170945e+06
 1.41048702e+06 1.69414009e+06 2.02347821e+06 2.40195853e+06
 2.83283133e+06 3.30594053e+06 3.81997709e+06 4.36881332e+06
 4.94141774e+06 5.53646784e+06 6.14317053e+06 6.75431689e+06
 7.36115216e+06 7.96797151e+06 8.56226201e+06 9.13702758e+06
 9.68790894e+06 1.02104513e+07 1.07061425e+07 1.11796718e+07
 1.16425408e+07 1.20853349e+07 1.25047402e+07 1.28832534e+07
 1.32024665e+07 1.34660668e+07 1.36578931e+07 1.37597117e+07
 1.37725353e+07 1.37194773e+07 1.36227495e+07 1.34966057e+07
 1.33676776e+07 1.32447391e+07 1.31212183e+07 1.30007586e+07
 1.28646676e+07 1.27107838e+07 1.25395010e+07 1.23450839e+07
 1.21220986e+07 1.18817509e+07 1.16351476e+07 1.13719211e+07
 1.11035463e+07 1.08230406e+07 1.05401128e+07 1.02433382e+07
 9.93569547e+06 9.62509782e+06 9.31237585e+06 9.01300530e+06
 8.71707101e+06 8.42480693e+06 8.13947380e+06 7.86622138e+06
 7.60610394e+06 7.35496747e+06 7.11062373e+06 6.85839452e+06
 6.59914769e+06 6.32256820e+06 6.03599734e+06 5.74731727e+06
 5.45893221e+06 5.18060068e+06 4.91636452e+06 4.67483976e+06
 4.46571637e+06 4.28565686e+06 4.12820430e+06 3.99010085e+06
 3.86097807e+06 3.73759359e+06 3.61624628e+06 3.49634879e+06
 3.37863198e+06 3.26202572e+06 3.14965826e+06 3.04711976e+06
 2.95086930e+06 2.86792838e+06 2.79301539e+06 2.72651610e+06
 2.66836903e+06 2.61909382e+06 2.57519111e+06 2.53374386e+06
 2.48893159e+06 2.43909930e+06 2.38126967e+06 2.31634907e+06
 2.24598013e+06 2.17296719e+06 2.10219565e+06 2.03645448e+06
 1.97730150e+06 1.92889039e+06 1.88788129e+06 1.85713360e+06
 1.83237655e+06 1.81123554e+06 1.79245798e+06 1.77076351e+06
 1.74268383e+06 1.70757007e+06 1.66556381e+06 1.62112819e+06
 1.57847620e+06 1.54021510e+06 1.50764632e+06 1.48046385e+06
 1.45544717e+06 1.43056239e+06 1.40366659e+06 1.37407722e+06
 1.34214393e+06 1.30906457e+06 1.27524624e+06 1.24192650e+06
 1.21075704e+06 1.18344148e+06 1.16046722e+06 1.14197910e+06
 1.12760518e+06 1.11373532e+06 1.09875928e+06 1.08088684e+06
 1.05950218e+06 1.03562750e+06 1.01052819e+06 9.86185589e+05
 9.63015055e+05 9.41210698e+05 9.21638802e+05 9.03622431e+05
 8.88870880e+05 8.76002490e+05 8.64710219e+05 8.52727266e+05
 8.40765149e+05 8.27346261e+05 8.14038778e+05 8.01666011e+05
 7.90922711e+05 7.82100423e+05 7.72885493e+05 7.63973806e+05
 7.53576276e+05 7.41172338e+05 7.26410962e+05 7.09200908e+05
 6.90942584e+05 6.71367385e+05 6.53189533e+05 6.36078812e+05
 6.21999739e+05 6.11343702e+05 6.04190332e+05 5.98640632e+05
 5.93547950e+05 5.87706127e+05 5.79276232e+05 5.69736793e+05
 5.58275280e+05 5.47423297e+05 5.37033062e+05 5.27095130e+05
 5.18250200e+05 5.10040020e+05 5.04023381e+05 4.99854874e+05
 4.96744674e+05 4.94836792e+05 4.93420963e+05 4.91229960e+05
 4.87900295e+05 4.83309187e+05 4.77447318e+05 4.70651488e+05
 4.62902295e+05 4.54436993e+05 4.45842185e+05 4.37144786e+05
 4.29576228e+05 4.23416964e+05 4.19646492e+05 4.18299518e+05]",,,,13772535.318665903
27,5122,38734052.0,11.384844,11.637252,12.594356,784.49133,784.48349-784.49918,599021073.1802223,50515490.58691406,133,50468043.78657752,99.9,50400151.394344755,99.8,[0.89],[0],"[(643.4729, 784.49213)]","[(100.0, 69.94564)]","[10.78741  10.796331 10.805181 10.81424  10.823327 10.832328 10.841542
 10.85049  10.859657 10.868842 10.878006 10.887117 10.896215 10.905582
 10.914776 10.923904 10.933036 10.942159 10.951492 10.96056  10.96979
 10.978895 10.987993 10.997282 11.006512 11.015723 11.024802 11.033802
 11.04314  11.052405 11.061662 11.07087  11.079896 11.08897  11.09824
 11.107531 11.116718 11.125882 11.135111 11.144442 11.153628 11.162858
 11.172123 11.181307 11.190767 11.199901 11.20901  11.218097 11.227346
 11.236569 11.24571  11.254735 11.263619 11.272914 11.281929 11.291008
 11.299986 11.30949  11.318463 11.327533 11.336471 11.345424 11.354948
 11.364018 11.372903 11.381959 11.39093  11.399846 11.409004 11.418127
 11.427121 11.436288 11.445298 11.454487 11.463577 11.472811 11.482153
 11.491259 11.500394 11.509644 11.518911 11.527971 11.537007 11.546128
 11.555421 11.564688 11.573837 11.582913 11.591841 11.601002 11.610069
 11.619344 11.628364 11.637252 11.64614  11.65516  11.664435 11.673502
 11.682663 11.691591 11.700667 11.709816 11.719083 11.728376 11.737497
 11.746533 11.755593 11.76486  11.77411  11.783245 11.792351 11.801693
 11.810927 11.820017 11.829206 11.838216 11.847383 11.856377 11.8655
 11.874658 11.883574 11.892545 11.901601 11.910486 11.919556 11.92908
 11.938033 11.946971 11.956041 11.965014 11.974518 11.983496 11.992575
 12.00159  12.010885 12.019769 12.028794 12.037935 12.047158 12.056407
 12.065494 12.074603 12.083737 12.093197 12.102381 12.111646 12.120876
 12.130062 12.139393 12.148622 12.157786 12.166973 12.176264 12.185534
 12.194608 12.203634 12.212842 12.222099 12.231364 12.240702 12.249702
 12.258781 12.267992 12.277222 12.286511 12.295609 12.304714 12.313944
 12.323012 12.332345 12.341468 12.3506   12.359728 12.368922 12.378289
 12.387387 12.396498 12.405662 12.414847 12.424014 12.432962 12.442176
 12.451177 12.460264 12.469323 12.478173 12.487094 12.496014 12.505014
 12.513858 12.522643 12.531516 12.540583 12.549822 12.558575 12.56735
 12.576294 12.585482 12.594356]","[1.18939713e+02 1.46403972e+02 1.79645490e+02 2.21163567e+02
 2.72028432e+02 3.33424159e+02 4.09999781e+02 5.00394151e+02
 6.12742710e+02 7.49421447e+02 9.14713623e+02 1.11342588e+03
 1.35281010e+03 1.65045728e+03 2.00298349e+03 2.42360390e+03
 2.92818780e+03 3.53161099e+03 4.27084806e+03 5.12894453e+03
 6.16978978e+03 7.39166005e+03 8.84045624e+03 1.05959383e+04
 1.26649688e+04 1.51082220e+04 1.79491678e+04 2.12597146e+04
 2.53005352e+04 3.00196043e+04 3.55560517e+04 4.20084163e+04
 4.93916178e+04 5.80324843e+04 6.83132101e+04 8.03141505e+04
 9.41016180e+04 1.10037517e+05 1.28608847e+05 1.50327988e+05
 1.75008348e+05 2.03562330e+05 2.36528146e+05 2.74033771e+05
 3.18363767e+05 3.67369579e+05 4.23088921e+05 4.86333831e+05
 5.59526985e+05 6.42448544e+05 7.35587307e+05 8.39483565e+05
 9.54644793e+05 1.09033985e+06 1.23841688e+06 1.40569580e+06
 1.59088736e+06 1.81057595e+06 2.04256565e+06 2.30372564e+06
 2.58979556e+06 2.90756335e+06 3.28305019e+06 3.67976732e+06
 4.10864856e+06 4.59021851e+06 5.11509002e+06 5.68763156e+06
 6.33260011e+06 7.03673197e+06 7.79551527e+06 8.63956619e+06
 9.54340423e+06 1.05460043e+07 1.16231629e+07 1.28096269e+07
 1.41101384e+07 1.54802102e+07 1.69616393e+07 1.85764034e+07
 2.03153778e+07 2.21380675e+07 2.40816176e+07 2.61756091e+07
 2.84504812e+07 3.08657206e+07 3.33981376e+07 3.60592806e+07
 3.88248961e+07 4.18178876e+07 4.49371719e+07 4.82913163e+07
 5.17126320e+07 5.04831770e+07 5.02174807e+07 4.90500380e+07
 4.71503844e+07 4.47077945e+07 4.18594707e+07 3.87464001e+07
 3.54565987e+07 3.21248805e+07 2.88401417e+07 2.57085958e+07
 2.28463518e+07 2.03130092e+07 1.81511522e+07 1.63413302e+07
 1.48285528e+07 1.35607680e+07 1.24783486e+07 1.15391120e+07
 1.07113224e+07 9.96082818e+06 9.27600434e+06 8.63506191e+06
 8.02720967e+06 7.43164102e+06 6.85086831e+06 6.28867855e+06
 5.74851639e+06 5.23816621e+06 4.76525675e+06 4.32976769e+06
 3.92858077e+06 3.56107008e+06 3.23026969e+06 2.93443308e+06
 2.67513419e+06 2.45233473e+06 2.26485293e+06 2.10673820e+06
 1.97751982e+06 1.86903770e+06 1.77538999e+06 1.69212224e+06
 1.61377556e+06 1.53799542e+06 1.46162903e+06 1.38582209e+06
 1.31335353e+06 1.24452664e+06 1.18111222e+06 1.12302435e+06
 1.06830713e+06 1.01614713e+06 9.66747748e+05 9.20292714e+05
 8.75345140e+05 8.31967047e+05 7.89245287e+05 7.47917450e+05
 7.08994814e+05 6.74407614e+05 6.43541855e+05 6.17521674e+05
 5.94280893e+05 5.73381310e+05 5.53977971e+05 5.36022522e+05
 5.19316541e+05 5.02392902e+05 4.84895747e+05 4.66916407e+05
 4.47891746e+05 4.29425225e+05 4.11568884e+05 3.95548671e+05
 3.80981733e+05 3.68770659e+05 3.57447037e+05 3.46968683e+05
 3.36829938e+05 3.26662852e+05 3.16675497e+05 3.06696987e+05
 2.96757792e+05 2.85945656e+05 2.74141316e+05 2.61317656e+05
 2.47628677e+05 2.34415353e+05 2.20997385e+05 2.07449758e+05
 1.93588735e+05 1.79773151e+05 1.66090417e+05 1.54120948e+05
 1.43797878e+05 1.35561814e+05 1.29406770e+05 1.24128700e+05
 1.18583473e+05 1.11674111e+05 1.03069522e+05 9.32129395e+04
 8.32265153e+04 7.45716375e+04 6.80433465e+04]",1,0.993161190089019,,51712632.00277598
28,5991,4003947.0,13.269846,13.63832,14.242826,786.5061,786.49824-786.51397,89345103.13757838,4628731.63948822,108,4215187.452699644,91.1,4435855.302148917,95.8,[2.63],[0],"[(645.48651, 786.50598)]","[(100.0, 80.26075)]","[12.999846 13.009846 13.019846 13.029846 13.039846 13.049846 13.059846
 13.069846 13.079846 13.089846 13.099846 13.109846 13.119846 13.129846
 13.139846 13.149846 13.159846 13.169846 13.179846 13.189846 13.199846
 13.209846 13.219846 13.229846 13.239846 13.249846 13.259846 13.269846
 13.278701 13.287623 13.29641  13.305586 13.314592 13.323611 13.332566
 13.34144  13.350514 13.359453 13.368418 13.377376 13.386329 13.395295
 13.404335 13.413304 13.422254 13.431227 13.440199 13.449183 13.458148
 13.467104 13.476047 13.484995 13.493902 13.502776 13.511814 13.520776
 13.529736 13.538748 13.547611 13.55671  13.565685 13.574725 13.584136
 13.593057 13.602043 13.611038 13.620077 13.629204 13.63832  13.647436
 13.656563 13.665602 13.674597 13.683583 13.692504 13.701915 13.710955
 13.71993  13.729029 13.737892 13.746904 13.755864 13.764826 13.773864
 13.782738 13.791645 13.800593 13.809536 13.818492 13.827457 13.836441
 13.845413 13.854386 13.863336 13.872305 13.881345 13.890311 13.899264
 13.908222 13.917187 13.926126 13.9352   13.944074 13.953029 13.962048
 13.971054 13.98023  13.989017 13.997939 14.006794 14.016794 14.026794
 14.036794 14.046794 14.056794 14.066794 14.076794 14.086794 14.096794
 14.106794 14.116794 14.126794 14.136794 14.146794 14.156794 14.166794
 14.176794 14.186794 14.196794 14.206794 14.216794 14.226794 14.236794
 14.246794 14.256794 14.266794 14.276794]","[7.48625302e+01 1.06003531e+02 1.49263055e+02 2.09006832e+02
 2.91034717e+02 4.03000214e+02 5.54934743e+02 7.59896976e+02
 1.03476964e+03 1.40122798e+03 1.88690522e+03 2.52678058e+03
 3.36481459e+03 4.45585353e+03 5.86782071e+03 7.68420473e+03
 1.00068451e+04 1.29590031e+04 1.66886869e+04 2.13721840e+04
 2.72177238e+04 3.44691728e+04 4.34096297e+04 5.43647585e+04
 6.77056646e+04 8.38510895e+04 1.03268668e+05 3.51844219e+05
 3.71386327e+05 3.91392103e+05 4.09765128e+05 4.26300736e+05
 4.40191247e+05 4.53398149e+05 4.67634970e+05 4.86265875e+05
 5.11192675e+05 5.45747700e+05 5.91815184e+05 6.51750899e+05
 7.26352760e+05 8.19679520e+05 9.33163110e+05 1.07154107e+06
 1.23509836e+06 1.42297296e+06 1.63043996e+06 1.85129837e+06
 2.07495495e+06 2.29482205e+06 2.50575469e+06 2.70684369e+06
 2.89974920e+06 3.08180819e+06 3.25258603e+06 3.40848389e+06
 3.54392174e+06 3.65857261e+06 3.75856511e+06 3.85142512e+06
 3.94631866e+06 4.05250998e+06 4.16822549e+06 4.28978373e+06
 4.40557062e+06 4.50421023e+06 4.57870618e+06 4.61972914e+06
 4.62436984e+06 4.53991674e+06 4.53202709e+06 4.50354377e+06
 4.45516386e+06 4.38752378e+06 4.30216759e+06 4.19368387e+06
 4.07305114e+06 3.93890669e+06 3.78998518e+06 3.63416068e+06
 3.46666547e+06 3.29295990e+06 3.11393411e+06 2.92991432e+06
 2.74760373e+06 2.56466199e+06 2.38249605e+06 2.20350003e+06
 2.02862549e+06 1.85912041e+06 1.69581541e+06 1.54010580e+06
 1.39240775e+06 1.25357548e+06 1.12328501e+06 1.00110385e+06
 8.89039656e+05 7.86128649e+05 6.91977209e+05 6.06316458e+05
 5.29095136e+05 4.58663054e+05 3.97091821e+05 3.41807639e+05
 2.92578663e+05 2.49363876e+05 2.10907634e+05 1.78863568e+05
 1.50638878e+05 1.26474975e+05 1.03268668e+05 8.38510895e+04
 6.77056646e+04 5.43647585e+04 4.34096297e+04 3.44691728e+04
 2.72177238e+04 2.13721840e+04 1.66886869e+04 1.29590031e+04
 1.00068451e+04 7.68420473e+03 5.86782071e+03 4.45585353e+03
 3.36481459e+03 2.52678058e+03 1.88690522e+03 1.40122798e+03
 1.03476964e+03 7.59896976e+02 5.54934743e+02 4.03000214e+02
 2.91034717e+02 2.09006832e+02 1.49263055e+02 1.06003531e+02
 7.48625302e+01]",1,0.9934049696160311,,4624369.835339356
29,5756,2297592.8,12.801714,13.07317,13.269846,786.5069,786.49903-786.51476,29406440.280767165,2595372.342262268,52,2430043.303993077,93.6,2185473.7986469413,84.2,[8.63],[0],"[(645.48798, 786.50586)]","[(100.0, 92.25317)]","[12.616494 12.626494 12.636494 12.646494 12.656494 12.666494 12.676494
 12.686494 12.696494 12.706494 12.716494 12.726494 12.736494 12.746494
 12.756494 12.766494 12.776494 12.786494 12.796494 12.806494 12.816494
 12.826494 12.836494 12.846494 12.856494 12.866494 12.876494 12.876494
 12.88608  12.894965 12.903662 12.912545 12.921406 12.930543 12.93933
 12.948297 12.957158 12.965882 12.975028 12.98387  12.992629 13.00164
 13.010537 13.019552 13.028456 13.03725  13.046183 13.055097 13.064151
 13.07317  13.082189 13.091243 13.100157 13.10909  13.117884 13.126788
 13.135803 13.1447   13.153711 13.16247  13.171312 13.180458 13.189182
 13.198043 13.20701  13.215797 13.224934 13.233795 13.242678 13.251375
 13.26026  13.269846 13.269846 13.279846 13.289846 13.299846 13.309846
 13.319846 13.329846 13.339846 13.349846 13.359846 13.369846 13.379846
 13.389846 13.399846 13.409846 13.419846 13.429846 13.439846 13.449846
 13.459846 13.469846 13.479846 13.489846 13.499846 13.509846 13.519846
 13.529846 13.539846]","[1.34612167e+02 1.96514534e+02 2.84818409e+02 4.09830668e+02
 5.85468954e+02 8.30359779e+02 1.16920794e+03 1.63448233e+03
 2.26846309e+03 3.12569232e+03 4.27586270e+03 5.80716674e+03
 7.83010992e+03 1.04817655e+04 1.39304145e+04 1.83804719e+04
 2.40775499e+04 3.13134519e+04 4.04308264e+04 5.18271479e+04
 6.59576264e+04 8.33365939e+04 1.04536870e+05 1.30186591e+05
 1.60962993e+05 1.97582665e+05 2.40787899e+05 2.40787899e+05
 2.89081261e+05 3.40428453e+05 3.97311321e+05 4.62617205e+05
 5.35405472e+05 6.18786955e+05 7.07165899e+05 8.05734842e+05
 9.11413085e+05 1.02330385e+06 1.14858473e+06 1.27690796e+06
 1.41028304e+06 1.55304044e+06 1.69836261e+06 1.84867498e+06
 1.99864050e+06 2.14659041e+06 2.29493357e+06 2.43912492e+06
 2.57965688e+06 2.59465618e+06 2.56017329e+06 2.48342448e+06
 2.37070254e+06 2.22846275e+06 2.06567284e+06 1.89088127e+06
 1.71162844e+06 1.53529283e+06 1.36895915e+06 1.21605352e+06
 1.07939106e+06 9.58064254e+05 8.51758892e+05 7.58062134e+05
 6.75161346e+05 6.02299242e+05 5.39610330e+05 4.87588216e+05
 4.45391452e+05 4.09650100e+05 3.80408041e+05 3.56730163e+05
 2.40787899e+05 1.97582665e+05 1.60962993e+05 1.30186591e+05
 1.04536870e+05 8.33365939e+04 6.59576264e+04 5.18271479e+04
 4.04308264e+04 3.13134519e+04 2.40775499e+04 1.83804719e+04
 1.39304145e+04 1.04817655e+04 7.83010992e+03 5.80716674e+03
 4.27586270e+03 3.12569232e+03 2.26846309e+03 1.63448233e+03
 1.16920794e+03 8.30359779e+02 5.85468954e+02 4.09830668e+02
 2.84818409e+02 1.96514534e+02 1.34612167e+02 9.15454941e+01]",1,0.993775806430072,,2594656.1812866544
30,7095,5546027.5,15.759334,16.109217,16.815512,788.52118,788.51329-788.52906,122213738.38797714,7257335.994506836,117,7219949.689579909,99.5,7031548.559161296,96.9,[5.65],[0],"[(647.50342, 788.52332)]","[(100.0, 85.14305)]","[15.759334 15.768193 15.777041 15.785944 15.794706 15.804132 15.813006
 15.822395 15.831299 15.840175 15.848913 15.85789  15.867196 15.876191
 15.88508  15.893954 15.902943 15.91185  15.92086  15.929753 15.938627
 15.947624 15.956613 15.965644 15.974555 15.983453 15.992472 16.001472
 16.010401 16.019334 16.028163 16.037223 16.046233 16.055266 16.06422
 16.07308  16.082132 16.091183 16.100244 16.109217 16.118099 16.12718
 16.136242 16.145331 16.154327 16.163335 16.172346 16.181431 16.190552
 16.199574 16.208602 16.217632 16.226747 16.235884 16.244927 16.253992
 16.263035 16.272168 16.281317 16.290378 16.299537 16.308495 16.317644
 16.326784 16.335844 16.344976 16.354044 16.363104 16.372094 16.38121
 16.390366 16.399418 16.408383 16.417468 16.426485 16.435633 16.444776
 16.453747 16.462839 16.471887 16.48105  16.49023  16.499202 16.508285
 16.517293 16.526417 16.535531 16.544492 16.553506 16.562479 16.571595
 16.580672 16.589662 16.598667 16.607639 16.616738 16.6258   16.634791
 16.643796 16.652779 16.661869 16.670949 16.679938 16.688875 16.697853
 16.706958 16.716062 16.725073 16.734051 16.743041 16.752155 16.761201
 16.770224 16.779248 16.788269 16.797391 16.8065   16.815512]","[  21678.87351987   31564.52311831   41767.01981459   53838.64324096
   66852.07982541   79293.89169196   95155.75718432  115413.48653762
  140837.39794656  173434.71791338  214810.95074322  266403.36155458
  325645.24572417  393710.13531245  467158.25832403  547904.32046756
  633710.6349604   729607.6065129   839037.59808492  968920.81569686
 1124928.70966885 1308548.07576948 1529383.53653137 1792329.94804742
 2097708.70182611 2447710.32470962 2835371.39321371 3261867.28433959
 3716297.31312268 4196516.12927188 4682239.30812425 5164721.82082064
 5623103.68951354 6047312.01794876 6423220.13119529 6734597.22982984
 6978644.58085648 7144563.6397649  7236563.48831629 7257054.70134558
 7209009.64007635 7102915.59958514 6942437.02421952 6733758.63769698
 6479856.12892762 6190072.99638721 5868009.01403934 5525188.51512329
 5169188.93819735 4814728.63219    4472375.65576033 4142321.99348872
 3834421.14472532 3546131.30895003 3282452.17855481 3040612.06160965
 2816444.86995719 2607957.26132729 2415080.35631411 2235149.66910212
 2070059.09769325 1918433.73594364 1784280.51140513 1665851.69006877
 1562658.19426517 1471406.05852399 1388347.33055693 1311379.75857326
 1239454.34300058 1170915.99143778 1107438.02401604 1048141.93211751
  990956.71861588  935990.02236778  882245.21380798  832684.98833754
  787308.63834813  746795.76018664  711086.90681738  678140.40462652
  647429.91143913  617806.72787252  588858.0990184   561343.6113754
  535061.04781319  509619.16581543  486225.55464147  464145.42306844
  443672.75589428  423844.97983112  403930.32675015  385680.02686
  369641.25870262  355251.10033539  343297.2216606   333276.48029813
  324473.20833123  316631.18538474  309417.90929032  302548.56040183
  296117.40115402  289637.35077433  283647.41743026  277925.69074843
  272222.24284497  265842.63092415  258665.2274244   251077.08292046
  244777.68985824  240018.25181551  237683.43578867  236827.30797597
  235778.17914862  234222.67205533  232132.32141589  230418.40713848
  229347.78383211  229440.88315715]",,,,7257054.70134558
31,8694,42834960.0,19.268145,19.635736,20.765672,790.53845,790.53055-790.54636,1318759057.6948714,52447942.103637695,165,52416831.971976705,99.9,52047243.402697764,99.2,[0.84],[0],"[(649.51935, 790.53833)]","[(100.0, 88.92642)]","[19.277014 19.286035 19.294895 19.303688 19.312699 19.321607 19.330651
 19.339542 19.348471 19.357504 19.366424 19.375492 19.384301 19.393241
 19.402296 19.411328 19.420396 19.429342 19.43828  19.447335 19.456377
 19.465455 19.474396 19.483231 19.492294 19.50133  19.510388 19.519313
 19.528148 19.537067 19.5461   19.555152 19.564168 19.572999 19.582007
 19.590924 19.59985  19.608874 19.617691 19.626716 19.635736 19.644687
 19.653712 19.662543 19.671577 19.680625 19.689679 19.698718 19.70758
 19.716633 19.725703 19.734689 19.743749 19.752714 19.761779 19.770839
 19.779914 19.788981 19.797919 19.806978 19.816053 19.825141 19.834095
 19.843157 19.852142 19.861189 19.870296 19.879351 19.888423 19.897324
 19.906428 19.915553 19.924672 19.933761 19.942774 19.951805 19.960947
 19.970101 19.979208 19.988334 19.997345 20.006497 20.015568 20.024705
 20.033868 20.042828 20.052005 20.061043 20.0702   20.079372 20.088454
 20.097645 20.106711 20.115888 20.124944 20.134056 20.143226 20.152295
 20.161507 20.170489 20.179721 20.18882  20.197914 20.207147 20.216228
 20.22544  20.23453  20.243617 20.252842 20.261845 20.271082 20.28021
 20.289283 20.298519 20.30754  20.316642 20.325818 20.334896 20.344134
 20.353063 20.362176 20.371244 20.380369 20.389487 20.398421 20.407434
 20.416609 20.4257   20.434869 20.443887 20.452841 20.461995 20.471015
 20.480156 20.489185 20.498226 20.507318 20.516228 20.525316 20.534293
 20.543273 20.552343 20.561204 20.570159 20.579049 20.587986 20.597019
 20.605854 20.614685 20.623457 20.63238  20.641446 20.650267 20.659088
 20.667945 20.676855 20.685873 20.694695 20.703517 20.712351 20.721199
 20.730237 20.739057 20.747876 20.756735 20.765672]","[2.73272469e+03 9.40118978e+03 1.92722482e+04 4.04046459e+04
 7.45784996e+04 1.26426906e+05 2.00104237e+05 3.01338329e+05
 4.38086977e+05 6.18152737e+05 8.55341187e+05 1.16479643e+06
 1.56327810e+06 2.06549740e+06 2.69721228e+06 3.47833369e+06
 4.44853508e+06 5.61484274e+06 7.00525707e+06 8.63338720e+06
 1.04956922e+07 1.25859847e+07 1.49001869e+07 1.73903160e+07
 2.00461060e+07 2.28556412e+07 2.57745848e+07 2.87834446e+07
 3.18257784e+07 3.48752787e+07 3.78052326e+07 4.05837248e+07
 4.31382919e+07 4.54072987e+07 4.73795694e+07 4.90483728e+07
 5.03844410e+07 5.13912950e+07 5.20662821e+07 5.24165872e+07
 5.24168320e+07 5.21177250e+07 5.15457253e+07 5.07244387e+07
 4.96956311e+07 4.85508641e+07 4.72601580e+07 4.59274045e+07
 4.46242697e+07 4.34223132e+07 4.23799591e+07 4.15128203e+07
 4.07826769e+07 4.01246893e+07 3.94783528e+07 3.88154016e+07
 3.80888796e+07 3.73338748e+07 3.65618285e+07 3.57858403e+07
 3.49950115e+07 3.41649878e+07 3.32539714e+07 3.22356993e+07
 3.11170445e+07 2.99174855e+07 2.86663525e+07 2.73817156e+07
 2.61159080e+07 2.48651295e+07 2.36681576e+07 2.25291081e+07
 2.14188473e+07 2.03596546e+07 1.92977778e+07 1.82610978e+07
 1.72425184e+07 1.62528361e+07 1.53174849e+07 1.44469266e+07
 1.36564974e+07 1.29401951e+07 1.22868057e+07 1.16897041e+07
 1.11465948e+07 1.06481170e+07 1.01810457e+07 9.74463852e+06
 9.32960863e+06 8.94616393e+06 8.58608122e+06 8.26133000e+06
 7.96469420e+06 7.69231857e+06 7.43951955e+06 7.19563480e+06
 6.96672260e+06 6.75839953e+06 6.56468977e+06 6.39193289e+06
 6.23025882e+06 6.07083735e+06 5.90583538e+06 5.73691907e+06
 5.56287900e+06 5.38590442e+06 5.20629168e+06 5.02578952e+06
 4.84179711e+06 4.65674993e+06 4.47493770e+06 4.30184217e+06
 4.14013361e+06 3.99206491e+06 3.84998150e+06 3.71566186e+06
 3.58863016e+06 3.46988743e+06 3.35816092e+06 3.25671748e+06
 3.16605300e+06 3.08301059e+06 3.00403367e+06 2.92715561e+06
 2.84842703e+06 2.76751991e+06 2.68667842e+06 2.60579561e+06
 2.52501931e+06 2.44364772e+06 2.35871598e+06 2.26698586e+06
 2.16773817e+06 2.06282183e+06 1.95019731e+06 1.83078286e+06
 1.70761933e+06 1.58141149e+06 1.45804481e+06 1.33822232e+06
 1.22587990e+06 1.12347656e+06 1.03414555e+06 9.56798204e+05
 8.90452751e+05 8.33109178e+05 7.82979470e+05 7.37928280e+05
 6.95670656e+05 6.55970623e+05 6.18054488e+05 5.80800007e+05
 5.44849913e+05 5.11079000e+05 4.81807458e+05 4.57223402e+05
 4.36778672e+05 4.20647798e+05 4.08792775e+05 3.98790321e+05
 3.90038092e+05 3.82384055e+05 3.74917698e+05 3.68060524e+05
 3.61137575e+05 3.54764945e+05]",,,,52416831.971976705
32,5111,1160804.4,11.403062,11.64614,12.469323,806.47339,806.46532-806.48145,30242656.637998417,2196941.718711853,113,2195707.641200273,99.9,2195707.641200273,99.9,[6.03],[0],"[(806.47278, 665.45453)]","[(100.0, 18.70266)]","[11.024288 11.033499 11.042578 11.051578 11.060916 11.070181 11.079438
 11.088646 11.097672 11.106746 11.116016 11.125307 11.134494 11.143658
 11.152887 11.162218 11.171404 11.180634 11.189899 11.199083 11.208543
 11.217677 11.226786 11.235873 11.245122 11.254345 11.263486 11.272511
 11.281395 11.29069  11.299705 11.308784 11.317762 11.327266 11.336239
 11.345309 11.354247 11.3632   11.372724 11.381794 11.390679 11.399735
 11.408706 11.417622 11.42678  11.435903 11.444897 11.454064 11.463074
 11.472263 11.481353 11.490587 11.499929 11.509035 11.51817  11.52742
 11.536687 11.545747 11.554783 11.563904 11.573197 11.582464 11.591613
 11.600689 11.609617 11.618778 11.627845 11.63712  11.64614  11.65516
 11.664435 11.673502 11.682663 11.691591 11.700667 11.709816 11.719083
 11.728376 11.737497 11.746533 11.755593 11.76486  11.77411  11.783245
 11.792351 11.801693 11.810927 11.820017 11.829206 11.838216 11.847383
 11.856377 11.8655   11.874658 11.883574 11.892545 11.901601 11.910486
 11.919556 11.92908  11.938033 11.946971 11.956041 11.965014 11.974518
 11.983496 11.992575 12.00159  12.010885 12.019769 12.028794 12.037935
 12.047158 12.056407 12.065494 12.074603 12.083737 12.093197 12.102381
 12.111646 12.120876 12.130062 12.139393 12.148622 12.157786 12.166973
 12.176264 12.185534 12.194608 12.203634 12.212842 12.222099 12.231364
 12.240702 12.249702 12.258781 12.267992 12.277222 12.286511 12.295609
 12.304714 12.313944 12.323012 12.332345 12.341468 12.3506   12.359728
 12.368922 12.378289 12.387387 12.396498 12.405662 12.414847 12.424014
 12.432962 12.442176 12.451177 12.460264]","[1.16396443e+02 1.51266530e+02 1.95181607e+02 2.50452418e+02
 3.23263007e+02 4.14942696e+02 5.30642902e+02 6.75366753e+02
 8.52596824e+02 1.07405338e+03 1.35507211e+03 1.70449031e+03
 2.13109243e+03 2.65382430e+03 3.29844110e+03 4.09495784e+03
 5.04914895e+03 6.21028528e+03 7.61767513e+03 9.29504527e+03
 1.13686794e+04 1.37608350e+04 1.65911035e+04 1.99268954e+04
 2.39284637e+04 2.86188397e+04 3.40569513e+04 4.03035445e+04
 4.74158617e+04 5.60102027e+04 6.56090833e+04 7.66810577e+04
 8.91697642e+04 1.04237700e+05 1.20384244e+05 1.38782838e+05
 1.59137335e+05 1.81921560e+05 2.08996060e+05 2.37695256e+05
 2.68747780e+05 3.03564618e+05 3.41368272e+05 3.82353334e+05
 4.28126057e+05 4.77538204e+05 5.30060280e+05 5.87535435e+05
 6.47919734e+05 7.13453650e+05 7.82136188e+05 8.55711023e+05
 9.33868664e+05 1.01342627e+06 1.09630210e+06 1.18300414e+06
 1.27226490e+06 1.36140409e+06 1.45166033e+06 1.54359352e+06
 1.63750457e+06 1.73073788e+06 1.82169644e+06 1.91017318e+06
 1.99482427e+06 2.07852299e+06 2.15750888e+06 2.23362138e+06
 2.19570764e+06 2.18651713e+06 2.15560097e+06 2.11126339e+06
 2.05403763e+06 1.98428892e+06 1.89821704e+06 1.79716605e+06
 1.68284738e+06 1.56072081e+06 1.43907175e+06 1.32303310e+06
 1.21896691e+06 1.12635947e+06 1.04516654e+06 9.72607937e+05
 9.04502924e+05 8.39496727e+05 7.76063223e+05 7.13485957e+05
 6.52248136e+05 5.93497863e+05 5.36535959e+05 4.81153558e+05
 4.28156182e+05 3.78595266e+05 3.33540229e+05 2.93303850e+05
 2.58578225e+05 2.27904270e+05 2.01006701e+05 1.77296728e+05
 1.56269576e+05 1.38052054e+05 1.23106542e+05 1.11900047e+05
 1.03660438e+05 9.81454513e+04 9.50874918e+04 9.32778927e+04
 9.23864313e+04 9.15346093e+04 9.03900254e+04 8.88999213e+04
 8.74017719e+04 8.57443585e+04 8.43179078e+04 8.32667688e+04
 8.23021827e+04 8.15255235e+04 8.07036116e+04 7.93767585e+04
 7.74089373e+04 7.45335526e+04 7.10892645e+04 6.75132854e+04
 6.39066253e+04 6.05253034e+04 5.71767698e+04 5.38700900e+04
 5.04976009e+04 4.70280092e+04 4.37258191e+04 4.05587967e+04
 3.76105205e+04 3.49623862e+04 3.28343669e+04 3.09530769e+04
 2.94317936e+04 2.81217611e+04 2.69701678e+04 2.61384191e+04
 2.52872380e+04 2.45618945e+04 2.34632282e+04 2.21847260e+04
 2.04833299e+04 1.84312946e+04 1.63504989e+04 1.42180418e+04
 1.21473339e+04 1.00651212e+04 8.07918132e+03 6.12599244e+03
 4.33846783e+03 2.81625450e+03 1.64900964e+03 9.07411182e+02
 3.82543468e+02 1.72786405e+02]",1,0.995778599656685,,2233621.3763441914
33,5638,61987212.0,12.531516,12.819747,13.908237,810.50757,810.49946-810.51567,813004248.8751415,65945752.63574219,153,65837531.07979758,99.8,65759072.95633277,99.7,[0.03],[0],"[(669.48798, 810.50708)]","[(98.62078, 82.76642)]","[12.181346 12.190311 12.199295 12.208267 12.21724  12.22619  12.235159
 12.244199 12.253165 12.262118 12.271076 12.280041 12.28898  12.298054
 12.306928 12.315883 12.324902 12.333908 12.343084 12.351871 12.360793
 12.369648 12.379234 12.388119 12.396816 12.405699 12.41456  12.423697
 12.432484 12.441451 12.450312 12.459036 12.468182 12.477024 12.485783
 12.494794 12.503691 12.512706 12.52161  12.530404 12.539337 12.548251
 12.557305 12.566324 12.575249 12.584221 12.593281 12.602392 12.611384
 12.62053  12.629541 12.638676 12.647818 12.656816 12.665932 12.674966
 12.684089 12.693217 12.702349 12.711469 12.720364 12.729513 12.738532
 12.747543 12.756634 12.765623 12.774697 12.783797 12.792787 12.801824
 12.810698 12.819747 12.828796 12.83767  12.846707 12.855697 12.864797
 12.873871 12.88286  12.891951 12.900962 12.909981 12.91913  12.928025
 12.937145 12.946277 12.955405 12.964528 12.973562 12.982678 12.991676
 13.000818 13.009953 13.018964 13.02811  13.037102 13.046213 13.055273
 13.064245 13.07317  13.082189 13.091243 13.100157 13.10909  13.117884
 13.126788 13.135803 13.1447   13.153711 13.16247  13.171312 13.180458
 13.189182 13.198043 13.20701  13.215797 13.224934 13.233795 13.242678
 13.251375 13.26026  13.269846 13.278701 13.287623 13.29641  13.305586
 13.314592 13.323611 13.332566 13.34144  13.350514 13.359453 13.368418
 13.377376 13.386329 13.395295 13.404335 13.413304 13.422254 13.431227
 13.440199 13.449183 13.458148 13.467104 13.476047 13.484995 13.493902
 13.502776 13.511814 13.520776 13.529736 13.538748 13.547611 13.55671
 13.565685 13.574725 13.584136 13.593057 13.602043 13.611038 13.620077
 13.629204 13.63832  13.647327 13.656445 13.665366 13.674482 13.683488
 13.692464 13.701552 13.710639 13.719618 13.728588 13.737527 13.746569
 13.755608 13.764561 13.773505 13.78242  13.791432 13.800459 13.809394
 13.818317 13.827234 13.836252 13.845291 13.854221 13.863278 13.872203
 13.881233 13.890199 13.899145 13.908237]","[1.19535485e+02 1.66149759e+02 2.30162834e+02 3.17404325e+02
 4.35951463e+02 5.95866478e+02 8.11677143e+02 1.10380624e+03
 1.49120367e+03 2.00553503e+03 2.68679055e+03 3.58568767e+03
 4.76201132e+03 6.32520632e+03 8.31558819e+03 1.09154803e+04
 1.42974074e+04 1.86432004e+04 2.43291880e+04 3.12680512e+04
 4.01803301e+04 5.13310309e+04 6.66172014e+04 8.44719285e+04
 1.06164057e+05 1.33552180e+05 1.67244300e+05 2.10033846e+05
 2.60440259e+05 3.23067080e+05 3.98140693e+05 4.87184070e+05
 5.99508416e+05 7.29720179e+05 8.83127659e+05 1.07032745e+06
 1.28885554e+06 1.54949102e+06 1.85113154e+06 2.19797319e+06
 2.60644024e+06 3.07729422e+06 3.62774568e+06 4.25636376e+06
 4.96545393e+06 5.77389140e+06 6.69617982e+06 7.73980807e+06
 8.89251172e+06 1.01983510e+07 1.16241383e+07 1.32176318e+07
 1.49676895e+07 1.68466360e+07 1.89117686e+07 2.11202532e+07
 2.35136451e+07 2.60697726e+07 2.87834838e+07 3.16421042e+07
 3.45631617e+07 3.76915584e+07 4.08828326e+07 4.41593586e+07
 4.75329719e+07 5.09124597e+07 5.43420101e+07 5.77713662e+07
 6.11199171e+07 6.44157636e+07 6.75530665e+07 6.58491050e+07
 6.57824378e+07 6.48212009e+07 6.30566098e+07 6.05348297e+07
 5.74153537e+07 5.38398216e+07 4.99462044e+07 4.58644714e+07
 4.16930217e+07 3.75439887e+07 3.35636139e+07 2.98127402e+07
 2.63814157e+07 2.33095852e+07 2.06405764e+07 1.83524326e+07
 1.64185427e+07 1.47809944e+07 1.34113158e+07 1.22475198e+07
 1.12654042e+07 1.04185374e+07 9.66505424e+06 8.98500897e+06
 8.33547132e+06 7.69406626e+06 7.05415095e+06 6.42112316e+06
 5.80851256e+06 5.22469561e+06 4.67584589e+06 4.16797276e+06
 3.70786923e+06 3.29523598e+06 2.93036435e+06 2.61088178e+06
 2.33895699e+06 2.11062393e+06 1.91755697e+06 1.75851324e+06
 1.62831914e+06 1.52196554e+06 1.43367770e+06 1.35926982e+06
 1.29533983e+06 1.24248169e+06 1.19839207e+06 1.16151580e+06
 1.13238565e+06 1.10899442e+06 1.08978284e+06 1.07246732e+06
 1.05566558e+06 1.03897162e+06 1.02222383e+06 1.00474402e+06
 9.86909904e+05 9.69423687e+05 9.50336630e+05 9.28982529e+05
 9.04535337e+05 8.77686064e+05 8.48219164e+05 8.16226254e+05
 7.81668011e+05 7.43396045e+05 7.03307218e+05 6.62386704e+05
 6.22853522e+05 5.86615673e+05 5.54597031e+05 5.26279212e+05
 5.00659432e+05 4.78289421e+05 4.59006690e+05 4.41872584e+05
 4.25862665e+05 4.10602590e+05 3.96040452e+05 3.83230359e+05
 3.72908051e+05 3.65714834e+05 3.60917958e+05 3.57492825e+05
 3.54587657e+05 3.51880333e+05 3.48584239e+05 3.44676842e+05
 3.39572171e+05 3.33225940e+05 3.25313857e+05 3.16364949e+05
 3.06080195e+05 2.95212246e+05 2.83523966e+05 2.71523456e+05
 2.60153129e+05 2.49177206e+05 2.38616425e+05 2.28672936e+05
 2.18632619e+05 2.07971873e+05 1.96066025e+05 1.83203775e+05
 1.69782357e+05 1.56635052e+05 1.44431106e+05 1.34402234e+05
 1.26497994e+05 1.20818900e+05 1.17258800e+05 1.15633266e+05
 1.14759183e+05 1.14737455e+05 1.14413502e+05 1.13434415e+05
 1.11955806e+05 1.09861086e+05 1.08014122e+05 1.06904600e+05
 1.06836284e+05]",1,0.9938368883408945,,67553066.48753497
34,6632,1980466.2,14.828674,15.064605,15.480656,812.52197,812.51385-812.5301,40406768.20140685,2526115.513317108,72,2253512.023488739,89.2,2276246.5488948678,90.1,[1.33],[0],"[(671.50403, 812.52332)]","[(100.0, 98.97663)]","[14.648674 14.658674 14.668674 14.678674 14.688674 14.698674 14.708674
 14.718674 14.728674 14.738674 14.748674 14.758674 14.768674 14.778674
 14.788674 14.798674 14.808674 14.818674 14.828674 14.837783 14.84686
 14.856023 14.865189 14.874264 14.883317 14.89246  14.901622 14.910744
 14.919793 14.928817 14.937959 14.947101 14.956205 14.965105 14.974204
 14.9832   14.992311 15.001395 15.010264 15.019364 15.028348 15.037441
 15.046529 15.055499 15.064605 15.073711 15.082681 15.091769 15.100862
 15.109846 15.118946 15.127815 15.136899 15.14601  15.155006 15.164105
 15.173005 15.182109 15.191251 15.200393 15.209417 15.218466 15.227588
 15.23675  15.245893 15.254946 15.264021 15.273187 15.28235  15.291427
 15.300536 15.310536 15.320536 15.330536 15.340536 15.350536 15.360536
 15.370536 15.380536 15.390536 15.400536 15.410536 15.420536 15.430536
 15.440536 15.450536 15.460536 15.470536 15.480536]","[9.10583204e+01 1.46037871e+02 2.31623686e+02 3.63305574e+02
 5.63550410e+02 8.64500196e+02 1.31150225e+03 1.96763527e+03
 2.91938770e+03 4.28361635e+03 6.21585646e+03 8.91996199e+03
 1.26589198e+04 1.77665011e+04 2.46591887e+04 3.38475531e+04
 4.59459663e+04 6.16792546e+04 2.53909824e+05 2.62000838e+05
 2.70880270e+05 2.81483818e+05 2.95179270e+05 3.14876993e+05
 3.42806036e+05 3.81942923e+05 4.34188998e+05 5.01532354e+05
 5.85412980e+05 6.86402974e+05 8.04549082e+05 9.39663934e+05
 1.08955584e+06 1.25217900e+06 1.42189979e+06 1.59552114e+06
 1.76735058e+06 1.93174181e+06 2.08602058e+06 2.22456907e+06
 2.34248308e+06 2.43359078e+06 2.49471483e+06 2.52411169e+06
 2.52450392e+06 2.55702764e+06 2.48776821e+06 2.39753839e+06
 2.28939779e+06 2.16768658e+06 2.03232185e+06 1.89169854e+06
 1.74188422e+06 1.58883215e+06 1.43783287e+06 1.28785614e+06
 1.14605454e+06 1.00791734e+06 8.77778072e+05 7.57371853e+05
 6.48788382e+05 5.50506624e+05 4.62215869e+05 3.84193533e+05
 3.16505534e+05 2.58859573e+05 2.09683055e+05 1.67922331e+05
 1.33238747e+05 1.04978080e+05 8.18846433e+04 6.16792546e+04
 4.59459663e+04 3.38475531e+04 2.46591887e+04 1.77665011e+04
 1.26589198e+04 8.91996199e+03 6.21585646e+03 4.28361635e+03
 2.91938770e+03 1.96763527e+03 1.31150225e+03 8.64500196e+02
 5.63550410e+02 3.63305574e+02 2.31623686e+02 1.46037871e+02
 9.10583204e+01]",1,0.9925354903988758,,2557027.6387178553
35,6347,4002093.0,14.197657,14.415015,14.828674,812.52203,812.51391-812.53016,57684039.68005944,4652367.592514038,70,4485083.71529071,96.4,4373628.133544426,94.0,[9.06],[0],"[(671.50397, 812.52179)]","[(100.0, 81.77147)]","[13.871356 13.881356 13.891356 13.901356 13.911356 13.921356 13.931356
 13.941356 13.951356 13.961356 13.971356 13.981356 13.991356 14.001356
 14.001356 14.010442 14.019586 14.028725 14.037759 14.046795 14.055823
 14.064933 14.074026 14.082899 14.091873 14.100841 14.109827 14.118887
 14.127791 14.136633 14.1456   14.154553 14.163546 14.172425 14.18135
 14.19031  14.19936  14.208374 14.217246 14.226167 14.235147 14.244178
 14.253216 14.262103 14.271022 14.280012 14.289041 14.298079 14.307042
 14.315951 14.324951 14.333992 14.343024 14.351987 14.3609   14.369895
 14.378941 14.38799  14.397066 14.405943 14.415015 14.424087 14.432964
 14.44204  14.451089 14.460135 14.46913  14.478043 14.487006 14.496038
 14.505079 14.514079 14.522988 14.531951 14.540989 14.550018 14.559008
 14.567927 14.576814 14.585852 14.594883 14.603863 14.612784 14.621656
 14.63067  14.63972  14.64868  14.657605 14.666484 14.675477 14.68443
 14.693397 14.702239 14.711143 14.720203 14.729189 14.738157 14.747131
 14.756004 14.765097 14.774207 14.783235 14.792271 14.801305 14.810444
 14.819588 14.828674 14.828674 14.838674 14.848674 14.858674 14.868674
 14.878674 14.888674 14.898674 14.908674 14.918674 14.928674 14.938674
 14.948674 14.958674 14.968674]","[1.11842372e+02 1.57574592e+02 2.20795715e+02 3.07694492e+02
 4.26455216e+02 5.87830031e+02 8.05850977e+02 1.09870812e+03
 1.48982260e+03 2.00914561e+03 2.69471536e+03 3.59450433e+03
 4.76858747e+03 6.29165824e+03 6.29165824e+03 8.05524135e+03
 1.02824642e+04 1.30639166e+04 1.64780230e+04 2.06928294e+04
 2.58648625e+04 3.22491308e+04 4.00111665e+04 4.91682746e+04
 6.02983384e+04 7.36131562e+04 8.95082989e+04 1.08524691e+05
 1.30573036e+05 1.56226797e+05 1.86578763e+05 2.21790535e+05
 2.62689350e+05 3.09118873e+05 3.62482904e+05 4.23464977e+05
 4.93275978e+05 5.71695686e+05 6.58181695e+05 7.55056338e+05
 8.63173485e+05 9.83139264e+05 1.11490077e+06 1.25618281e+06
 1.40984014e+06 1.57678929e+06 1.75653178e+06 1.94825468e+06
 2.14954163e+06 2.35992218e+06 2.58195930e+06 2.81346674e+06
 3.05181592e+06 3.29374121e+06 3.53788300e+06 3.78590755e+06
 4.03482865e+06 4.28099404e+06 4.52258897e+06 4.75131743e+06
 4.64462003e+06 4.63936613e+06 4.55415600e+06 4.40398011e+06
 4.20692101e+06 3.97696687e+06 3.72322403e+06 3.45401197e+06
 3.17333764e+06 2.89093117e+06 2.60767708e+06 2.33237317e+06
 2.06761153e+06 1.81938198e+06 1.59142179e+06 1.38815219e+06
 1.21073092e+06 1.05876569e+06 9.31042338e+05 8.24251147e+05
 7.36420860e+05 6.64127723e+05 6.04563974e+05 5.56617728e+05
 5.17354993e+05 4.86341941e+05 4.60759970e+05 4.39756935e+05
 4.22070339e+05 4.07291876e+05 3.93535042e+05 3.79808729e+05
 3.65207080e+05 3.49731465e+05 3.34543083e+05 3.20016182e+05
 3.08679451e+05 3.00699048e+05 2.95929008e+05 2.93741457e+05
 2.91624604e+05 2.88510728e+05 2.83547283e+05 2.75944672e+05
 2.66501727e+05 2.57211160e+05 2.48791606e+05 6.29165824e+03
 4.76858747e+03 3.59450433e+03 2.69471536e+03 2.00914561e+03
 1.48982260e+03 1.09870812e+03 8.05850977e+02 5.87830031e+02
 4.26455216e+02 3.07694492e+02 2.20795715e+02 1.57574592e+02
 1.11842372e+02 7.89498258e+01]",1,0.9833551488869929,,4751317.432049376
36,6211,12985521.0,13.746569,14.071036,14.693397,836.52222,836.51385-836.53058,189531082.12706333,15381034.161621094,98,15359034.117881954,99.9,15233285.026300794,99.0,[9.98],[0],"[(695.50293, 836.52344)]","[(99.05482, 95.48545)]","[13.378675 13.388675 13.398675 13.408675 13.418675 13.428675 13.438675
 13.448675 13.448675 13.457642 13.466595 13.475588 13.484467 13.493392
 13.502352 13.511402 13.520416 13.529288 13.538209 13.547189 13.55622
 13.565258 13.574145 13.583064 13.592054 13.601083 13.610121 13.619084
 13.627993 13.636993 13.646034 13.655066 13.664029 13.672942 13.681937
 13.690983 13.700032 13.709108 13.717985 13.727057 13.736117 13.745194
 13.754276 13.76318  13.77226  13.781387 13.790473 13.799566 13.808593
 13.817673 13.8268   13.835789 13.844889 13.853989 13.862954 13.872059
 13.881114 13.890184 13.899246 13.908294 13.91737  13.92632  13.935359
 13.944415 13.95347  13.962508 13.971434 13.98048  13.989516 13.99857
 14.007613 14.016619 14.025665 14.03473  14.043816 14.052881 14.061937
 14.071036 14.080135 14.089191 14.098256 14.107342 14.116407 14.125453
 14.134459 14.143502 14.152556 14.161592 14.170638 14.179564 14.188602
 14.197657 14.206713 14.215752 14.224702 14.233778 14.242826 14.251888
 14.260958 14.270013 14.279118 14.288083 14.297183 14.306283 14.315272
 14.324399 14.333479 14.342506 14.351599 14.360685 14.369812 14.378892
 14.387796 14.396878 14.405955 14.415015 14.424087 14.432964 14.44204
 14.451089 14.460135 14.46913  14.478043 14.487006 14.496038 14.505079
 14.514079 14.522988 14.531951 14.540989 14.550018 14.559008 14.567927
 14.576814 14.585852 14.594883 14.603863 14.612784 14.621656 14.63067
 14.63972  14.64868  14.657605 14.666484 14.675477 14.68443  14.693397
 14.693397 14.703397 14.713397 14.723397 14.733397 14.743397 14.753397
 14.763397 14.773397]","[1.29151806e+02 1.70084507e+02 2.23300508e+02 2.92264015e+02
 3.81348165e+02 4.96053659e+02 6.43274499e+02 8.31619554e+02
 8.31619554e+02 1.04422295e+03 1.30747389e+03 1.63466324e+03
 2.03297180e+03 2.52499749e+03 3.13102514e+03 3.88113818e+03
 4.79479702e+03 5.88941796e+03 7.22444986e+03 8.85212510e+03
 1.08318393e+04 1.32230370e+04 1.60489314e+04 1.94446625e+04
 2.35364022e+04 2.84413402e+04 3.42885009e+04 4.11711200e+04
 4.92597257e+04 5.88989601e+04 7.03047347e+04 8.36935271e+04
 9.92523305e+04 1.17303107e+05 1.38505573e+05 1.63283095e+05
 1.92018199e+05 2.25347121e+05 2.62887746e+05 3.06950417e+05
 3.57418482e+05 4.15247829e+05 4.81248301e+05 5.54757324e+05
 6.39681243e+05 7.36260638e+05 8.44728305e+05 9.66810893e+05
 1.10266896e+06 1.25540264e+06 1.42659183e+06 1.61393676e+06
 1.82403295e+06 2.05622083e+06 2.30807713e+06 2.58888491e+06
 2.89467740e+06 3.22899252e+06 3.59245807e+06 3.98609376e+06
 4.41307700e+06 4.86677856e+06 5.35889699e+06 5.88695275e+06
 6.45064253e+06 7.04929664e+06 7.67603936e+06 8.34713063e+06
 9.05321508e+06 9.79584495e+06 1.05716667e+07 1.13768245e+07
 1.22164970e+07 1.30869325e+07 1.39860113e+07 1.49066943e+07
 1.58468296e+07 1.53590341e+07 1.53364330e+07 1.50635910e+07
 1.45742474e+07 1.38987731e+07 1.30934063e+07 1.21991332e+07
 1.12532117e+07 1.02907925e+07 9.33568605e+06 8.41029668e+06
 7.52762031e+06 6.70814756e+06 5.95346555e+06 5.27630351e+06
 4.67767679e+06 4.16088726e+06 3.71302305e+06 3.32916831e+06
 3.00009164e+06 2.71852718e+06 2.47987986e+06 2.28089830e+06
 2.11809321e+06 1.98887233e+06 1.88581013e+06 1.80058509e+06
 1.72231458e+06 1.64505979e+06 1.56511712e+06 1.48191093e+06
 1.39651189e+06 1.31213935e+06 1.22819368e+06 1.14805579e+06
 1.07088595e+06 9.95893224e+05 9.23066857e+05 8.53608135e+05
 7.86505289e+05 7.23236889e+05 6.65636649e+05 6.14695953e+05
 5.70815385e+05 5.32845967e+05 4.99743788e+05 4.70813539e+05
 4.43906902e+05 4.18365983e+05 3.92803555e+05 3.67403222e+05
 3.41905735e+05 3.16612671e+05 2.92195333e+05 2.69696169e+05
 2.49887620e+05 2.32787768e+05 2.17858870e+05 2.04705480e+05
 1.92548526e+05 1.80899763e+05 1.69696058e+05 1.59188816e+05
 1.49854064e+05 1.41978729e+05 1.35482991e+05 1.31370929e+05
 1.29407582e+05 1.28876984e+05 1.29798832e+05 8.31619554e+02
 6.43274499e+02 4.96053659e+02 3.81348165e+02 2.92264015e+02
 2.23300508e+02 1.70084507e+02 1.29151806e+02 9.77680355e+01]",1,0.9889287595227161,,15846829.641167752
